Datetime (UTC),Country,Zone name,Zone id,Carbon intensity gCO₂eq/kWh (direct),Carbon intensity gCO₂eq/kWh (Life cycle),Carbon-free energy percentage (CFE%),Renewable energy percentage (RE%),Data source,Data estimated,Data estimation method
2024-01-01T00:00:00.000000,France,France,FR,13.95,30.19,96.46,36.68,opendata.reseaux-energies.fr,false,""
2024-01-01T01:00:00.000000,France,France,FR,14.68,31.14,96.33,36.41,opendata.reseaux-energies.fr,false,""
2024-01-01T02:00:00.000000,France,France,FR,16.41,33.37,95.94,31.77,opendata.reseaux-energies.fr,false,""
2024-01-01T03:00:00.000000,France,France,FR,16.81,33.93,95.83,29.95,opendata.reseaux-energies.fr,false,""
2024-01-01T04:00:00.000000,France,France,FR,16.98,34.18,95.79,29.96,opendata.reseaux-energies.fr,false,""
2024-01-01T05:00:00.000000,France,France,FR,17.43,34.67,95.7,29.4,opendata.reseaux-energies.fr,false,""
2024-01-01T06:00:00.000000,France,France,FR,17.62,34.83,95.68,29.09,opendata.reseaux-energies.fr,false,""
2024-01-01T07:00:00.000000,France,France,FR,16.49,33.5,95.92,32.26,opendata.reseaux-energies.fr,false,""
2024-01-01T08:00:00.000000,France,France,FR,15.54,32.49,96.1,34.57,opendata.reseaux-energies.fr,false,""
2024-01-01T09:00:00.000000,France,France,FR,14.85,31.91,96.26,34.93,opendata.reseaux-energies.fr,false,""
2024-01-01T10:00:00.000000,France,France,FR,14.2,31.61,96.4,35.96,opendata.reseaux-energies.fr,false,""
2024-01-01T11:00:00.000000,France,France,FR,13.84,31.45,96.46,36.87,opendata.reseaux-energies.fr,false,""
2024-01-01T12:00:00.000000,France,France,FR,13.58,31.14,96.51,36.97,opendata.reseaux-energies.fr,false,""
2024-01-01T13:00:00.000000,France,France,FR,13.29,30.59,96.58,36.13,opendata.reseaux-energies.fr,false,""
2024-01-01T14:00:00.000000,France,France,FR,14.4,31.58,96.37,35.05,opendata.reseaux-energies.fr,false,""
2024-01-01T15:00:00.000000,France,France,FR,13.32,29.23,96.59,32.47,opendata.reseaux-energies.fr,false,""
2024-01-01T16:00:00.000000,France,France,FR,12.52,27.48,96.78,30.62,opendata.reseaux-energies.fr,false,""
2024-01-01T17:00:00.000000,France,France,FR,12.02,26.68,96.91,32.13,opendata.reseaux-energies.fr,false,""
2024-01-01T18:00:00.000000,France,France,FR,11.52,26.08,97.04,34.18,opendata.reseaux-energies.fr,false,""
2024-01-01T19:00:00.000000,France,France,FR,11.55,26.21,97.03,35.09,opendata.reseaux-energies.fr,false,""
2024-01-01T20:00:00.000000,France,France,FR,11.63,26.49,97.0,35.86,opendata.reseaux-energies.fr,false,""
2024-01-01T21:00:00.000000,France,France,FR,11.69,26.61,96.99,36.16,opendata.reseaux-energies.fr,false,""
2024-01-01T22:00:00.000000,France,France,FR,11.64,26.56,97.0,36.4,opendata.reseaux-energies.fr,false,""
2024-01-01T23:00:00.000000,France,France,FR,12.45,27.77,96.78,36.89,opendata.reseaux-energies.fr,false,""
2024-01-02T00:00:00.000000,France,France,FR,12.26,27.49,96.83,37.0,opendata.reseaux-energies.fr,false,""
2024-01-02T01:00:00.000000,France,France,FR,12.37,27.63,96.81,36.9,opendata.reseaux-energies.fr,false,""
2024-01-02T02:00:00.000000,France,France,FR,13.03,28.78,96.64,37.64,opendata.reseaux-energies.fr,false,""
2024-01-02T03:00:00.000000,France,France,FR,13.34,29.33,96.56,38.16,opendata.reseaux-energies.fr,false,""
2024-01-02T04:00:00.000000,France,France,FR,13.35,29.28,96.55,37.83,opendata.reseaux-energies.fr,false,""
2024-01-02T05:00:00.000000,France,France,FR,12.55,27.87,96.75,36.36,opendata.reseaux-energies.fr,false,""
2024-01-02T06:00:00.000000,France,France,FR,11.94,26.76,96.91,35.47,opendata.reseaux-energies.fr,false,""
2024-01-02T07:00:00.000000,France,France,FR,12.12,26.93,96.86,36.16,opendata.reseaux-energies.fr,false,""
2024-01-02T08:00:00.000000,France,France,FR,12.22,27.04,96.84,36.59,opendata.reseaux-energies.fr,false,""
2024-01-02T09:00:00.000000,France,France,FR,11.98,26.8,96.91,37.11,opendata.reseaux-energies.fr,false,""
2024-01-02T10:00:00.000000,France,France,FR,11.7,26.62,96.99,37.55,opendata.reseaux-energies.fr,false,""
2024-01-02T11:00:00.000000,France,France,FR,11.84,26.83,96.94,37.72,opendata.reseaux-energies.fr,false,""
2024-01-02T12:00:00.000000,France,France,FR,11.71,26.7,96.98,37.86,opendata.reseaux-energies.fr,false,""
2024-01-02T13:00:00.000000,France,France,FR,11.73,26.68,96.97,37.83,opendata.reseaux-energies.fr,false,""
2024-01-02T14:00:00.000000,France,France,FR,11.66,26.53,97.0,37.46,opendata.reseaux-energies.fr,false,""
2024-01-02T15:00:00.000000,France,France,FR,11.92,26.78,96.92,36.47,opendata.reseaux-energies.fr,false,""
2024-01-02T16:00:00.000000,France,France,FR,12.06,26.83,96.88,35.99,opendata.reseaux-energies.fr,false,""
2024-01-02T17:00:00.000000,France,France,FR,11.88,26.54,96.92,36.4,opendata.reseaux-energies.fr,false,""
2024-01-02T18:00:00.000000,France,France,FR,11.8,26.32,96.95,36.51,opendata.reseaux-energies.fr,false,""
2024-01-02T19:00:00.000000,France,France,FR,11.88,26.47,96.92,36.37,opendata.reseaux-energies.fr,false,""
2024-01-02T20:00:00.000000,France,France,FR,12.07,26.88,96.87,35.88,opendata.reseaux-energies.fr,false,""
2024-01-02T21:00:00.000000,France,France,FR,12.42,27.46,96.78,35.69,opendata.reseaux-energies.fr,false,""
2024-01-02T22:00:00.000000,France,France,FR,12.55,27.71,96.74,35.89,opendata.reseaux-energies.fr,false,""
2024-01-02T23:00:00.000000,France,France,FR,12.62,27.84,96.73,35.82,opendata.reseaux-energies.fr,false,""
2024-01-03T00:00:00.000000,France,France,FR,12.95,28.37,96.64,35.65,opendata.reseaux-energies.fr,false,""
2024-01-03T01:00:00.000000,France,France,FR,14.11,29.8,96.35,30.54,opendata.reseaux-energies.fr,false,""
2024-01-03T02:00:00.000000,France,France,FR,14.47,30.3,96.25,29.34,opendata.reseaux-energies.fr,false,""
2024-01-03T03:00:00.000000,France,France,FR,14.7,30.64,96.18,28.97,opendata.reseaux-energies.fr,false,""
2024-01-03T04:00:00.000000,France,France,FR,13.93,29.65,96.38,32.52,opendata.reseaux-energies.fr,false,""
2024-01-03T05:00:00.000000,France,France,FR,12.99,28.29,96.62,35.05,opendata.reseaux-energies.fr,false,""
2024-01-03T06:00:00.000000,France,France,FR,12.55,27.46,96.74,34.7,opendata.reseaux-energies.fr,false,""
2024-01-03T07:00:00.000000,France,France,FR,12.32,27.02,96.8,35.17,opendata.reseaux-energies.fr,false,""
2024-01-03T08:00:00.000000,France,France,FR,12.29,27.05,96.81,35.65,opendata.reseaux-energies.fr,false,""
2024-01-03T09:00:00.000000,France,France,FR,12.21,27.27,96.83,36.22,opendata.reseaux-energies.fr,false,""
2024-01-03T10:00:00.000000,France,France,FR,12.07,27.33,96.86,37.01,opendata.reseaux-energies.fr,false,""
2024-01-03T11:00:00.000000,France,France,FR,11.94,27.34,96.9,37.91,opendata.reseaux-energies.fr,false,""
2024-01-03T12:00:00.000000,France,France,FR,11.98,27.56,96.88,37.97,opendata.reseaux-energies.fr,false,""
2024-01-03T13:00:00.000000,France,France,FR,11.65,27.06,96.98,37.87,opendata.reseaux-energies.fr,false,""
2024-01-03T14:00:00.000000,France,France,FR,11.62,26.76,96.99,37.86,opendata.reseaux-energies.fr,false,""
2024-01-03T15:00:00.000000,France,France,FR,11.81,26.7,96.95,37.33,opendata.reseaux-energies.fr,false,""
2024-01-03T16:00:00.000000,France,France,FR,11.9,26.59,96.93,37.21,opendata.reseaux-energies.fr,false,""
2024-01-03T17:00:00.000000,France,France,FR,11.93,26.53,96.92,37.39,opendata.reseaux-energies.fr,false,""
2024-01-03T18:00:00.000000,France,France,FR,11.89,26.4,96.94,37.45,opendata.reseaux-energies.fr,false,""
2024-01-03T19:00:00.000000,France,France,FR,11.96,26.51,96.92,36.86,opendata.reseaux-energies.fr,false,""
2024-01-03T20:00:00.000000,France,France,FR,12.05,26.73,96.9,36.33,opendata.reseaux-energies.fr,false,""
2024-01-03T21:00:00.000000,France,France,FR,12.41,27.27,96.8,35.71,opendata.reseaux-energies.fr,false,""
2024-01-03T22:00:00.000000,France,France,FR,12.51,27.41,96.78,35.24,opendata.reseaux-energies.fr,false,""
2024-01-03T23:00:00.000000,France,France,FR,12.88,27.95,96.67,34.33,opendata.reseaux-energies.fr,false,""
2024-01-04T00:00:00.000000,France,France,FR,13.14,28.23,96.61,33.04,opendata.reseaux-energies.fr,false,""
2024-01-04T01:00:00.000000,France,France,FR,13.3,28.42,96.57,32.78,opendata.reseaux-energies.fr,false,""
2024-01-04T02:00:00.000000,France,France,FR,13.72,29.06,96.46,32.82,opendata.reseaux-energies.fr,false,""
2024-01-04T03:00:00.000000,France,France,FR,13.82,29.1,96.44,31.75,opendata.reseaux-energies.fr,false,""
2024-01-04T04:00:00.000000,France,France,FR,13.97,29.25,96.39,31.2,opendata.reseaux-energies.fr,false,""
2024-01-04T05:00:00.000000,France,France,FR,14.8,30.18,96.16,30.53,opendata.reseaux-energies.fr,false,""
2024-01-04T06:00:00.000000,France,France,FR,17.4,33.43,95.44,30.36,opendata.reseaux-energies.fr,false,""
2024-01-04T07:00:00.000000,France,France,FR,20.09,36.81,94.71,30.1,opendata.reseaux-energies.fr,false,""
2024-01-04T08:00:00.000000,France,France,FR,22.12,39.6,94.14,30.38,opendata.reseaux-energies.fr,false,""
2024-01-04T09:00:00.000000,France,France,FR,23.1,41.33,93.86,31.36,opendata.reseaux-energies.fr,false,""
2024-01-04T10:00:00.000000,France,France,FR,23.88,42.76,93.64,32.04,opendata.reseaux-energies.fr,false,""
2024-01-04T11:00:00.000000,France,France,FR,24.81,44.34,93.39,32.54,opendata.reseaux-energies.fr,false,""
2024-01-04T12:00:00.000000,France,France,FR,24.61,44.06,93.44,32.49,opendata.reseaux-energies.fr,false,""
2024-01-04T13:00:00.000000,France,France,FR,24.97,44.38,93.34,31.76,opendata.reseaux-energies.fr,false,""
2024-01-04T14:00:00.000000,France,France,FR,25.56,44.81,93.18,31.1,opendata.reseaux-energies.fr,false,""
2024-01-04T15:00:00.000000,France,France,FR,24.82,43.49,93.39,30.95,opendata.reseaux-energies.fr,false,""
2024-01-04T16:00:00.000000,France,France,FR,24.78,43.14,93.4,32.16,opendata.reseaux-energies.fr,false,""
2024-01-04T17:00:00.000000,France,France,FR,24.86,43.23,93.37,34.15,opendata.reseaux-energies.fr,false,""
2024-01-04T18:00:00.000000,France,France,FR,24.41,42.64,93.5,34.61,opendata.reseaux-energies.fr,false,""
2024-01-04T19:00:00.000000,France,France,FR,24.62,42.96,93.44,34.24,opendata.reseaux-energies.fr,false,""
2024-01-04T20:00:00.000000,France,France,FR,23.89,42.11,93.64,33.14,opendata.reseaux-energies.fr,false,""
2024-01-04T21:00:00.000000,France,France,FR,23.25,41.31,93.83,31.78,opendata.reseaux-energies.fr,false,""
2024-01-04T22:00:00.000000,France,France,FR,24.79,43.3,93.4,31.42,opendata.reseaux-energies.fr,false,""
2024-01-04T23:00:00.000000,France,France,FR,23.24,41.37,93.83,30.79,opendata.reseaux-energies.fr,false,""
2024-01-05T00:00:00.000000,France,France,FR,18.22,34.83,95.21,30.46,opendata.reseaux-energies.fr,false,""
2024-01-05T01:00:00.000000,France,France,FR,17.15,33.4,95.51,29.65,opendata.reseaux-energies.fr,false,""
2024-01-05T02:00:00.000000,France,France,FR,15.88,31.76,95.86,29.4,opendata.reseaux-energies.fr,false,""
2024-01-05T03:00:00.000000,France,France,FR,17.21,33.51,95.5,29.22,opendata.reseaux-energies.fr,false,""
2024-01-05T04:00:00.000000,France,France,FR,19.22,35.97,95.02,28.64,opendata.reseaux-energies.fr,false,""
2024-01-05T05:00:00.000000,France,France,FR,20.45,37.39,94.77,28.41,opendata.reseaux-energies.fr,false,""
2024-01-05T06:00:00.000000,France,France,FR,22.65,40.26,94.13,28.53,opendata.reseaux-energies.fr,false,""
2024-01-05T07:00:00.000000,France,France,FR,26.53,45.28,93.01,27.99,opendata.reseaux-energies.fr,false,""
2024-01-05T08:00:00.000000,France,France,FR,30.17,50.0,92.05,28.01,opendata.reseaux-energies.fr,false,""
2024-01-05T09:00:00.000000,France,France,FR,29.55,49.41,92.25,28.59,opendata.reseaux-energies.fr,false,""
2024-01-05T10:00:00.000000,France,France,FR,29.34,49.5,92.29,28.73,opendata.reseaux-energies.fr,false,""
2024-01-05T11:00:00.000000,France,France,FR,29.11,49.43,92.36,29.83,opendata.reseaux-energies.fr,false,""
2024-01-05T12:00:00.000000,France,France,FR,28.84,49.17,92.43,29.87,opendata.reseaux-energies.fr,false,""
2024-01-05T13:00:00.000000,France,France,FR,29.04,49.34,92.38,29.4,opendata.reseaux-energies.fr,false,""
2024-01-05T14:00:00.000000,France,France,FR,28.49,48.4,92.52,28.48,opendata.reseaux-energies.fr,false,""
2024-01-05T15:00:00.000000,France,France,FR,29.71,49.67,92.19,27.0,opendata.reseaux-energies.fr,false,""
2024-01-05T16:00:00.000000,France,France,FR,31.12,51.16,91.81,26.28,opendata.reseaux-energies.fr,false,""
2024-01-05T17:00:00.000000,France,France,FR,31.75,51.84,91.64,26.92,opendata.reseaux-energies.fr,false,""
2024-01-05T18:00:00.000000,France,France,FR,31.59,51.61,91.69,27.25,opendata.reseaux-energies.fr,false,""
2024-01-05T19:00:00.000000,France,France,FR,31.65,51.75,91.67,26.67,opendata.reseaux-energies.fr,false,""
2024-01-05T20:00:00.000000,France,France,FR,31.39,51.47,91.75,25.86,opendata.reseaux-energies.fr,false,""
2024-01-05T21:00:00.000000,France,France,FR,31.68,51.93,91.68,24.91,opendata.reseaux-energies.fr,false,""
2024-01-05T22:00:00.000000,France,France,FR,32.87,53.47,91.36,24.91,opendata.reseaux-energies.fr,false,""
2024-01-05T23:00:00.000000,France,France,FR,27.86,46.9,92.79,24.96,opendata.reseaux-energies.fr,false,""
2024-01-06T00:00:00.000000,France,France,FR,19.78,36.42,95.06,25.01,opendata.reseaux-energies.fr,false,""
2024-01-06T01:00:00.000000,France,France,FR,19.49,36.06,95.14,24.49,opendata.reseaux-energies.fr,false,""
2024-01-06T02:00:00.000000,France,France,FR,20.15,37.01,94.96,24.83,opendata.reseaux-energies.fr,false,""
2024-01-06T03:00:00.000000,France,France,FR,20.1,36.91,94.98,24.72,opendata.reseaux-energies.fr,false,""
2024-01-06T04:00:00.000000,France,France,FR,20.13,36.92,94.99,24.72,opendata.reseaux-energies.fr,false,""
2024-01-06T05:00:00.000000,France,France,FR,19.04,35.43,95.24,24.32,opendata.reseaux-energies.fr,false,""
2024-01-06T06:00:00.000000,France,France,FR,19.48,36.01,95.1,24.44,opendata.reseaux-energies.fr,false,""
2024-01-06T07:00:00.000000,France,France,FR,21.0,38.01,94.67,24.88,opendata.reseaux-energies.fr,false,""
2024-01-06T08:00:00.000000,France,France,FR,27.7,46.91,92.8,25.91,opendata.reseaux-energies.fr,false,""
2024-01-06T09:00:00.000000,France,France,FR,26.29,45.59,93.15,28.57,opendata.reseaux-energies.fr,false,""
2024-01-06T10:00:00.000000,France,France,FR,24.37,43.52,93.64,30.0,opendata.reseaux-energies.fr,false,""
2024-01-06T11:00:00.000000,France,France,FR,24.01,43.24,93.73,31.01,opendata.reseaux-energies.fr,false,""
2024-01-06T12:00:00.000000,France,France,FR,22.55,41.32,94.13,30.99,opendata.reseaux-energies.fr,false,""
2024-01-06T13:00:00.000000,France,France,FR,23.8,42.85,93.79,30.46,opendata.reseaux-energies.fr,false,""
2024-01-06T14:00:00.000000,France,France,FR,25.53,44.87,93.32,29.87,opendata.reseaux-energies.fr,false,""
2024-01-06T15:00:00.000000,France,France,FR,25.76,44.8,93.28,28.09,opendata.reseaux-energies.fr,false,""
2024-01-06T16:00:00.000000,France,France,FR,27.29,46.33,92.9,27.32,opendata.reseaux-energies.fr,false,""
2024-01-06T17:00:00.000000,France,France,FR,27.26,46.07,92.93,28.38,opendata.reseaux-energies.fr,false,""
2024-01-06T18:00:00.000000,France,France,FR,26.83,45.56,93.02,29.4,opendata.reseaux-energies.fr,false,""
2024-01-06T19:00:00.000000,France,France,FR,25.88,44.35,93.26,28.77,opendata.reseaux-energies.fr,false,""
2024-01-06T20:00:00.000000,France,France,FR,22.42,39.92,94.15,27.65,opendata.reseaux-energies.fr,false,""
2024-01-06T21:00:00.000000,France,France,FR,20.55,37.44,94.74,26.91,opendata.reseaux-energies.fr,false,""
2024-01-06T22:00:00.000000,France,France,FR,21.61,38.81,94.47,27.08,opendata.reseaux-energies.fr,false,""
2024-01-06T23:00:00.000000,France,France,FR,20.01,36.79,94.85,25.9,opendata.reseaux-energies.fr,false,""
2024-01-07T00:00:00.000000,France,France,FR,18.11,34.31,95.45,25.43,opendata.reseaux-energies.fr,false,""
2024-01-07T01:00:00.000000,France,France,FR,19.21,35.73,95.23,25.51,opendata.reseaux-energies.fr,false,""
2024-01-07T02:00:00.000000,France,France,FR,18.78,35.14,95.33,25.31,opendata.reseaux-energies.fr,false,""
2024-01-07T03:00:00.000000,France,France,FR,18.92,35.37,95.25,24.81,opendata.reseaux-energies.fr,false,""
2024-01-07T04:00:00.000000,France,France,FR,19.36,35.93,95.15,24.95,opendata.reseaux-energies.fr,false,""
2024-01-07T05:00:00.000000,France,France,FR,19.5,36.05,95.12,25.05,opendata.reseaux-energies.fr,false,""
2024-01-07T06:00:00.000000,France,France,FR,19.52,36.08,95.08,25.46,opendata.reseaux-energies.fr,false,""
2024-01-07T07:00:00.000000,France,France,FR,19.47,35.97,95.08,25.64,opendata.reseaux-energies.fr,false,""
2024-01-07T08:00:00.000000,France,France,FR,21.28,38.46,94.61,27.08,opendata.reseaux-energies.fr,false,""
2024-01-07T09:00:00.000000,France,France,FR,20.48,37.93,94.8,29.21,opendata.reseaux-energies.fr,false,""
2024-01-07T10:00:00.000000,France,France,FR,19.26,36.66,95.09,29.63,opendata.reseaux-energies.fr,false,""
2024-01-07T11:00:00.000000,France,France,FR,18.37,35.56,95.32,30.53,opendata.reseaux-energies.fr,false,""
2024-01-07T12:00:00.000000,France,France,FR,17.73,34.74,95.49,30.77,opendata.reseaux-energies.fr,false,""
2024-01-07T13:00:00.000000,France,France,FR,17.58,34.38,95.53,29.71,opendata.reseaux-energies.fr,false,""
2024-01-07T14:00:00.000000,France,France,FR,19.97,37.31,94.89,29.47,opendata.reseaux-energies.fr,false,""
2024-01-07T15:00:00.000000,France,France,FR,22.91,40.83,94.1,28.9,opendata.reseaux-energies.fr,false,""
2024-01-07T16:00:00.000000,France,France,FR,26.14,44.72,93.23,28.28,opendata.reseaux-energies.fr,false,""
2024-01-07T17:00:00.000000,France,France,FR,25.94,44.31,93.25,29.47,opendata.reseaux-energies.fr,false,""
2024-01-07T18:00:00.000000,France,France,FR,25.67,43.96,93.23,29.88,opendata.reseaux-energies.fr,false,""
2024-01-07T19:00:00.000000,France,France,FR,25.43,43.72,93.23,29.46,opendata.reseaux-energies.fr,false,""
2024-01-07T20:00:00.000000,France,France,FR,25.23,43.51,93.27,29.17,opendata.reseaux-energies.fr,false,""
2024-01-07T21:00:00.000000,France,France,FR,24.92,43.11,93.38,28.55,opendata.reseaux-energies.fr,false,""
2024-01-07T22:00:00.000000,France,France,FR,25.55,43.89,93.19,28.02,opendata.reseaux-energies.fr,false,""
2024-01-07T23:00:00.000000,France,France,FR,23.86,41.72,93.66,27.81,opendata.reseaux-energies.fr,false,""
2024-01-08T00:00:00.000000,France,France,FR,19.81,36.45,94.77,27.62,opendata.reseaux-energies.fr,false,""
2024-01-08T01:00:00.000000,France,France,FR,20.42,37.27,94.61,27.43,opendata.reseaux-energies.fr,false,""
2024-01-08T02:00:00.000000,France,France,FR,21.39,38.58,94.34,27.14,opendata.reseaux-energies.fr,false,""
2024-01-08T03:00:00.000000,France,France,FR,22.1,39.51,94.15,27.08,opendata.reseaux-energies.fr,false,""
2024-01-08T04:00:00.000000,France,France,FR,22.34,39.83,94.08,27.36,opendata.reseaux-energies.fr,false,""
2024-01-08T05:00:00.000000,France,France,FR,27.72,46.73,92.64,27.8,opendata.reseaux-energies.fr,false,""
2024-01-08T06:00:00.000000,France,France,FR,38.55,60.88,89.73,28.27,opendata.reseaux-energies.fr,false,""
2024-01-08T07:00:00.000000,France,France,FR,40.68,63.52,89.16,29.39,opendata.reseaux-energies.fr,false,""
2024-01-08T08:00:00.000000,France,France,FR,38.19,60.17,89.81,30.55,opendata.reseaux-energies.fr,false,""
2024-01-08T09:00:00.000000,France,France,FR,38.15,60.3,89.84,31.24,opendata.reseaux-energies.fr,false,""
2024-01-08T10:00:00.000000,France,France,FR,38.6,61.06,89.87,31.15,opendata.reseaux-energies.fr,false,""
2024-01-08T11:00:00.000000,France,France,FR,39.67,62.78,89.55,30.78,opendata.reseaux-energies.fr,false,""
2024-01-08T12:00:00.000000,France,France,FR,40.74,64.12,89.34,30.52,opendata.reseaux-energies.fr,false,""
2024-01-08T13:00:00.000000,France,France,FR,40.84,64.18,89.26,29.96,opendata.reseaux-energies.fr,false,""
2024-01-08T14:00:00.000000,France,France,FR,41.93,65.47,88.89,29.17,opendata.reseaux-energies.fr,false,""
2024-01-08T15:00:00.000000,France,France,FR,42.81,66.32,88.65,28.26,opendata.reseaux-energies.fr,false,""
2024-01-08T16:00:00.000000,France,France,FR,43.65,67.02,88.5,27.41,opendata.reseaux-energies.fr,false,""
2024-01-08T17:00:00.000000,France,France,FR,44.89,68.81,88.09,27.61,opendata.reseaux-energies.fr,false,""
2024-01-08T18:00:00.000000,France,France,FR,45.62,69.84,87.88,28.0,opendata.reseaux-energies.fr,false,""
2024-01-08T19:00:00.000000,France,France,FR,45.55,69.68,87.89,27.12,opendata.reseaux-energies.fr,false,""
2024-01-08T20:00:00.000000,France,France,FR,46.44,70.99,87.68,26.38,opendata.reseaux-energies.fr,false,""
2024-01-08T21:00:00.000000,France,France,FR,44.92,69.11,88.05,25.3,opendata.reseaux-energies.fr,false,""
2024-01-08T22:00:00.000000,France,France,FR,48.97,74.65,86.96,24.4,opendata.reseaux-energies.fr,false,""
2024-01-08T23:00:00.000000,France,France,FR,47.53,72.83,87.31,22.95,opendata.reseaux-energies.fr,false,""
2024-01-09T00:00:00.000000,France,France,FR,47.5,72.79,87.31,22.11,opendata.reseaux-energies.fr,false,""
2024-01-09T01:00:00.000000,France,France,FR,47.63,72.88,87.27,21.98,opendata.reseaux-energies.fr,false,""
2024-01-09T02:00:00.000000,France,France,FR,46.13,70.79,87.64,21.52,opendata.reseaux-energies.fr,false,""
2024-01-09T03:00:00.000000,France,France,FR,45.64,69.99,87.86,21.28,opendata.reseaux-energies.fr,false,""
2024-01-09T04:00:00.000000,France,France,FR,48.4,73.39,87.36,22.41,opendata.reseaux-energies.fr,false,""
2024-01-09T05:00:00.000000,France,France,FR,50.55,76.16,86.82,22.96,opendata.reseaux-energies.fr,false,""
2024-01-09T06:00:00.000000,France,France,FR,51.27,76.7,86.8,25.2,opendata.reseaux-energies.fr,false,""
2024-01-09T07:00:00.000000,France,France,FR,50.06,74.81,87.21,25.91,opendata.reseaux-energies.fr,false,""
2024-01-09T08:00:00.000000,France,France,FR,49.41,74.07,87.37,26.31,opendata.reseaux-energies.fr,false,""
2024-01-09T09:00:00.000000,France,France,FR,50.42,75.7,87.18,26.9,opendata.reseaux-energies.fr,false,""
2024-01-09T10:00:00.000000,France,France,FR,50.78,76.58,87.12,27.22,opendata.reseaux-energies.fr,false,""
2024-01-09T11:00:00.000000,France,France,FR,50.21,76.12,87.22,27.13,opendata.reseaux-energies.fr,false,""
2024-01-09T12:00:00.000000,France,France,FR,52.25,78.48,86.89,26.9,opendata.reseaux-energies.fr,false,""
2024-01-09T13:00:00.000000,France,France,FR,52.94,79.22,86.7,26.45,opendata.reseaux-energies.fr,false,""
2024-01-09T14:00:00.000000,France,France,FR,52.58,78.39,86.83,25.96,opendata.reseaux-energies.fr,false,""
2024-01-09T15:00:00.000000,France,France,FR,47.62,72.87,87.34,25.47,opendata.reseaux-energies.fr,false,""
2024-01-09T16:00:00.000000,France,France,FR,46.55,71.03,87.67,25.0,opendata.reseaux-energies.fr,false,""
2024-01-09T17:00:00.000000,France,France,FR,47.32,71.9,87.51,25.43,opendata.reseaux-energies.fr,false,""
2024-01-09T18:00:00.000000,France,France,FR,56.54,83.8,86.17,25.21,opendata.reseaux-energies.fr,false,""
2024-01-09T19:00:00.000000,France,France,FR,55.95,83.03,86.38,24.07,opendata.reseaux-energies.fr,false,""
2024-01-09T20:00:00.000000,France,France,FR,60.36,88.6,85.35,21.88,opendata.reseaux-energies.fr,false,""
2024-01-09T21:00:00.000000,France,France,FR,61.85,90.66,84.83,20.34,opendata.reseaux-energies.fr,false,""
2024-01-09T22:00:00.000000,France,France,FR,60.79,89.37,84.95,19.91,opendata.reseaux-energies.fr,false,""
2024-01-09T23:00:00.000000,France,France,FR,55.52,82.89,85.59,19.33,opendata.reseaux-energies.fr,false,""
2024-01-10T00:00:00.000000,France,France,FR,53.19,79.84,85.85,18.57,opendata.reseaux-energies.fr,false,""
2024-01-10T01:00:00.000000,France,France,FR,52.98,79.58,85.86,18.31,opendata.reseaux-energies.fr,false,""
2024-01-10T02:00:00.000000,France,France,FR,51.44,77.54,86.24,17.63,opendata.reseaux-energies.fr,false,""
2024-01-10T03:00:00.000000,France,France,FR,51.42,77.6,86.22,17.49,opendata.reseaux-energies.fr,false,""
2024-01-10T04:00:00.000000,France,France,FR,53.77,80.61,85.62,17.98,opendata.reseaux-energies.fr,false,""
2024-01-10T05:00:00.000000,France,France,FR,54.34,81.29,85.5,19.86,opendata.reseaux-energies.fr,false,""
2024-01-10T06:00:00.000000,France,France,FR,51.67,77.75,86.24,22.55,opendata.reseaux-energies.fr,false,""
2024-01-10T07:00:00.000000,France,France,FR,50.51,76.11,86.57,23.75,opendata.reseaux-energies.fr,false,""
2024-01-10T08:00:00.000000,France,France,FR,47.61,72.24,87.35,24.41,opendata.reseaux-energies.fr,false,""
2024-01-10T09:00:00.000000,France,France,FR,49.17,74.19,87.2,24.45,opendata.reseaux-energies.fr,false,""
2024-01-10T10:00:00.000000,France,France,FR,54.21,80.13,86.55,24.08,opendata.reseaux-energies.fr,false,""
2024-01-10T11:00:00.000000,France,France,FR,55.05,81.28,86.4,24.16,opendata.reseaux-energies.fr,false,""
2024-01-10T12:00:00.000000,France,France,FR,53.08,79.2,86.54,23.22,opendata.reseaux-energies.fr,false,""
2024-01-10T13:00:00.000000,France,France,FR,51.6,77.87,86.41,22.72,opendata.reseaux-energies.fr,false,""
2024-01-10T14:00:00.000000,France,France,FR,49.58,75.17,86.84,23.05,opendata.reseaux-energies.fr,false,""
2024-01-10T15:00:00.000000,France,France,FR,48.42,73.44,87.14,23.34,opendata.reseaux-energies.fr,false,""
2024-01-10T16:00:00.000000,France,France,FR,47.3,71.88,87.4,23.47,opendata.reseaux-energies.fr,false,""
2024-01-10T17:00:00.000000,France,France,FR,53.71,80.04,86.59,24.14,opendata.reseaux-energies.fr,false,""
2024-01-10T18:00:00.000000,France,France,FR,53.6,79.84,86.75,24.79,opendata.reseaux-energies.fr,false,""
2024-01-10T19:00:00.000000,France,France,FR,51.75,77.42,87.17,24.09,opendata.reseaux-energies.fr,false,""
2024-01-10T20:00:00.000000,France,France,FR,52.79,78.87,86.89,23.05,opendata.reseaux-energies.fr,false,""
2024-01-10T21:00:00.000000,France,France,FR,56.79,84.17,85.87,21.83,opendata.reseaux-energies.fr,false,""
2024-01-10T22:00:00.000000,France,France,FR,57.35,84.96,85.75,21.99,opendata.reseaux-energies.fr,false,""
2024-01-10T23:00:00.000000,France,France,FR,51.94,78.22,86.2,22.18,opendata.reseaux-energies.fr,false,""
2024-01-11T00:00:00.000000,France,France,FR,49.83,75.43,86.76,22.33,opendata.reseaux-energies.fr,false,""
2024-01-11T01:00:00.000000,France,France,FR,50.15,75.75,86.64,22.65,opendata.reseaux-energies.fr,false,""
2024-01-11T02:00:00.000000,France,France,FR,49.59,75.02,86.8,22.4,opendata.reseaux-energies.fr,false,""
2024-01-11T03:00:00.000000,France,France,FR,51.09,76.93,86.52,22.56,opendata.reseaux-energies.fr,false,""
2024-01-11T04:00:00.000000,France,France,FR,52.76,78.84,86.29,22.74,opendata.reseaux-energies.fr,false,""
2024-01-11T05:00:00.000000,France,France,FR,54.53,81.14,85.82,23.24,opendata.reseaux-energies.fr,false,""
2024-01-11T06:00:00.000000,France,France,FR,52.73,78.54,86.4,25.72,opendata.reseaux-energies.fr,false,""
2024-01-11T07:00:00.000000,France,France,FR,54.19,79.64,86.86,26.84,opendata.reseaux-energies.fr,false,""
2024-01-11T08:00:00.000000,France,France,FR,53.4,78.39,87.22,27.17,opendata.reseaux-energies.fr,false,""
2024-01-11T09:00:00.000000,France,France,FR,52.11,77.17,87.41,27.4,opendata.reseaux-energies.fr,false,""
2024-01-11T10:00:00.000000,France,France,FR,54.98,81.19,86.73,26.31,opendata.reseaux-energies.fr,false,""
2024-01-11T11:00:00.000000,France,France,FR,54.78,81.26,86.77,26.39,opendata.reseaux-energies.fr,false,""
2024-01-11T12:00:00.000000,France,France,FR,49.84,76.08,87.37,26.33,opendata.reseaux-energies.fr,false,""
2024-01-11T13:00:00.000000,France,France,FR,45.22,70.01,88.23,26.85,opendata.reseaux-energies.fr,false,""
2024-01-11T14:00:00.000000,France,France,FR,42.1,65.48,88.94,27.96,opendata.reseaux-energies.fr,false,""
2024-01-11T15:00:00.000000,France,France,FR,43.51,66.71,88.73,28.02,opendata.reseaux-energies.fr,false,""
2024-01-11T16:00:00.000000,France,France,FR,45.15,68.26,88.48,28.16,opendata.reseaux-energies.fr,false,""
2024-01-11T17:00:00.000000,France,France,FR,46.49,69.9,88.21,29.45,opendata.reseaux-energies.fr,false,""
2024-01-11T18:00:00.000000,France,France,FR,45.82,68.85,88.49,30.36,opendata.reseaux-energies.fr,false,""
2024-01-11T19:00:00.000000,France,France,FR,44.38,67.0,88.82,29.32,opendata.reseaux-energies.fr,false,""
2024-01-11T20:00:00.000000,France,France,FR,45.54,68.59,88.42,27.8,opendata.reseaux-energies.fr,false,""
2024-01-11T21:00:00.000000,France,France,FR,50.92,75.85,86.99,25.92,opendata.reseaux-energies.fr,false,""
2024-01-11T22:00:00.000000,France,France,FR,52.71,78.28,86.53,24.92,opendata.reseaux-energies.fr,false,""
2024-01-11T23:00:00.000000,France,France,FR,54.63,80.94,85.98,23.54,opendata.reseaux-energies.fr,false,""
2024-01-12T00:00:00.000000,France,France,FR,53.12,78.85,86.47,23.23,opendata.reseaux-energies.fr,false,""
2024-01-12T01:00:00.000000,France,France,FR,52.37,77.87,86.72,23.73,opendata.reseaux-energies.fr,false,""
2024-01-12T02:00:00.000000,France,France,FR,48.93,73.39,87.61,23.79,opendata.reseaux-energies.fr,false,""
2024-01-12T03:00:00.000000,France,France,FR,48.28,72.52,87.81,23.78,opendata.reseaux-energies.fr,false,""
2024-01-12T04:00:00.000000,France,France,FR,53.39,79.31,86.45,23.32,opendata.reseaux-energies.fr,false,""
2024-01-12T05:00:00.000000,France,France,FR,58.5,85.9,85.2,23.44,opendata.reseaux-energies.fr,false,""
2024-01-12T06:00:00.000000,France,France,FR,56.41,82.58,85.93,25.2,opendata.reseaux-energies.fr,false,""
2024-01-12T07:00:00.000000,France,France,FR,53.09,78.24,86.72,26.57,opendata.reseaux-energies.fr,false,""
2024-01-12T08:00:00.000000,France,France,FR,50.06,74.3,87.5,27.2,opendata.reseaux-energies.fr,false,""
2024-01-12T09:00:00.000000,France,France,FR,48.68,72.72,88.0,28.17,opendata.reseaux-energies.fr,false,""
2024-01-12T10:00:00.000000,France,France,FR,50.23,74.87,87.74,28.3,opendata.reseaux-energies.fr,false,""
2024-01-12T11:00:00.000000,France,France,FR,51.56,76.43,87.58,28.46,opendata.reseaux-energies.fr,false,""
2024-01-12T12:00:00.000000,France,France,FR,51.89,76.77,87.58,28.06,opendata.reseaux-energies.fr,false,""
2024-01-12T13:00:00.000000,France,France,FR,51.67,76.39,87.64,27.27,opendata.reseaux-energies.fr,false,""
2024-01-12T14:00:00.000000,France,France,FR,52.3,76.93,87.46,26.84,opendata.reseaux-energies.fr,false,""
2024-01-12T15:00:00.000000,France,France,FR,53.83,78.29,87.15,25.55,opendata.reseaux-energies.fr,false,""
2024-01-12T16:00:00.000000,France,France,FR,54.17,78.26,87.14,24.82,opendata.reseaux-energies.fr,false,""
2024-01-12T17:00:00.000000,France,France,FR,53.76,77.76,87.3,25.56,opendata.reseaux-energies.fr,false,""
2024-01-12T18:00:00.000000,France,France,FR,52.59,76.49,87.45,25.85,opendata.reseaux-energies.fr,false,""
2024-01-12T19:00:00.000000,France,France,FR,54.02,78.3,87.18,24.95,opendata.reseaux-energies.fr,false,""
2024-01-12T20:00:00.000000,France,France,FR,50.77,74.86,87.43,22.75,opendata.reseaux-energies.fr,false,""
2024-01-12T21:00:00.000000,France,France,FR,52.28,77.01,86.96,21.55,opendata.reseaux-energies.fr,false,""
2024-01-12T22:00:00.000000,France,France,FR,55.95,81.6,86.3,21.19,opendata.reseaux-energies.fr,false,""
2024-01-12T23:00:00.000000,France,France,FR,55.4,80.74,86.48,20.11,opendata.reseaux-energies.fr,false,""
2024-01-13T00:00:00.000000,France,France,FR,51.81,76.07,87.53,19.93,opendata.reseaux-energies.fr,false,""
2024-01-13T01:00:00.000000,France,France,FR,50.84,74.53,88.14,20.09,opendata.reseaux-energies.fr,false,""
2024-01-13T02:00:00.000000,France,France,FR,48.07,70.93,88.9,18.33,opendata.reseaux-energies.fr,false,""
2024-01-13T03:00:00.000000,France,France,FR,45.3,67.75,89.2,17.5,opendata.reseaux-energies.fr,false,""
2024-01-13T04:00:00.000000,France,France,FR,46.16,68.73,89.09,16.98,opendata.reseaux-energies.fr,false,""
2024-01-13T05:00:00.000000,France,France,FR,46.19,68.87,88.99,18.02,opendata.reseaux-energies.fr,false,""
2024-01-13T06:00:00.000000,France,France,FR,50.86,74.92,87.73,18.94,opendata.reseaux-energies.fr,false,""
2024-01-13T07:00:00.000000,France,France,FR,52.29,77.16,87.07,20.5,opendata.reseaux-energies.fr,false,""
2024-01-13T08:00:00.000000,France,France,FR,52.27,77.07,87.2,22.26,opendata.reseaux-energies.fr,false,""
2024-01-13T09:00:00.000000,France,France,FR,52.42,77.46,87.37,24.4,opendata.reseaux-energies.fr,false,""
2024-01-13T10:00:00.000000,France,France,FR,54.88,81.18,87.23,24.78,opendata.reseaux-energies.fr,false,""
2024-01-13T11:00:00.000000,France,France,FR,60.06,87.93,86.76,25.26,opendata.reseaux-energies.fr,false,""
2024-01-13T12:00:00.000000,France,France,FR,58.24,86.17,86.92,24.19,opendata.reseaux-energies.fr,false,""
2024-01-13T13:00:00.000000,France,France,FR,56.94,84.4,86.99,24.15,opendata.reseaux-energies.fr,false,""
2024-01-13T14:00:00.000000,France,France,FR,55.12,81.72,86.98,22.7,opendata.reseaux-energies.fr,false,""
2024-01-13T15:00:00.000000,France,France,FR,52.1,77.38,86.94,21.26,opendata.reseaux-energies.fr,false,""
2024-01-13T16:00:00.000000,France,France,FR,53.83,79.13,86.62,21.03,opendata.reseaux-energies.fr,false,""
2024-01-13T17:00:00.000000,France,France,FR,56.76,82.43,86.37,22.68,opendata.reseaux-energies.fr,false,""
2024-01-13T18:00:00.000000,France,France,FR,59.98,85.92,86.01,23.29,opendata.reseaux-energies.fr,false,""
2024-01-13T19:00:00.000000,France,France,FR,61.16,87.21,85.8,21.99,opendata.reseaux-energies.fr,false,""
2024-01-13T20:00:00.000000,France,France,FR,61.76,87.9,85.68,20.4,opendata.reseaux-energies.fr,false,""
2024-01-13T21:00:00.000000,France,France,FR,58.84,84.52,86.23,19.59,opendata.reseaux-energies.fr,false,""
2024-01-13T22:00:00.000000,France,France,FR,58.9,84.92,85.85,18.99,opendata.reseaux-energies.fr,false,""
2024-01-13T23:00:00.000000,France,France,FR,58.79,84.61,86.09,19.15,opendata.reseaux-energies.fr,false,""
2024-01-14T00:00:00.000000,France,France,FR,47.44,70.38,88.93,20.15,opendata.reseaux-energies.fr,false,""
2024-01-14T01:00:00.000000,France,France,FR,43.34,65.09,90.09,20.33,opendata.reseaux-energies.fr,false,""
2024-01-14T02:00:00.000000,France,France,FR,38.52,58.79,91.45,19.86,opendata.reseaux-energies.fr,false,""
2024-01-14T03:00:00.000000,France,France,FR,35.77,55.47,91.94,19.1,opendata.reseaux-energies.fr,false,""
2024-01-14T04:00:00.000000,France,France,FR,36.13,55.82,91.89,18.83,opendata.reseaux-energies.fr,false,""
2024-01-14T05:00:00.000000,France,France,FR,39.01,59.12,91.56,19.2,opendata.reseaux-energies.fr,false,""
2024-01-14T06:00:00.000000,France,France,FR,39.12,59.23,91.53,19.48,opendata.reseaux-energies.fr,false,""
2024-01-14T07:00:00.000000,France,France,FR,40.04,60.39,91.37,20.47,opendata.reseaux-energies.fr,false,""
2024-01-14T08:00:00.000000,France,France,FR,40.22,60.91,91.27,21.69,opendata.reseaux-energies.fr,false,""
2024-01-14T09:00:00.000000,France,France,FR,40.0,61.21,91.12,23.49,opendata.reseaux-energies.fr,false,""
2024-01-14T10:00:00.000000,France,France,FR,40.3,62.4,90.56,24.9,opendata.reseaux-energies.fr,false,""
2024-01-14T11:00:00.000000,France,France,FR,40.34,62.73,90.58,26.37,opendata.reseaux-energies.fr,false,""
2024-01-14T12:00:00.000000,France,France,FR,33.75,54.86,91.68,25.85,opendata.reseaux-energies.fr,false,""
2024-01-14T13:00:00.000000,France,France,FR,35.18,56.59,91.26,24.16,opendata.reseaux-energies.fr,false,""
2024-01-14T14:00:00.000000,France,France,FR,36.33,57.78,90.86,22.3,opendata.reseaux-energies.fr,false,""
2024-01-14T15:00:00.000000,France,France,FR,33.52,54.07,91.24,21.26,opendata.reseaux-energies.fr,false,""
2024-01-14T16:00:00.000000,France,France,FR,35.32,55.98,90.86,20.95,opendata.reseaux-energies.fr,false,""
2024-01-14T17:00:00.000000,France,France,FR,42.85,64.77,89.87,23.25,opendata.reseaux-energies.fr,false,""
2024-01-14T18:00:00.000000,France,France,FR,43.74,65.82,89.67,23.13,opendata.reseaux-energies.fr,false,""
2024-01-14T19:00:00.000000,France,France,FR,43.34,65.62,89.41,21.55,opendata.reseaux-energies.fr,false,""
2024-01-14T20:00:00.000000,France,France,FR,41.06,62.44,90.32,21.12,opendata.reseaux-energies.fr,false,""
2024-01-14T21:00:00.000000,France,France,FR,34.41,53.92,92.07,21.33,opendata.reseaux-energies.fr,false,""
2024-01-14T22:00:00.000000,France,France,FR,34.68,54.34,91.94,21.59,opendata.reseaux-energies.fr,false,""
2024-01-14T23:00:00.000000,France,France,FR,34.1,53.7,91.97,20.9,opendata.reseaux-energies.fr,false,""
2024-01-15T00:00:00.000000,France,France,FR,30.89,49.58,92.78,20.64,opendata.reseaux-energies.fr,false,""
2024-01-15T01:00:00.000000,France,France,FR,32.1,51.03,92.56,20.23,opendata.reseaux-energies.fr,false,""
2024-01-15T02:00:00.000000,France,France,FR,29.07,47.42,93.03,19.66,opendata.reseaux-energies.fr,false,""
2024-01-15T03:00:00.000000,France,France,FR,27.67,45.8,93.16,18.78,opendata.reseaux-energies.fr,false,""
2024-01-15T04:00:00.000000,France,France,FR,29.09,47.49,92.91,19.15,opendata.reseaux-energies.fr,false,""
2024-01-15T05:00:00.000000,France,France,FR,34.01,53.88,91.59,20.4,opendata.reseaux-energies.fr,false,""
2024-01-15T06:00:00.000000,France,France,FR,44.88,67.93,88.66,21.69,opendata.reseaux-energies.fr,false,""
2024-01-15T07:00:00.000000,France,France,FR,51.09,75.53,87.2,22.38,opendata.reseaux-energies.fr,false,""
2024-01-15T08:00:00.000000,France,France,FR,50.71,74.88,87.37,23.1,opendata.reseaux-energies.fr,false,""
2024-01-15T09:00:00.000000,France,France,FR,49.13,72.93,87.87,24.08,opendata.reseaux-energies.fr,false,""
2024-01-15T10:00:00.000000,France,France,FR,47.5,71.58,88.08,25.22,opendata.reseaux-energies.fr,false,""
2024-01-15T11:00:00.000000,France,France,FR,45.98,70.13,88.31,25.87,opendata.reseaux-energies.fr,false,""
2024-01-15T12:00:00.000000,France,France,FR,43.91,67.59,88.83,25.9,opendata.reseaux-energies.fr,false,""
2024-01-15T13:00:00.000000,France,France,FR,39.62,61.81,89.98,25.59,opendata.reseaux-energies.fr,false,""
2024-01-15T14:00:00.000000,France,France,FR,42.07,64.81,89.35,25.11,opendata.reseaux-energies.fr,false,""
2024-01-15T15:00:00.000000,France,France,FR,44.71,67.37,88.93,23.91,opendata.reseaux-energies.fr,false,""
2024-01-15T16:00:00.000000,France,France,FR,45.36,67.64,88.84,22.83,opendata.reseaux-energies.fr,false,""
2024-01-15T17:00:00.000000,France,France,FR,47.31,70.04,88.4,23.6,opendata.reseaux-energies.fr,false,""
2024-01-15T18:00:00.000000,France,France,FR,47.69,70.5,88.3,23.72,opendata.reseaux-energies.fr,false,""
2024-01-15T19:00:00.000000,France,France,FR,47.7,70.51,88.3,22.41,opendata.reseaux-energies.fr,false,""
2024-01-15T20:00:00.000000,France,France,FR,47.58,70.39,88.3,21.07,opendata.reseaux-energies.fr,false,""
2024-01-15T21:00:00.000000,France,France,FR,47.44,70.41,88.24,19.65,opendata.reseaux-energies.fr,false,""
2024-01-15T22:00:00.000000,France,France,FR,46.91,70.02,88.29,19.55,opendata.reseaux-energies.fr,false,""
2024-01-15T23:00:00.000000,France,France,FR,48.65,72.44,87.89,19.22,opendata.reseaux-energies.fr,false,""
2024-01-16T00:00:00.000000,France,France,FR,46.9,70.01,88.4,18.3,opendata.reseaux-energies.fr,false,""
2024-01-16T01:00:00.000000,France,France,FR,46.8,69.89,88.4,18.28,opendata.reseaux-energies.fr,false,""
2024-01-16T02:00:00.000000,France,France,FR,45.26,67.96,88.73,18.15,opendata.reseaux-energies.fr,false,""
2024-01-16T03:00:00.000000,France,France,FR,45.09,67.81,88.75,17.93,opendata.reseaux-energies.fr,false,""
2024-01-16T04:00:00.000000,France,France,FR,49.77,73.81,87.6,17.85,opendata.reseaux-energies.fr,false,""
2024-01-16T05:00:00.000000,France,France,FR,56.66,82.84,85.82,18.84,opendata.reseaux-energies.fr,false,""
2024-01-16T06:00:00.000000,France,France,FR,55.93,81.69,85.98,20.96,opendata.reseaux-energies.fr,false,""
2024-01-16T07:00:00.000000,France,France,FR,52.92,77.61,86.78,22.43,opendata.reseaux-energies.fr,false,""
2024-01-16T08:00:00.000000,France,France,FR,51.61,76.12,87.09,23.16,opendata.reseaux-energies.fr,false,""
2024-01-16T09:00:00.000000,France,France,FR,49.65,73.85,87.58,23.71,opendata.reseaux-energies.fr,false,""
2024-01-16T10:00:00.000000,France,France,FR,50.98,75.91,87.24,24.11,opendata.reseaux-energies.fr,false,""
2024-01-16T11:00:00.000000,France,France,FR,50.67,75.73,87.35,23.82,opendata.reseaux-energies.fr,false,""
2024-01-16T12:00:00.000000,France,France,FR,47.77,72.34,88.0,23.73,opendata.reseaux-energies.fr,false,""
2024-01-16T13:00:00.000000,France,France,FR,48.59,73.47,87.74,23.35,opendata.reseaux-energies.fr,false,""
2024-01-16T14:00:00.000000,France,France,FR,47.59,71.48,88.09,22.39,opendata.reseaux-energies.fr,false,""
2024-01-16T15:00:00.000000,France,France,FR,48.48,72.09,87.84,21.81,opendata.reseaux-energies.fr,false,""
2024-01-16T16:00:00.000000,France,France,FR,48.84,72.37,87.73,22.04,opendata.reseaux-energies.fr,false,""
2024-01-16T17:00:00.000000,France,France,FR,48.97,72.42,87.8,23.03,opendata.reseaux-energies.fr,false,""
2024-01-16T18:00:00.000000,France,France,FR,49.7,73.3,87.68,23.7,opendata.reseaux-energies.fr,false,""
2024-01-16T19:00:00.000000,France,France,FR,50.63,74.55,87.49,23.6,opendata.reseaux-energies.fr,false,""
2024-01-16T20:00:00.000000,France,France,FR,46.72,70.0,88.25,22.91,opendata.reseaux-energies.fr,false,""
2024-01-16T21:00:00.000000,France,France,FR,48.12,72.1,87.84,22.2,opendata.reseaux-energies.fr,false,""
2024-01-16T22:00:00.000000,France,France,FR,49.53,73.97,87.43,21.98,opendata.reseaux-energies.fr,false,""
2024-01-16T23:00:00.000000,France,France,FR,43.41,65.86,89.15,22.63,opendata.reseaux-energies.fr,false,""
2024-01-17T00:00:00.000000,France,France,FR,36.17,56.47,91.14,22.55,opendata.reseaux-energies.fr,false,""
2024-01-17T01:00:00.000000,France,France,FR,33.78,53.25,91.76,22.85,opendata.reseaux-energies.fr,false,""
2024-01-17T02:00:00.000000,France,France,FR,32.98,52.14,91.92,22.07,opendata.reseaux-energies.fr,false,""
2024-01-17T03:00:00.000000,France,France,FR,33.63,53.02,91.74,22.49,opendata.reseaux-energies.fr,false,""
2024-01-17T04:00:00.000000,France,France,FR,33.85,53.3,91.67,22.53,opendata.reseaux-energies.fr,false,""
2024-01-17T05:00:00.000000,France,France,FR,35.12,55.04,91.23,23.14,opendata.reseaux-energies.fr,false,""
2024-01-17T06:00:00.000000,France,France,FR,37.78,58.58,90.43,25.47,opendata.reseaux-energies.fr,false,""
2024-01-17T07:00:00.000000,France,France,FR,41.61,63.65,89.33,26.45,opendata.reseaux-energies.fr,false,""
2024-01-17T08:00:00.000000,France,France,FR,41.28,63.28,89.38,27.35,opendata.reseaux-energies.fr,false,""
2024-01-17T09:00:00.000000,France,France,FR,41.1,63.15,89.42,28.29,opendata.reseaux-energies.fr,false,""
2024-01-17T10:00:00.000000,France,France,FR,40.69,62.75,89.58,29.37,opendata.reseaux-energies.fr,false,""
2024-01-17T11:00:00.000000,France,France,FR,41.55,63.61,89.57,30.2,opendata.reseaux-energies.fr,false,""
2024-01-17T12:00:00.000000,France,France,FR,40.65,62.51,89.84,30.52,opendata.reseaux-energies.fr,false,""
2024-01-17T13:00:00.000000,France,France,FR,39.06,60.38,90.3,30.44,opendata.reseaux-energies.fr,false,""
2024-01-17T14:00:00.000000,France,France,FR,38.61,59.75,90.45,30.13,opendata.reseaux-energies.fr,false,""
2024-01-17T15:00:00.000000,France,France,FR,36.48,57.33,90.78,29.42,opendata.reseaux-energies.fr,false,""
2024-01-17T16:00:00.000000,France,France,FR,37.23,58.18,90.55,28.49,opendata.reseaux-energies.fr,false,""
2024-01-17T17:00:00.000000,France,France,FR,39.33,60.8,89.95,28.94,opendata.reseaux-energies.fr,false,""
2024-01-17T18:00:00.000000,France,France,FR,40.19,61.86,89.7,28.82,opendata.reseaux-energies.fr,false,""
2024-01-17T19:00:00.000000,France,France,FR,41.11,63.13,89.42,27.33,opendata.reseaux-energies.fr,false,""
2024-01-17T20:00:00.000000,France,France,FR,41.82,64.02,89.24,25.5,opendata.reseaux-energies.fr,false,""
2024-01-17T21:00:00.000000,France,France,FR,41.08,63.11,89.45,24.17,opendata.reseaux-energies.fr,false,""
2024-01-17T22:00:00.000000,France,France,FR,42.29,64.71,89.1,24.01,opendata.reseaux-energies.fr,false,""
2024-01-17T23:00:00.000000,France,France,FR,37.25,58.59,90.24,24.75,opendata.reseaux-energies.fr,false,""
2024-01-18T00:00:00.000000,France,France,FR,28.35,47.27,92.55,25.57,opendata.reseaux-energies.fr,false,""
2024-01-18T01:00:00.000000,France,France,FR,27.94,46.78,92.67,25.98,opendata.reseaux-energies.fr,false,""
2024-01-18T02:00:00.000000,France,France,FR,26.63,45.07,93.03,25.89,opendata.reseaux-energies.fr,false,""
2024-01-18T03:00:00.000000,France,France,FR,25.17,43.22,93.41,26.09,opendata.reseaux-energies.fr,false,""
2024-01-18T04:00:00.000000,France,France,FR,25.41,43.52,93.35,26.48,opendata.reseaux-energies.fr,false,""
2024-01-18T05:00:00.000000,France,France,FR,28.05,46.91,92.59,26.37,opendata.reseaux-energies.fr,false,""
2024-01-18T06:00:00.000000,France,France,FR,36.06,57.27,90.37,26.58,opendata.reseaux-energies.fr,false,""
2024-01-18T07:00:00.000000,France,France,FR,39.36,61.52,89.43,26.83,opendata.reseaux-energies.fr,false,""
2024-01-18T08:00:00.000000,France,France,FR,39.01,61.12,89.54,27.15,opendata.reseaux-energies.fr,false,""
2024-01-18T09:00:00.000000,France,France,FR,39.0,61.35,89.54,26.97,opendata.reseaux-energies.fr,false,""
2024-01-18T10:00:00.000000,France,France,FR,38.84,61.42,89.58,27.27,opendata.reseaux-energies.fr,false,""
2024-01-18T11:00:00.000000,France,France,FR,39.02,61.85,89.53,26.75,opendata.reseaux-energies.fr,false,""
2024-01-18T12:00:00.000000,France,France,FR,38.69,61.62,89.62,26.49,opendata.reseaux-energies.fr,false,""
2024-01-18T13:00:00.000000,France,France,FR,38.79,61.71,89.61,26.23,opendata.reseaux-energies.fr,false,""
2024-01-18T14:00:00.000000,France,France,FR,40.13,63.16,89.26,25.16,opendata.reseaux-energies.fr,false,""
2024-01-18T15:00:00.000000,France,France,FR,41.54,64.61,88.89,23.65,opendata.reseaux-energies.fr,false,""
2024-01-18T16:00:00.000000,France,France,FR,43.03,66.14,88.52,23.24,opendata.reseaux-energies.fr,false,""
2024-01-18T17:00:00.000000,France,France,FR,41.52,64.11,88.88,23.59,opendata.reseaux-energies.fr,false,""
2024-01-18T18:00:00.000000,France,France,FR,43.78,67.04,88.41,23.9,opendata.reseaux-energies.fr,false,""
2024-01-18T19:00:00.000000,France,France,FR,44.2,67.59,88.29,23.16,opendata.reseaux-energies.fr,false,""
2024-01-18T20:00:00.000000,France,France,FR,44.6,68.18,88.15,21.66,opendata.reseaux-energies.fr,false,""
2024-01-18T21:00:00.000000,France,France,FR,44.76,68.32,88.19,20.53,opendata.reseaux-energies.fr,false,""
2024-01-18T22:00:00.000000,France,France,FR,44.17,67.59,88.31,19.54,opendata.reseaux-energies.fr,false,""
2024-01-18T23:00:00.000000,France,France,FR,45.99,70.06,87.84,19.0,opendata.reseaux-energies.fr,false,""
2024-01-19T00:00:00.000000,France,France,FR,38.77,60.46,89.99,18.56,opendata.reseaux-energies.fr,false,""
2024-01-19T01:00:00.000000,France,France,FR,37.94,59.41,90.25,18.97,opendata.reseaux-energies.fr,false,""
2024-01-19T02:00:00.000000,France,France,FR,36.98,58.22,90.49,18.74,opendata.reseaux-energies.fr,false,""
2024-01-19T03:00:00.000000,France,France,FR,35.26,56.07,90.9,18.96,opendata.reseaux-energies.fr,false,""
2024-01-19T04:00:00.000000,France,France,FR,38.7,60.51,90.06,19.38,opendata.reseaux-energies.fr,false,""
2024-01-19T05:00:00.000000,France,France,FR,47.38,71.77,87.74,19.59,opendata.reseaux-energies.fr,false,""
2024-01-19T06:00:00.000000,France,France,FR,52.42,78.18,86.39,21.26,opendata.reseaux-energies.fr,false,""
2024-01-19T07:00:00.000000,France,France,FR,52.08,77.6,86.54,22.86,opendata.reseaux-energies.fr,false,""
2024-01-19T08:00:00.000000,France,France,FR,55.97,82.4,86.24,23.09,opendata.reseaux-energies.fr,false,""
2024-01-19T09:00:00.000000,France,France,FR,59.96,88.18,86.1,23.44,opendata.reseaux-energies.fr,false,""
2024-01-19T10:00:00.000000,France,France,FR,58.74,87.38,86.01,24.32,opendata.reseaux-energies.fr,false,""
2024-01-19T11:00:00.000000,France,France,FR,51.38,78.33,87.02,25.06,opendata.reseaux-energies.fr,false,""
2024-01-19T12:00:00.000000,France,France,FR,45.43,70.79,88.09,24.5,opendata.reseaux-energies.fr,false,""
2024-01-19T13:00:00.000000,France,France,FR,46.47,71.96,87.76,23.55,opendata.reseaux-energies.fr,false,""
2024-01-19T14:00:00.000000,France,France,FR,47.8,73.33,87.39,22.35,opendata.reseaux-energies.fr,false,""
2024-01-19T15:00:00.000000,France,France,FR,48.48,73.71,87.16,20.99,opendata.reseaux-energies.fr,false,""
2024-01-19T16:00:00.000000,France,France,FR,49.28,74.27,86.96,20.39,opendata.reseaux-energies.fr,false,""
2024-01-19T17:00:00.000000,France,France,FR,49.89,74.8,86.92,22.07,opendata.reseaux-energies.fr,false,""
2024-01-19T18:00:00.000000,France,France,FR,49.92,74.92,86.88,22.64,opendata.reseaux-energies.fr,false,""
2024-01-19T19:00:00.000000,France,France,FR,50.8,76.13,86.6,21.74,opendata.reseaux-energies.fr,false,""
2024-01-19T20:00:00.000000,France,France,FR,48.21,72.9,87.21,20.72,opendata.reseaux-energies.fr,false,""
2024-01-19T21:00:00.000000,France,France,FR,44.92,68.62,88.12,20.89,opendata.reseaux-energies.fr,false,""
2024-01-19T22:00:00.000000,France,France,FR,46.55,70.69,87.85,21.8,opendata.reseaux-energies.fr,false,""
2024-01-19T23:00:00.000000,France,France,FR,48.11,72.75,87.58,22.2,opendata.reseaux-energies.fr,false,""
2024-01-20T00:00:00.000000,France,France,FR,45.33,68.87,88.67,22.37,opendata.reseaux-energies.fr,false,""
2024-01-20T01:00:00.000000,France,France,FR,45.75,69.28,88.74,21.99,opendata.reseaux-energies.fr,false,""
2024-01-20T02:00:00.000000,France,France,FR,41.94,64.62,89.56,21.71,opendata.reseaux-energies.fr,false,""
2024-01-20T03:00:00.000000,France,France,FR,37.37,58.8,90.74,22.15,opendata.reseaux-energies.fr,false,""
2024-01-20T04:00:00.000000,France,France,FR,37.0,58.42,90.84,22.78,opendata.reseaux-energies.fr,false,""
2024-01-20T05:00:00.000000,France,France,FR,39.08,60.97,90.42,23.21,opendata.reseaux-energies.fr,false,""
2024-01-20T06:00:00.000000,France,France,FR,45.03,68.75,88.73,23.47,opendata.reseaux-energies.fr,false,""
2024-01-20T07:00:00.000000,France,France,FR,50.05,75.22,87.32,24.09,opendata.reseaux-energies.fr,false,""
2024-01-20T08:00:00.000000,France,France,FR,50.32,75.81,87.11,25.6,opendata.reseaux-energies.fr,false,""
2024-01-20T09:00:00.000000,France,France,FR,46.5,71.72,87.89,26.89,opendata.reseaux-energies.fr,false,""
2024-01-20T10:00:00.000000,France,France,FR,43.55,68.89,88.42,28.07,opendata.reseaux-energies.fr,false,""
2024-01-20T11:00:00.000000,France,France,FR,41.05,66.13,89.05,28.48,opendata.reseaux-energies.fr,false,""
2024-01-20T12:00:00.000000,France,France,FR,34.67,58.05,90.81,29.21,opendata.reseaux-energies.fr,false,""
2024-01-20T13:00:00.000000,France,France,FR,34.89,58.27,90.7,27.57,opendata.reseaux-energies.fr,false,""
2024-01-20T14:00:00.000000,France,France,FR,37.97,61.79,89.84,25.96,opendata.reseaux-energies.fr,false,""
2024-01-20T15:00:00.000000,France,France,FR,40.56,64.33,89.14,24.0,opendata.reseaux-energies.fr,false,""
2024-01-20T16:00:00.000000,France,France,FR,41.95,65.27,88.74,23.19,opendata.reseaux-energies.fr,false,""
2024-01-20T17:00:00.000000,France,France,FR,42.59,65.85,88.64,24.73,opendata.reseaux-energies.fr,false,""
2024-01-20T18:00:00.000000,France,France,FR,42.4,65.55,88.75,26.58,opendata.reseaux-energies.fr,false,""
2024-01-20T19:00:00.000000,France,France,FR,43.04,66.53,88.58,27.95,opendata.reseaux-energies.fr,false,""
2024-01-20T20:00:00.000000,France,France,FR,40.43,63.15,89.28,28.22,opendata.reseaux-energies.fr,false,""
2024-01-20T21:00:00.000000,France,France,FR,35.31,56.53,90.71,28.31,opendata.reseaux-energies.fr,false,""
2024-01-20T22:00:00.000000,France,France,FR,30.53,50.36,92.02,28.98,opendata.reseaux-energies.fr,false,""
2024-01-20T23:00:00.000000,France,France,FR,26.96,45.75,92.97,29.29,opendata.reseaux-energies.fr,false,""
2024-01-21T00:00:00.000000,France,France,FR,24.73,42.92,93.59,29.93,opendata.reseaux-energies.fr,false,""
2024-01-21T01:00:00.000000,France,France,FR,20.95,38.07,94.58,30.37,opendata.reseaux-energies.fr,false,""
2024-01-21T02:00:00.000000,France,France,FR,19.64,36.43,94.9,29.85,opendata.reseaux-energies.fr,false,""
2024-01-21T03:00:00.000000,France,France,FR,17.38,33.5,95.57,29.55,opendata.reseaux-energies.fr,false,""
2024-01-21T04:00:00.000000,France,France,FR,17.67,33.88,95.48,29.51,opendata.reseaux-energies.fr,false,""
2024-01-21T05:00:00.000000,France,France,FR,18.67,35.22,95.24,29.93,opendata.reseaux-energies.fr,false,""
2024-01-21T06:00:00.000000,France,France,FR,18.19,34.46,95.38,29.83,opendata.reseaux-energies.fr,false,""
2024-01-21T07:00:00.000000,France,France,FR,17.38,33.45,95.58,30.46,opendata.reseaux-energies.fr,false,""
2024-01-21T08:00:00.000000,France,France,FR,17.54,33.83,95.55,31.27,opendata.reseaux-energies.fr,false,""
2024-01-21T09:00:00.000000,France,France,FR,16.91,33.6,95.7,33.12,opendata.reseaux-energies.fr,false,""
2024-01-21T10:00:00.000000,France,France,FR,16.25,33.07,95.84,33.84,opendata.reseaux-energies.fr,false,""
2024-01-21T11:00:00.000000,France,France,FR,16.39,33.49,95.8,34.63,opendata.reseaux-energies.fr,false,""
2024-01-21T12:00:00.000000,France,France,FR,12.81,29.02,96.7,34.9,opendata.reseaux-energies.fr,false,""
2024-01-21T13:00:00.000000,France,France,FR,13.06,29.32,96.65,34.79,opendata.reseaux-energies.fr,false,""
2024-01-21T14:00:00.000000,France,France,FR,13.21,29.17,96.63,34.19,opendata.reseaux-energies.fr,false,""
2024-01-21T15:00:00.000000,France,France,FR,13.65,29.34,96.51,33.05,opendata.reseaux-energies.fr,false,""
2024-01-21T16:00:00.000000,France,France,FR,14.06,29.32,96.4,32.15,opendata.reseaux-energies.fr,false,""
2024-01-21T17:00:00.000000,France,France,FR,13.41,28.18,96.56,32.61,opendata.reseaux-energies.fr,false,""
2024-01-21T18:00:00.000000,France,France,FR,13.41,28.1,96.58,33.82,opendata.reseaux-energies.fr,false,""
2024-01-21T19:00:00.000000,France,France,FR,13.05,27.66,96.66,33.51,opendata.reseaux-energies.fr,false,""
2024-01-21T20:00:00.000000,France,France,FR,13.13,27.81,96.64,32.62,opendata.reseaux-energies.fr,false,""
2024-01-21T21:00:00.000000,France,France,FR,13.14,27.87,96.63,32.2,opendata.reseaux-energies.fr,false,""
2024-01-21T22:00:00.000000,France,France,FR,13.14,27.9,96.64,32.53,opendata.reseaux-energies.fr,false,""
2024-01-21T23:00:00.000000,France,France,FR,13.1,27.86,96.65,32.55,opendata.reseaux-energies.fr,false,""
2024-01-22T00:00:00.000000,France,France,FR,13.49,28.5,96.55,33.21,opendata.reseaux-energies.fr,false,""
2024-01-22T01:00:00.000000,France,France,FR,13.6,28.64,96.53,33.33,opendata.reseaux-energies.fr,false,""
2024-01-22T02:00:00.000000,France,France,FR,13.28,28.33,96.57,33.5,opendata.reseaux-energies.fr,false,""
2024-01-22T03:00:00.000000,France,France,FR,13.21,28.28,96.57,33.53,opendata.reseaux-energies.fr,false,""
2024-01-22T04:00:00.000000,France,France,FR,12.89,27.78,96.64,33.12,opendata.reseaux-energies.fr,false,""
2024-01-22T05:00:00.000000,France,France,FR,12.52,27.11,96.74,32.53,opendata.reseaux-energies.fr,false,""
2024-01-22T06:00:00.000000,France,France,FR,12.16,26.51,96.83,33.42,opendata.reseaux-energies.fr,false,""
2024-01-22T07:00:00.000000,France,France,FR,12.25,26.6,96.82,34.33,opendata.reseaux-energies.fr,false,""
2024-01-22T08:00:00.000000,France,France,FR,11.94,26.3,96.89,34.66,opendata.reseaux-energies.fr,false,""
2024-01-22T09:00:00.000000,France,France,FR,12.33,27.05,96.83,35.69,opendata.reseaux-energies.fr,false,""
2024-01-22T10:00:00.000000,France,France,FR,12.34,27.4,96.85,36.16,opendata.reseaux-energies.fr,false,""
2024-01-22T11:00:00.000000,France,France,FR,12.37,27.6,96.87,36.79,opendata.reseaux-energies.fr,false,""
2024-01-22T12:00:00.000000,France,France,FR,12.32,27.51,96.88,36.42,opendata.reseaux-energies.fr,false,""
2024-01-22T13:00:00.000000,France,France,FR,12.35,27.51,96.87,35.9,opendata.reseaux-energies.fr,false,""
2024-01-22T14:00:00.000000,France,France,FR,12.62,27.68,96.79,35.73,opendata.reseaux-energies.fr,false,""
2024-01-22T15:00:00.000000,France,France,FR,13.3,28.32,96.64,35.17,opendata.reseaux-energies.fr,false,""
2024-01-22T16:00:00.000000,France,France,FR,12.97,27.61,96.64,33.78,opendata.reseaux-energies.fr,false,""
2024-01-22T17:00:00.000000,France,France,FR,13.49,28.17,96.49,34.17,opendata.reseaux-energies.fr,false,""
2024-01-22T18:00:00.000000,France,France,FR,13.67,28.36,96.47,35.1,opendata.reseaux-energies.fr,false,""
2024-01-22T19:00:00.000000,France,France,FR,13.95,28.83,96.39,33.95,opendata.reseaux-energies.fr,false,""
2024-01-22T20:00:00.000000,France,France,FR,13.62,28.51,96.46,32.76,opendata.reseaux-energies.fr,false,""
2024-01-22T21:00:00.000000,France,France,FR,14.19,29.26,96.33,32.14,opendata.reseaux-energies.fr,false,""
2024-01-22T22:00:00.000000,France,France,FR,14.55,29.76,96.27,31.86,opendata.reseaux-energies.fr,false,""
2024-01-22T23:00:00.000000,France,France,FR,14.06,29.15,96.42,31.16,opendata.reseaux-energies.fr,false,""
2024-01-23T00:00:00.000000,France,France,FR,16.37,31.65,96.14,30.65,opendata.reseaux-energies.fr,false,""
2024-01-23T01:00:00.000000,France,France,FR,15.07,30.57,96.2,30.38,opendata.reseaux-energies.fr,false,""
2024-01-23T02:00:00.000000,France,France,FR,14.97,30.47,96.21,29.88,opendata.reseaux-energies.fr,false,""
2024-01-23T03:00:00.000000,France,France,FR,14.83,30.29,96.22,29.07,opendata.reseaux-energies.fr,false,""
2024-01-23T04:00:00.000000,France,France,FR,14.96,30.44,96.16,28.24,opendata.reseaux-energies.fr,false,""
2024-01-23T05:00:00.000000,France,France,FR,16.29,32.01,95.8,27.34,opendata.reseaux-energies.fr,false,""
2024-01-23T06:00:00.000000,France,France,FR,18.61,34.86,95.17,28.49,opendata.reseaux-energies.fr,false,""
2024-01-23T07:00:00.000000,France,France,FR,21.01,37.94,94.46,29.59,opendata.reseaux-energies.fr,false,""
2024-01-23T08:00:00.000000,France,France,FR,21.95,39.35,94.15,30.21,opendata.reseaux-energies.fr,false,""
2024-01-23T09:00:00.000000,France,France,FR,23.22,41.4,93.91,31.3,opendata.reseaux-energies.fr,false,""
2024-01-23T10:00:00.000000,France,France,FR,23.31,41.96,93.89,31.98,opendata.reseaux-energies.fr,false,""
2024-01-23T11:00:00.000000,France,France,FR,20.83,39.02,94.56,32.54,opendata.reseaux-energies.fr,false,""
2024-01-23T12:00:00.000000,France,France,FR,20.14,38.29,94.76,33.34,opendata.reseaux-energies.fr,false,""
2024-01-23T13:00:00.000000,France,France,FR,18.85,36.49,95.11,33.66,opendata.reseaux-energies.fr,false,""
2024-01-23T14:00:00.000000,France,France,FR,19.63,37.25,94.89,33.92,opendata.reseaux-energies.fr,false,""
2024-01-23T15:00:00.000000,France,France,FR,19.5,36.78,94.92,33.74,opendata.reseaux-energies.fr,false,""
2024-01-23T16:00:00.000000,France,France,FR,20.26,37.42,94.63,33.18,opendata.reseaux-energies.fr,false,""
2024-01-23T17:00:00.000000,France,France,FR,20.26,37.25,94.6,33.98,opendata.reseaux-energies.fr,false,""
2024-01-23T18:00:00.000000,France,France,FR,18.82,35.38,94.99,35.05,opendata.reseaux-energies.fr,false,""
2024-01-23T19:00:00.000000,France,France,FR,19.29,36.08,94.86,34.36,opendata.reseaux-energies.fr,false,""
2024-01-23T20:00:00.000000,France,France,FR,16.14,32.04,95.74,34.26,opendata.reseaux-energies.fr,false,""
2024-01-23T21:00:00.000000,France,France,FR,14.62,30.1,96.16,34.13,opendata.reseaux-energies.fr,false,""
2024-01-23T22:00:00.000000,France,France,FR,14.87,30.35,96.18,34.15,opendata.reseaux-energies.fr,false,""
2024-01-23T23:00:00.000000,France,France,FR,15.7,31.26,96.16,34.87,opendata.reseaux-energies.fr,false,""
2024-01-24T00:00:00.000000,France,France,FR,15.88,31.42,96.3,35.75,opendata.reseaux-energies.fr,false,""
2024-01-24T01:00:00.000000,France,France,FR,17.04,32.6,96.17,35.32,opendata.reseaux-energies.fr,false,""
2024-01-24T02:00:00.000000,France,France,FR,18.12,33.83,96.01,35.17,opendata.reseaux-energies.fr,false,""
2024-01-24T03:00:00.000000,France,France,FR,18.64,34.43,95.95,35.18,opendata.reseaux-energies.fr,false,""
2024-01-24T04:00:00.000000,France,France,FR,19.0,34.77,95.9,34.87,opendata.reseaux-energies.fr,false,""
2024-01-24T05:00:00.000000,France,France,FR,18.27,33.73,96.02,33.96,opendata.reseaux-energies.fr,false,""
2024-01-24T06:00:00.000000,France,France,FR,15.9,30.83,96.37,33.42,opendata.reseaux-energies.fr,false,""
2024-01-24T07:00:00.000000,France,France,FR,16.17,31.05,96.33,33.5,opendata.reseaux-energies.fr,false,""
2024-01-24T08:00:00.000000,France,France,FR,16.78,31.75,96.26,33.34,opendata.reseaux-energies.fr,false,""
2024-01-24T09:00:00.000000,France,France,FR,16.6,31.88,96.32,33.69,opendata.reseaux-energies.fr,false,""
2024-01-24T10:00:00.000000,France,France,FR,16.28,31.86,96.39,34.14,opendata.reseaux-energies.fr,false,""
2024-01-24T11:00:00.000000,France,France,FR,16.01,31.82,96.46,35.12,opendata.reseaux-energies.fr,false,""
2024-01-24T12:00:00.000000,France,France,FR,16.28,32.42,96.4,35.7,opendata.reseaux-energies.fr,false,""
2024-01-24T13:00:00.000000,France,France,FR,16.68,32.86,96.31,34.76,opendata.reseaux-energies.fr,false,""
2024-01-24T14:00:00.000000,France,France,FR,17.21,33.26,96.18,32.84,opendata.reseaux-energies.fr,false,""
2024-01-24T15:00:00.000000,France,France,FR,18.27,34.15,95.91,30.01,opendata.reseaux-energies.fr,false,""
2024-01-24T16:00:00.000000,France,France,FR,18.49,33.75,95.86,27.03,opendata.reseaux-energies.fr,false,""
2024-01-24T17:00:00.000000,France,France,FR,17.82,32.79,95.96,27.28,opendata.reseaux-energies.fr,false,""
2024-01-24T18:00:00.000000,France,France,FR,17.08,31.99,96.05,28.02,opendata.reseaux-energies.fr,false,""
2024-01-24T19:00:00.000000,France,France,FR,16.74,31.52,96.13,26.95,opendata.reseaux-energies.fr,false,""
2024-01-24T20:00:00.000000,France,France,FR,17.19,32.13,96.03,25.17,opendata.reseaux-energies.fr,false,""
2024-01-24T21:00:00.000000,France,France,FR,17.91,33.1,95.87,23.66,opendata.reseaux-energies.fr,false,""
2024-01-24T22:00:00.000000,France,France,FR,18.16,33.44,95.82,23.37,opendata.reseaux-energies.fr,false,""
2024-01-24T23:00:00.000000,France,France,FR,18.53,33.89,95.76,22.8,opendata.reseaux-energies.fr,false,""
2024-01-25T00:00:00.000000,France,France,FR,19.34,34.98,95.58,21.46,opendata.reseaux-energies.fr,false,""
2024-01-25T01:00:00.000000,France,France,FR,19.29,34.91,95.58,20.6,opendata.reseaux-energies.fr,false,""
2024-01-25T02:00:00.000000,France,France,FR,18.76,34.23,95.68,19.33,opendata.reseaux-energies.fr,false,""
2024-01-25T03:00:00.000000,France,France,FR,19.13,34.68,95.58,18.64,opendata.reseaux-energies.fr,false,""
2024-01-25T04:00:00.000000,France,France,FR,21.1,37.18,95.03,18.72,opendata.reseaux-energies.fr,false,""
2024-01-25T05:00:00.000000,France,France,FR,25.2,42.4,93.95,20.42,opendata.reseaux-energies.fr,false,""
2024-01-25T06:00:00.000000,France,France,FR,30.17,48.82,92.54,23.08,opendata.reseaux-energies.fr,false,""
2024-01-25T07:00:00.000000,France,France,FR,32.57,51.92,91.86,24.23,opendata.reseaux-energies.fr,false,""
2024-01-25T08:00:00.000000,France,France,FR,33.43,53.08,91.78,25.95,opendata.reseaux-energies.fr,false,""
2024-01-25T09:00:00.000000,France,France,FR,32.86,52.99,92.03,28.05,opendata.reseaux-energies.fr,false,""
2024-01-25T10:00:00.000000,France,France,FR,30.63,50.65,92.67,29.29,opendata.reseaux-energies.fr,false,""
2024-01-25T11:00:00.000000,France,France,FR,27.54,47.04,93.52,30.46,opendata.reseaux-energies.fr,false,""
2024-01-25T12:00:00.000000,France,France,FR,26.09,45.41,93.84,30.49,opendata.reseaux-energies.fr,false,""
2024-01-25T13:00:00.000000,France,France,FR,25.35,44.35,94.04,29.53,opendata.reseaux-energies.fr,false,""
2024-01-25T14:00:00.000000,France,France,FR,26.11,44.97,93.9,27.68,opendata.reseaux-energies.fr,false,""
2024-01-25T15:00:00.000000,France,France,FR,28.12,46.94,93.4,25.27,opendata.reseaux-energies.fr,false,""
2024-01-25T16:00:00.000000,France,France,FR,28.18,46.34,93.25,23.77,opendata.reseaux-energies.fr,false,""
2024-01-25T17:00:00.000000,France,France,FR,30.27,48.82,92.59,25.6,opendata.reseaux-energies.fr,false,""
2024-01-25T18:00:00.000000,France,France,FR,31.61,50.57,92.23,26.92,opendata.reseaux-energies.fr,false,""
2024-01-25T19:00:00.000000,France,France,FR,29.12,47.71,92.71,26.76,opendata.reseaux-energies.fr,false,""
2024-01-25T20:00:00.000000,France,France,FR,26.6,44.52,93.38,26.1,opendata.reseaux-energies.fr,false,""
2024-01-25T21:00:00.000000,France,France,FR,22.94,39.78,94.41,25.43,opendata.reseaux-energies.fr,false,""
2024-01-25T22:00:00.000000,France,France,FR,21.61,38.08,94.77,25.78,opendata.reseaux-energies.fr,false,""
2024-01-25T23:00:00.000000,France,France,FR,20.54,36.69,95.08,25.2,opendata.reseaux-energies.fr,false,""
2024-01-26T00:00:00.000000,France,France,FR,17.92,33.38,95.83,25.31,opendata.reseaux-energies.fr,false,""
2024-01-26T01:00:00.000000,France,France,FR,17.73,33.17,95.87,25.62,opendata.reseaux-energies.fr,false,""
2024-01-26T02:00:00.000000,France,France,FR,18.0,33.63,95.81,26.01,opendata.reseaux-energies.fr,false,""
2024-01-26T03:00:00.000000,France,France,FR,17.78,33.46,95.86,26.78,opendata.reseaux-energies.fr,false,""
2024-01-26T04:00:00.000000,France,France,FR,17.53,33.1,95.92,27.92,opendata.reseaux-energies.fr,false,""
2024-01-26T05:00:00.000000,France,France,FR,16.99,32.34,96.05,28.96,opendata.reseaux-energies.fr,false,""
2024-01-26T06:00:00.000000,France,France,FR,16.94,32.07,96.12,30.65,opendata.reseaux-energies.fr,false,""
2024-01-26T07:00:00.000000,France,France,FR,17.26,32.3,96.09,31.82,opendata.reseaux-energies.fr,false,""
2024-01-26T08:00:00.000000,France,France,FR,17.34,32.47,96.1,31.99,opendata.reseaux-energies.fr,false,""
2024-01-26T09:00:00.000000,France,France,FR,17.56,33.11,96.09,32.68,opendata.reseaux-energies.fr,false,""
2024-01-26T10:00:00.000000,France,France,FR,18.04,34.01,96.02,32.55,opendata.reseaux-energies.fr,false,""
2024-01-26T11:00:00.000000,France,France,FR,17.75,33.93,96.06,33.09,opendata.reseaux-energies.fr,false,""
2024-01-26T12:00:00.000000,France,France,FR,16.83,33.27,96.13,33.02,opendata.reseaux-energies.fr,false,""
2024-01-26T13:00:00.000000,France,France,FR,16.94,33.48,96.05,31.43,opendata.reseaux-energies.fr,false,""
2024-01-26T14:00:00.000000,France,France,FR,17.68,34.29,95.86,29.12,opendata.reseaux-energies.fr,false,""
2024-01-26T15:00:00.000000,France,France,FR,16.33,32.82,95.86,27.02,opendata.reseaux-energies.fr,false,""
2024-01-26T16:00:00.000000,France,France,FR,16.0,31.79,95.85,23.55,opendata.reseaux-energies.fr,false,""
2024-01-26T17:00:00.000000,France,France,FR,17.94,33.96,95.27,24.14,opendata.reseaux-energies.fr,false,""
2024-01-26T18:00:00.000000,France,France,FR,19.56,35.91,94.95,25.24,opendata.reseaux-energies.fr,false,""
2024-01-26T19:00:00.000000,France,France,FR,20.72,37.38,94.69,23.53,opendata.reseaux-energies.fr,false,""
2024-01-26T20:00:00.000000,France,France,FR,20.59,37.27,94.69,22.01,opendata.reseaux-energies.fr,false,""
2024-01-26T21:00:00.000000,France,France,FR,20.35,37.1,94.69,20.79,opendata.reseaux-energies.fr,false,""
2024-01-26T22:00:00.000000,France,France,FR,20.48,37.28,94.65,20.2,opendata.reseaux-energies.fr,false,""
2024-01-26T23:00:00.000000,France,France,FR,20.11,36.82,94.79,19.29,opendata.reseaux-energies.fr,false,""
2024-01-27T00:00:00.000000,France,France,FR,16.8,32.64,95.67,19.05,opendata.reseaux-energies.fr,false,""
2024-01-27T01:00:00.000000,France,France,FR,15.96,31.56,95.87,19.27,opendata.reseaux-energies.fr,false,""
2024-01-27T02:00:00.000000,France,France,FR,15.32,30.69,95.99,18.58,opendata.reseaux-energies.fr,false,""
2024-01-27T03:00:00.000000,France,France,FR,15.2,30.54,96.02,18.28,opendata.reseaux-energies.fr,false,""
2024-01-27T04:00:00.000000,France,France,FR,15.45,30.91,95.96,18.44,opendata.reseaux-energies.fr,false,""
2024-01-27T05:00:00.000000,France,France,FR,15.47,30.9,95.96,18.65,opendata.reseaux-energies.fr,false,""
2024-01-27T06:00:00.000000,France,France,FR,15.54,30.98,95.95,19.72,opendata.reseaux-energies.fr,false,""
2024-01-27T07:00:00.000000,France,France,FR,15.87,31.27,95.89,21.43,opendata.reseaux-energies.fr,false,""
2024-01-27T08:00:00.000000,France,France,FR,16.76,32.76,95.75,24.26,opendata.reseaux-energies.fr,false,""
2024-01-27T09:00:00.000000,France,France,FR,16.15,32.78,95.92,26.66,opendata.reseaux-energies.fr,false,""
2024-01-27T10:00:00.000000,France,France,FR,15.39,32.5,96.09,27.4,opendata.reseaux-energies.fr,false,""
2024-01-27T11:00:00.000000,France,France,FR,14.66,32.04,96.26,28.28,opendata.reseaux-energies.fr,false,""
2024-01-27T12:00:00.000000,France,France,FR,14.64,32.29,96.26,28.35,opendata.reseaux-energies.fr,false,""
2024-01-27T13:00:00.000000,France,France,FR,15.18,32.85,96.15,27.82,opendata.reseaux-energies.fr,false,""
2024-01-27T14:00:00.000000,France,France,FR,16.12,33.67,95.93,26.95,opendata.reseaux-energies.fr,false,""
2024-01-27T15:00:00.000000,France,France,FR,19.35,37.01,95.05,23.73,opendata.reseaux-energies.fr,false,""
2024-01-27T16:00:00.000000,France,France,FR,26.74,45.74,93.01,21.82,opendata.reseaux-energies.fr,false,""
2024-01-27T17:00:00.000000,France,France,FR,27.56,46.51,92.7,24.27,opendata.reseaux-energies.fr,false,""
2024-01-27T18:00:00.000000,France,France,FR,26.25,44.81,92.99,25.87,opendata.reseaux-energies.fr,false,""
2024-01-27T19:00:00.000000,France,France,FR,25.68,44.14,93.13,26.26,opendata.reseaux-energies.fr,false,""
2024-01-27T20:00:00.000000,France,France,FR,25.66,44.19,93.13,25.73,opendata.reseaux-energies.fr,false,""
2024-01-27T21:00:00.000000,France,France,FR,25.91,44.6,93.07,25.9,opendata.reseaux-energies.fr,false,""
2024-01-27T22:00:00.000000,France,France,FR,25.89,44.51,93.07,25.44,opendata.reseaux-energies.fr,false,""
2024-01-27T23:00:00.000000,France,France,FR,23.71,41.66,93.75,25.74,opendata.reseaux-energies.fr,false,""
2024-01-28T00:00:00.000000,France,France,FR,19.09,35.63,95.12,25.72,opendata.reseaux-energies.fr,false,""
2024-01-28T01:00:00.000000,France,France,FR,18.98,35.46,95.18,26.06,opendata.reseaux-energies.fr,false,""
2024-01-28T02:00:00.000000,France,France,FR,17.05,33.01,95.71,26.09,opendata.reseaux-energies.fr,false,""
2024-01-28T03:00:00.000000,France,France,FR,16.68,32.63,95.8,26.29,opendata.reseaux-energies.fr,false,""
2024-01-28T04:00:00.000000,France,France,FR,16.21,32.09,95.89,26.06,opendata.reseaux-energies.fr,false,""
2024-01-28T05:00:00.000000,France,France,FR,16.45,32.46,95.82,26.67,opendata.reseaux-energies.fr,false,""
2024-01-28T06:00:00.000000,France,France,FR,16.05,31.86,95.93,27.62,opendata.reseaux-energies.fr,false,""
2024-01-28T07:00:00.000000,France,France,FR,16.52,32.5,95.85,28.36,opendata.reseaux-energies.fr,false,""
2024-01-28T08:00:00.000000,France,France,FR,16.16,32.32,95.97,29.99,opendata.reseaux-energies.fr,false,""
2024-01-28T09:00:00.000000,France,France,FR,14.65,31.15,96.28,31.76,opendata.reseaux-energies.fr,false,""
2024-01-28T10:00:00.000000,France,France,FR,14.25,31.32,96.36,32.63,opendata.reseaux-energies.fr,false,""
2024-01-28T11:00:00.000000,France,France,FR,14.01,31.39,96.42,33.28,opendata.reseaux-energies.fr,false,""
2024-01-28T12:00:00.000000,France,France,FR,14.21,31.62,96.36,32.19,opendata.reseaux-energies.fr,false,""
2024-01-28T13:00:00.000000,France,France,FR,14.22,31.53,96.34,30.19,opendata.reseaux-energies.fr,false,""
2024-01-28T14:00:00.000000,France,France,FR,14.62,31.58,96.26,28.4,opendata.reseaux-energies.fr,false,""
2024-01-28T15:00:00.000000,France,France,FR,15.23,31.59,96.12,26.93,opendata.reseaux-energies.fr,false,""
2024-01-28T16:00:00.000000,France,France,FR,16.39,32.39,95.86,25.8,opendata.reseaux-energies.fr,false,""
2024-01-28T17:00:00.000000,France,France,FR,15.75,31.24,95.99,26.73,opendata.reseaux-energies.fr,false,""
2024-01-28T18:00:00.000000,France,France,FR,14.56,29.71,96.22,28.52,opendata.reseaux-energies.fr,false,""
2024-01-28T19:00:00.000000,France,France,FR,14.11,29.19,96.31,29.78,opendata.reseaux-energies.fr,false,""
2024-01-28T20:00:00.000000,France,France,FR,14.28,29.44,96.29,28.83,opendata.reseaux-energies.fr,false,""
2024-01-28T21:00:00.000000,France,France,FR,14.74,30.08,96.19,27.54,opendata.reseaux-energies.fr,false,""
2024-01-28T22:00:00.000000,France,France,FR,14.47,29.74,96.25,27.22,opendata.reseaux-energies.fr,false,""
2024-01-28T23:00:00.000000,France,France,FR,13.74,28.84,96.4,26.55,opendata.reseaux-energies.fr,false,""
2024-01-29T00:00:00.000000,France,France,FR,14.1,29.28,96.34,26.26,opendata.reseaux-energies.fr,false,""
2024-01-29T01:00:00.000000,France,France,FR,15.05,30.42,96.15,25.97,opendata.reseaux-energies.fr,false,""
2024-01-29T02:00:00.000000,France,France,FR,15.59,31.05,96.02,25.2,opendata.reseaux-energies.fr,false,""
2024-01-29T03:00:00.000000,France,France,FR,18.01,33.81,95.65,24.77,opendata.reseaux-energies.fr,false,""
2024-01-29T04:00:00.000000,France,France,FR,21.08,37.42,95.06,24.59,opendata.reseaux-energies.fr,false,""
2024-01-29T05:00:00.000000,France,France,FR,24.65,41.64,94.3,25.71,opendata.reseaux-energies.fr,false,""
2024-01-29T06:00:00.000000,France,France,FR,29.5,47.89,92.84,26.94,opendata.reseaux-energies.fr,false,""
2024-01-29T07:00:00.000000,France,France,FR,32.85,52.26,91.89,27.43,opendata.reseaux-energies.fr,false,""
2024-01-29T08:00:00.000000,France,France,FR,32.13,51.63,92.05,28.38,opendata.reseaux-energies.fr,false,""
2024-01-29T09:00:00.000000,France,France,FR,31.82,51.96,92.11,29.15,opendata.reseaux-energies.fr,false,""
2024-01-29T10:00:00.000000,France,France,FR,26.84,46.1,93.5,29.97,opendata.reseaux-energies.fr,false,""
2024-01-29T11:00:00.000000,France,France,FR,24.91,43.9,94.03,30.83,opendata.reseaux-energies.fr,false,""
2024-01-29T12:00:00.000000,France,France,FR,23.2,41.8,94.54,30.95,opendata.reseaux-energies.fr,false,""
2024-01-29T13:00:00.000000,France,France,FR,24.62,43.43,94.2,30.07,opendata.reseaux-energies.fr,false,""
2024-01-29T14:00:00.000000,France,France,FR,28.83,48.37,93.13,28.21,opendata.reseaux-energies.fr,false,""
2024-01-29T15:00:00.000000,France,France,FR,32.24,52.18,92.17,25.76,opendata.reseaux-energies.fr,false,""
2024-01-29T16:00:00.000000,France,France,FR,33.69,53.61,91.72,25.57,opendata.reseaux-energies.fr,false,""
2024-01-29T17:00:00.000000,France,France,FR,34.91,54.95,91.37,27.4,opendata.reseaux-energies.fr,false,""
2024-01-29T18:00:00.000000,France,France,FR,35.68,55.95,91.15,29.05,opendata.reseaux-energies.fr,false,""
2024-01-29T19:00:00.000000,France,France,FR,32.15,51.83,91.88,29.51,opendata.reseaux-energies.fr,false,""
2024-01-29T20:00:00.000000,France,France,FR,30.38,49.63,92.33,29.3,opendata.reseaux-energies.fr,false,""
2024-01-29T21:00:00.000000,France,France,FR,28.39,47.05,92.89,28.59,opendata.reseaux-energies.fr,false,""
2024-01-29T22:00:00.000000,France,France,FR,33.14,53.15,91.59,27.01,opendata.reseaux-energies.fr,false,""
2024-01-29T23:00:00.000000,France,France,FR,30.9,50.22,92.23,25.81,opendata.reseaux-energies.fr,false,""
2024-01-30T00:00:00.000000,France,France,FR,24.16,41.43,94.1,25.02,opendata.reseaux-energies.fr,false,""
2024-01-30T01:00:00.000000,France,France,FR,25.72,43.42,93.68,24.48,opendata.reseaux-energies.fr,false,""
2024-01-30T02:00:00.000000,France,France,FR,26.19,44.03,93.55,23.75,opendata.reseaux-energies.fr,false,""
2024-01-30T03:00:00.000000,France,France,FR,25.67,43.32,93.71,23.07,opendata.reseaux-energies.fr,false,""
2024-01-30T04:00:00.000000,France,France,FR,26.57,44.47,93.46,23.16,opendata.reseaux-energies.fr,false,""
2024-01-30T05:00:00.000000,France,France,FR,29.66,48.53,92.63,23.82,opendata.reseaux-energies.fr,false,""
2024-01-30T06:00:00.000000,France,France,FR,40.52,62.81,89.67,24.8,opendata.reseaux-energies.fr,false,""
2024-01-30T07:00:00.000000,France,France,FR,40.43,62.22,89.85,25.76,opendata.reseaux-energies.fr,false,""
2024-01-30T08:00:00.000000,France,France,FR,38.62,60.01,90.4,26.66,opendata.reseaux-energies.fr,false,""
2024-01-30T09:00:00.000000,France,France,FR,35.07,56.03,91.4,27.2,opendata.reseaux-energies.fr,false,""
2024-01-30T10:00:00.000000,France,France,FR,30.67,50.87,92.72,27.96,opendata.reseaux-energies.fr,false,""
2024-01-30T11:00:00.000000,France,France,FR,28.74,48.75,93.26,29.13,opendata.reseaux-energies.fr,false,""
2024-01-30T12:00:00.000000,France,France,FR,28.97,49.1,93.22,29.41,opendata.reseaux-energies.fr,false,""
2024-01-30T13:00:00.000000,France,France,FR,29.92,50.25,92.94,28.64,opendata.reseaux-energies.fr,false,""
2024-01-30T14:00:00.000000,France,France,FR,32.5,53.28,92.2,26.75,opendata.reseaux-energies.fr,false,""
2024-01-30T15:00:00.000000,France,France,FR,36.97,58.54,90.98,24.29,opendata.reseaux-energies.fr,false,""
2024-01-30T16:00:00.000000,France,France,FR,40.18,61.97,90.04,22.42,opendata.reseaux-energies.fr,false,""
2024-01-30T17:00:00.000000,France,France,FR,37.51,58.32,90.56,22.45,opendata.reseaux-energies.fr,false,""
2024-01-30T18:00:00.000000,France,France,FR,37.26,58.26,90.46,23.03,opendata.reseaux-energies.fr,false,""
2024-01-30T19:00:00.000000,France,France,FR,38.58,59.89,90.11,21.85,opendata.reseaux-energies.fr,false,""
2024-01-30T20:00:00.000000,France,France,FR,40.49,62.39,89.59,20.19,opendata.reseaux-energies.fr,false,""
2024-01-30T21:00:00.000000,France,France,FR,40.4,62.25,89.69,18.56,opendata.reseaux-energies.fr,false,""
2024-01-30T22:00:00.000000,France,France,FR,39.54,61.16,89.91,18.32,opendata.reseaux-energies.fr,false,""
2024-01-30T23:00:00.000000,France,France,FR,36.13,56.71,90.83,17.61,opendata.reseaux-energies.fr,false,""
2024-01-31T00:00:00.000000,France,France,FR,30.3,49.09,92.53,16.95,opendata.reseaux-energies.fr,false,""
2024-01-31T01:00:00.000000,France,France,FR,30.65,49.58,92.42,17.03,opendata.reseaux-energies.fr,false,""
2024-01-31T02:00:00.000000,France,France,FR,31.36,50.47,92.25,16.43,opendata.reseaux-energies.fr,false,""
2024-01-31T03:00:00.000000,France,France,FR,32.64,52.29,91.96,16.54,opendata.reseaux-energies.fr,false,""
2024-01-31T04:00:00.000000,France,France,FR,38.12,59.62,90.56,17.11,opendata.reseaux-energies.fr,false,""
2024-01-31T05:00:00.000000,France,France,FR,45.48,69.2,88.65,19.09,opendata.reseaux-energies.fr,false,""
2024-01-31T06:00:00.000000,France,France,FR,47.51,71.79,87.89,20.95,opendata.reseaux-energies.fr,false,""
2024-01-31T07:00:00.000000,France,France,FR,47.57,71.32,88.02,21.99,opendata.reseaux-energies.fr,false,""
2024-01-31T08:00:00.000000,France,France,FR,47.82,71.79,88.04,23.48,opendata.reseaux-energies.fr,false,""
2024-01-31T09:00:00.000000,France,France,FR,46.08,70.19,88.5,25.25,opendata.reseaux-energies.fr,false,""
2024-01-31T10:00:00.000000,France,France,FR,44.7,69.12,88.89,26.17,opendata.reseaux-energies.fr,false,""
2024-01-31T11:00:00.000000,France,France,FR,39.17,62.38,90.38,27.14,opendata.reseaux-energies.fr,false,""
2024-01-31T12:00:00.000000,France,France,FR,31.21,52.25,92.55,28.26,opendata.reseaux-energies.fr,false,""
2024-01-31T13:00:00.000000,France,France,FR,27.85,47.86,93.52,28.26,opendata.reseaux-energies.fr,false,""
2024-01-31T14:00:00.000000,France,France,FR,27.03,46.47,93.76,27.11,opendata.reseaux-energies.fr,false,""
2024-01-31T15:00:00.000000,France,France,FR,29.8,49.38,92.98,24.45,opendata.reseaux-energies.fr,false,""
2024-01-31T16:00:00.000000,France,France,FR,34.01,54.04,91.78,21.97,opendata.reseaux-energies.fr,false,""
2024-01-31T17:00:00.000000,France,France,FR,33.41,53.04,91.77,23.18,opendata.reseaux-energies.fr,false,""
2024-01-31T18:00:00.000000,France,France,FR,32.37,51.95,91.97,25.39,opendata.reseaux-energies.fr,false,""
2024-01-31T19:00:00.000000,France,France,FR,30.88,50.06,92.36,25.65,opendata.reseaux-energies.fr,false,""
2024-01-31T20:00:00.000000,France,France,FR,26.53,44.5,93.65,25.18,opendata.reseaux-energies.fr,false,""
2024-01-31T21:00:00.000000,France,France,FR,21.99,38.66,94.94,25.52,opendata.reseaux-energies.fr,false,""
2024-01-31T22:00:00.000000,France,France,FR,21.82,38.48,94.97,25.87,opendata.reseaux-energies.fr,false,""
2024-01-31T23:00:00.000000,France,France,FR,21.6,38.27,95.02,25.99,opendata.reseaux-energies.fr,false,""
2024-02-01T00:00:00.000000,France,France,FR,21.51,38.17,95.12,26.06,opendata.reseaux-energies.fr,false,""
2024-02-01T01:00:00.000000,France,France,FR,20.84,37.29,95.24,25.53,opendata.reseaux-energies.fr,false,""
2024-02-01T02:00:00.000000,France,France,FR,19.38,35.49,95.46,24.34,opendata.reseaux-energies.fr,false,""
2024-02-01T03:00:00.000000,France,France,FR,18.78,34.66,95.63,23.71,opendata.reseaux-energies.fr,false,""
2024-02-01T04:00:00.000000,France,France,FR,20.11,36.26,95.27,22.51,opendata.reseaux-energies.fr,false,""
2024-02-01T05:00:00.000000,France,France,FR,26.11,43.97,93.72,22.81,opendata.reseaux-energies.fr,false,""
2024-02-01T06:00:00.000000,France,France,FR,30.32,49.42,92.45,23.85,opendata.reseaux-energies.fr,false,""
2024-02-01T07:00:00.000000,France,France,FR,34.07,54.0,91.62,24.12,opendata.reseaux-energies.fr,false,""
2024-02-01T08:00:00.000000,France,France,FR,34.37,54.37,91.76,25.15,opendata.reseaux-energies.fr,false,""
2024-02-01T09:00:00.000000,France,France,FR,34.35,54.51,91.87,25.54,opendata.reseaux-energies.fr,false,""
2024-02-01T10:00:00.000000,France,France,FR,36.9,57.99,91.32,24.97,opendata.reseaux-energies.fr,false,""
2024-02-01T11:00:00.000000,France,France,FR,37.33,58.73,91.2,24.25,opendata.reseaux-energies.fr,false,""
2024-02-01T12:00:00.000000,France,France,FR,36.29,57.43,91.43,23.17,opendata.reseaux-energies.fr,false,""
2024-02-01T13:00:00.000000,France,France,FR,35.78,56.86,91.55,22.72,opendata.reseaux-energies.fr,false,""
2024-02-01T14:00:00.000000,France,France,FR,34.79,55.45,91.7,22.72,opendata.reseaux-energies.fr,false,""
2024-02-01T15:00:00.000000,France,France,FR,35.38,55.92,91.52,22.64,opendata.reseaux-energies.fr,false,""
2024-02-01T16:00:00.000000,France,France,FR,36.48,57.04,91.18,22.51,opendata.reseaux-energies.fr,false,""
2024-02-01T17:00:00.000000,France,France,FR,35.57,55.75,91.27,22.7,opendata.reseaux-energies.fr,false,""
2024-02-01T18:00:00.000000,France,France,FR,33.72,53.45,91.63,23.5,opendata.reseaux-energies.fr,false,""
2024-02-01T19:00:00.000000,France,France,FR,32.89,52.59,91.72,22.07,opendata.reseaux-energies.fr,false,""
2024-02-01T20:00:00.000000,France,France,FR,34.27,54.24,91.45,20.14,opendata.reseaux-energies.fr,false,""
2024-02-01T21:00:00.000000,France,France,FR,32.69,52.23,91.89,18.9,opendata.reseaux-energies.fr,false,""
2024-02-01T22:00:00.000000,France,France,FR,31.45,50.76,92.19,18.86,opendata.reseaux-energies.fr,false,""
2024-02-01T23:00:00.000000,France,France,FR,28.24,47.21,92.79,19.02,opendata.reseaux-energies.fr,false,""
2024-02-02T00:00:00.000000,France,France,FR,21.07,38.16,94.62,18.93,opendata.reseaux-energies.fr,false,""
2024-02-02T01:00:00.000000,France,France,FR,20.28,37.17,94.81,18.74,opendata.reseaux-energies.fr,false,""
2024-02-02T02:00:00.000000,France,France,FR,18.96,35.57,95.15,19.84,opendata.reseaux-energies.fr,false,""
2024-02-02T03:00:00.000000,France,France,FR,18.42,34.96,95.24,19.98,opendata.reseaux-energies.fr,false,""
2024-02-02T04:00:00.000000,France,France,FR,19.93,36.95,94.91,21.7,opendata.reseaux-energies.fr,false,""
2024-02-02T05:00:00.000000,France,France,FR,20.65,37.77,94.79,23.23,opendata.reseaux-energies.fr,false,""
2024-02-02T06:00:00.000000,France,France,FR,21.56,39.01,94.54,25.65,opendata.reseaux-energies.fr,false,""
2024-02-02T07:00:00.000000,France,France,FR,19.85,36.4,94.93,25.55,opendata.reseaux-energies.fr,false,""
2024-02-02T08:00:00.000000,France,France,FR,19.85,36.61,94.98,27.12,opendata.reseaux-energies.fr,false,""
2024-02-02T09:00:00.000000,France,France,FR,19.78,37.09,94.99,28.91,opendata.reseaux-energies.fr,false,""
2024-02-02T10:00:00.000000,France,France,FR,18.2,35.55,95.36,29.57,opendata.reseaux-energies.fr,false,""
2024-02-02T11:00:00.000000,France,France,FR,17.65,35.31,95.49,29.96,opendata.reseaux-energies.fr,false,""
2024-02-02T12:00:00.000000,France,France,FR,17.43,35.32,95.56,29.46,opendata.reseaux-energies.fr,false,""
2024-02-02T13:00:00.000000,France,France,FR,16.52,34.12,95.82,29.11,opendata.reseaux-energies.fr,false,""
2024-02-02T14:00:00.000000,France,France,FR,17.21,34.76,95.62,28.27,opendata.reseaux-energies.fr,false,""
2024-02-02T15:00:00.000000,France,France,FR,18.14,35.49,95.38,26.66,opendata.reseaux-energies.fr,false,""
2024-02-02T16:00:00.000000,France,France,FR,18.68,35.47,95.23,24.75,opendata.reseaux-energies.fr,false,""
2024-02-02T17:00:00.000000,France,France,FR,18.53,34.91,95.24,25.79,opendata.reseaux-energies.fr,false,""
2024-02-02T18:00:00.000000,France,France,FR,18.74,35.19,95.2,27.6,opendata.reseaux-energies.fr,false,""
2024-02-02T19:00:00.000000,France,France,FR,18.97,35.44,95.32,27.69,opendata.reseaux-energies.fr,false,""
2024-02-02T20:00:00.000000,France,France,FR,19.28,35.85,95.41,27.73,opendata.reseaux-energies.fr,false,""
2024-02-02T21:00:00.000000,France,France,FR,18.78,35.43,95.43,26.21,opendata.reseaux-energies.fr,false,""
2024-02-02T22:00:00.000000,France,France,FR,20.79,38.05,95.08,26.42,opendata.reseaux-energies.fr,false,""
2024-02-02T23:00:00.000000,France,France,FR,20.47,37.8,95.1,25.42,opendata.reseaux-energies.fr,false,""
2024-02-03T00:00:00.000000,France,France,FR,20.57,37.93,95.08,23.74,opendata.reseaux-energies.fr,false,""
2024-02-03T01:00:00.000000,France,France,FR,20.71,38.18,95.02,23.35,opendata.reseaux-energies.fr,false,""
2024-02-03T02:00:00.000000,France,France,FR,22.67,40.86,94.63,23.37,opendata.reseaux-energies.fr,false,""
2024-02-03T03:00:00.000000,France,France,FR,21.89,40.06,94.68,22.63,opendata.reseaux-energies.fr,false,""
2024-02-03T04:00:00.000000,France,France,FR,21.4,39.52,94.75,22.36,opendata.reseaux-energies.fr,false,""
2024-02-03T05:00:00.000000,France,France,FR,22.1,40.15,94.7,22.66,opendata.reseaux-energies.fr,false,""
2024-02-03T06:00:00.000000,France,France,FR,21.8,39.42,94.84,22.59,opendata.reseaux-energies.fr,false,""
2024-02-03T07:00:00.000000,France,France,FR,20.49,37.64,95.1,23.62,opendata.reseaux-energies.fr,false,""
2024-02-03T08:00:00.000000,France,France,FR,19.26,36.4,95.4,25.82,opendata.reseaux-energies.fr,false,""
2024-02-03T09:00:00.000000,France,France,FR,16.28,33.37,95.91,27.28,opendata.reseaux-energies.fr,false,""
2024-02-03T10:00:00.000000,France,France,FR,15.71,33.1,96.03,28.66,opendata.reseaux-energies.fr,false,""
2024-02-03T11:00:00.000000,France,France,FR,16.23,34.03,95.94,29.19,opendata.reseaux-energies.fr,false,""
2024-02-03T12:00:00.000000,France,France,FR,16.21,34.15,95.93,29.45,opendata.reseaux-energies.fr,false,""
2024-02-03T13:00:00.000000,France,France,FR,15.25,32.81,96.09,28.81,opendata.reseaux-energies.fr,false,""
2024-02-03T14:00:00.000000,France,France,FR,15.32,32.73,96.08,28.4,opendata.reseaux-energies.fr,false,""
2024-02-03T15:00:00.000000,France,France,FR,16.08,33.23,95.91,27.02,opendata.reseaux-energies.fr,false,""
2024-02-03T16:00:00.000000,France,France,FR,15.74,31.98,95.95,25.09,opendata.reseaux-energies.fr,false,""
2024-02-03T17:00:00.000000,France,France,FR,16.04,31.92,95.9,25.77,opendata.reseaux-energies.fr,false,""
2024-02-03T18:00:00.000000,France,France,FR,18.07,34.4,95.58,27.41,opendata.reseaux-energies.fr,false,""
2024-02-03T19:00:00.000000,France,France,FR,18.24,34.7,95.54,26.53,opendata.reseaux-energies.fr,false,""
2024-02-03T20:00:00.000000,France,France,FR,17.72,34.15,95.58,24.78,opendata.reseaux-energies.fr,false,""
2024-02-03T21:00:00.000000,France,France,FR,18.29,34.95,95.47,24.5,opendata.reseaux-energies.fr,false,""
2024-02-03T22:00:00.000000,France,France,FR,19.87,37.08,95.21,24.7,opendata.reseaux-energies.fr,false,""
2024-02-03T23:00:00.000000,France,France,FR,21.35,38.94,95.03,24.82,opendata.reseaux-energies.fr,false,""
2024-02-04T00:00:00.000000,France,France,FR,21.8,39.69,94.95,25.03,opendata.reseaux-energies.fr,false,""
2024-02-04T01:00:00.000000,France,France,FR,21.93,39.93,94.87,24.56,opendata.reseaux-energies.fr,false,""
2024-02-04T02:00:00.000000,France,France,FR,21.92,40.14,94.83,24.51,opendata.reseaux-energies.fr,false,""
2024-02-04T03:00:00.000000,France,France,FR,19.86,37.81,95.05,24.04,opendata.reseaux-energies.fr,false,""
2024-02-04T04:00:00.000000,France,France,FR,19.33,37.08,95.11,23.75,opendata.reseaux-energies.fr,false,""
2024-02-04T05:00:00.000000,France,France,FR,19.92,37.74,95.05,24.19,opendata.reseaux-energies.fr,false,""
2024-02-04T06:00:00.000000,France,France,FR,21.03,39.11,94.9,25.51,opendata.reseaux-energies.fr,false,""
2024-02-04T07:00:00.000000,France,France,FR,20.92,38.93,94.97,26.28,opendata.reseaux-energies.fr,false,""
2024-02-04T08:00:00.000000,France,France,FR,21.65,39.95,95.01,28.04,opendata.reseaux-energies.fr,false,""
2024-02-04T09:00:00.000000,France,France,FR,20.91,39.54,95.18,30.65,opendata.reseaux-energies.fr,false,""
2024-02-04T10:00:00.000000,France,France,FR,18.99,37.5,95.52,31.54,opendata.reseaux-energies.fr,false,""
2024-02-04T11:00:00.000000,France,France,FR,17.63,35.85,95.76,31.84,opendata.reseaux-energies.fr,false,""
2024-02-04T12:00:00.000000,France,France,FR,16.85,34.91,95.89,31.94,opendata.reseaux-energies.fr,false,""
2024-02-04T13:00:00.000000,France,France,FR,15.55,33.23,96.07,30.81,opendata.reseaux-energies.fr,false,""
2024-02-04T14:00:00.000000,France,France,FR,14.75,31.87,96.19,29.3,opendata.reseaux-energies.fr,false,""
2024-02-04T15:00:00.000000,France,France,FR,15.23,31.93,96.1,27.41,opendata.reseaux-energies.fr,false,""
2024-02-04T16:00:00.000000,France,France,FR,15.61,31.85,96.0,26.5,opendata.reseaux-energies.fr,false,""
2024-02-04T17:00:00.000000,France,France,FR,18.03,34.57,95.66,28.22,opendata.reseaux-energies.fr,false,""
2024-02-04T18:00:00.000000,France,France,FR,18.4,34.77,95.64,29.37,opendata.reseaux-energies.fr,false,""
2024-02-04T19:00:00.000000,France,France,FR,17.64,33.86,95.73,28.55,opendata.reseaux-energies.fr,false,""
2024-02-04T20:00:00.000000,France,France,FR,18.34,34.8,95.58,27.04,opendata.reseaux-energies.fr,false,""
2024-02-04T21:00:00.000000,France,France,FR,19.26,36.05,95.38,25.96,opendata.reseaux-energies.fr,false,""
2024-02-04T22:00:00.000000,France,France,FR,19.61,36.55,95.35,25.93,opendata.reseaux-energies.fr,false,""
2024-02-04T23:00:00.000000,France,France,FR,20.25,37.55,95.21,26.29,opendata.reseaux-energies.fr,false,""
2024-02-05T00:00:00.000000,France,France,FR,23.02,41.2,94.79,27.1,opendata.reseaux-energies.fr,false,""
2024-02-05T01:00:00.000000,France,France,FR,22.46,40.6,94.81,26.73,opendata.reseaux-energies.fr,false,""
2024-02-05T02:00:00.000000,France,France,FR,21.57,39.66,94.91,26.31,opendata.reseaux-energies.fr,false,""
2024-02-05T03:00:00.000000,France,France,FR,20.74,38.74,94.99,26.28,opendata.reseaux-energies.fr,false,""
2024-02-05T04:00:00.000000,France,France,FR,22.08,40.34,94.81,27.51,opendata.reseaux-energies.fr,false,""
2024-02-05T05:00:00.000000,France,France,FR,21.36,39.32,94.92,27.69,opendata.reseaux-energies.fr,false,""
2024-02-05T06:00:00.000000,France,France,FR,19.48,36.32,95.36,27.19,opendata.reseaux-energies.fr,false,""
2024-02-05T07:00:00.000000,France,France,FR,20.04,36.72,95.33,29.15,opendata.reseaux-energies.fr,false,""
2024-02-05T08:00:00.000000,France,France,FR,18.7,35.3,95.57,29.98,opendata.reseaux-energies.fr,false,""
2024-02-05T09:00:00.000000,France,France,FR,17.32,33.96,95.83,30.15,opendata.reseaux-energies.fr,false,""
2024-02-05T10:00:00.000000,France,France,FR,17.63,34.77,95.81,30.93,opendata.reseaux-energies.fr,false,""
2024-02-05T11:00:00.000000,France,France,FR,17.12,34.46,95.87,30.89,opendata.reseaux-energies.fr,false,""
2024-02-05T12:00:00.000000,France,France,FR,17.28,34.89,95.82,30.61,opendata.reseaux-energies.fr,false,""
2024-02-05T13:00:00.000000,France,France,FR,17.11,34.67,95.82,30.25,opendata.reseaux-energies.fr,false,""
2024-02-05T14:00:00.000000,France,France,FR,15.94,32.89,95.97,28.67,opendata.reseaux-energies.fr,false,""
2024-02-05T15:00:00.000000,France,France,FR,15.49,31.81,96.01,27.23,opendata.reseaux-energies.fr,false,""
2024-02-05T16:00:00.000000,France,France,FR,15.68,31.47,95.96,26.28,opendata.reseaux-energies.fr,false,""
2024-02-05T17:00:00.000000,France,France,FR,20.25,36.9,95.35,28.06,opendata.reseaux-energies.fr,false,""
2024-02-05T18:00:00.000000,France,France,FR,22.89,40.15,95.01,29.93,opendata.reseaux-energies.fr,false,""
2024-02-05T19:00:00.000000,France,France,FR,21.61,38.68,95.18,28.7,opendata.reseaux-energies.fr,false,""
2024-02-05T20:00:00.000000,France,France,FR,18.4,34.75,95.6,26.96,opendata.reseaux-energies.fr,false,""
2024-02-05T21:00:00.000000,France,France,FR,16.74,32.78,95.84,26.33,opendata.reseaux-energies.fr,false,""
2024-02-05T22:00:00.000000,France,France,FR,16.96,33.1,95.8,26.53,opendata.reseaux-energies.fr,false,""
2024-02-05T23:00:00.000000,France,France,FR,17.15,33.46,95.78,26.54,opendata.reseaux-energies.fr,false,""
2024-02-06T00:00:00.000000,France,France,FR,17.23,33.58,95.78,27.19,opendata.reseaux-energies.fr,false,""
2024-02-06T01:00:00.000000,France,France,FR,16.63,32.86,95.88,27.52,opendata.reseaux-energies.fr,false,""
2024-02-06T02:00:00.000000,France,France,FR,15.99,32.21,95.92,27.56,opendata.reseaux-energies.fr,false,""
2024-02-06T03:00:00.000000,France,France,FR,15.44,31.51,96.04,27.03,opendata.reseaux-energies.fr,false,""
2024-02-06T04:00:00.000000,France,France,FR,15.43,31.44,96.05,27.63,opendata.reseaux-energies.fr,false,""
2024-02-06T05:00:00.000000,France,France,FR,15.45,31.42,96.02,27.96,opendata.reseaux-energies.fr,false,""
2024-02-06T06:00:00.000000,France,France,FR,17.82,34.12,95.81,28.91,opendata.reseaux-energies.fr,false,""
2024-02-06T07:00:00.000000,France,France,FR,18.59,35.02,95.77,30.15,opendata.reseaux-energies.fr,false,""
2024-02-06T08:00:00.000000,France,France,FR,17.61,33.9,96.0,31.1,opendata.reseaux-energies.fr,false,""
2024-02-06T09:00:00.000000,France,France,FR,14.45,30.1,96.46,31.55,opendata.reseaux-energies.fr,false,""
2024-02-06T10:00:00.000000,France,France,FR,14.93,31.06,96.41,31.83,opendata.reseaux-energies.fr,false,""
2024-02-06T11:00:00.000000,France,France,FR,13.29,29.44,96.68,32.51,opendata.reseaux-energies.fr,false,""
2024-02-06T12:00:00.000000,France,France,FR,12.75,28.88,96.76,33.03,opendata.reseaux-energies.fr,false,""
2024-02-06T13:00:00.000000,France,France,FR,12.62,28.68,96.77,32.62,opendata.reseaux-energies.fr,false,""
2024-02-06T14:00:00.000000,France,France,FR,12.64,28.48,96.72,31.91,opendata.reseaux-energies.fr,false,""
2024-02-06T15:00:00.000000,France,France,FR,12.55,28.05,96.71,31.28,opendata.reseaux-energies.fr,false,""
2024-02-06T16:00:00.000000,France,France,FR,12.63,27.77,96.7,31.05,opendata.reseaux-energies.fr,false,""
2024-02-06T17:00:00.000000,France,France,FR,12.94,27.93,96.62,31.98,opendata.reseaux-energies.fr,false,""
2024-02-06T18:00:00.000000,France,France,FR,12.89,27.83,96.64,33.23,opendata.reseaux-energies.fr,false,""
2024-02-06T19:00:00.000000,France,France,FR,12.58,27.55,96.71,33.13,opendata.reseaux-energies.fr,false,""
2024-02-06T20:00:00.000000,France,France,FR,12.55,27.66,96.72,33.2,opendata.reseaux-energies.fr,false,""
2024-02-06T21:00:00.000000,France,France,FR,12.77,27.97,96.67,32.44,opendata.reseaux-energies.fr,false,""
2024-02-06T22:00:00.000000,France,France,FR,12.64,27.88,96.7,32.65,opendata.reseaux-energies.fr,false,""
2024-02-06T23:00:00.000000,France,France,FR,12.65,27.91,96.71,32.93,opendata.reseaux-energies.fr,false,""
2024-02-07T00:00:00.000000,France,France,FR,12.75,28.06,96.68,32.69,opendata.reseaux-energies.fr,false,""
2024-02-07T01:00:00.000000,France,France,FR,12.91,28.3,96.63,32.67,opendata.reseaux-energies.fr,false,""
2024-02-07T02:00:00.000000,France,France,FR,12.99,28.42,96.62,32.53,opendata.reseaux-energies.fr,false,""
2024-02-07T03:00:00.000000,France,France,FR,12.96,28.39,96.62,32.49,opendata.reseaux-energies.fr,false,""
2024-02-07T04:00:00.000000,France,France,FR,12.99,28.39,96.61,32.6,opendata.reseaux-energies.fr,false,""
2024-02-07T05:00:00.000000,France,France,FR,12.81,28.03,96.66,32.96,opendata.reseaux-energies.fr,false,""
2024-02-07T06:00:00.000000,France,France,FR,13.28,28.4,96.57,33.94,opendata.reseaux-energies.fr,false,""
2024-02-07T07:00:00.000000,France,France,FR,13.41,28.42,96.57,35.11,opendata.reseaux-energies.fr,false,""
2024-02-07T08:00:00.000000,France,France,FR,13.38,28.72,96.6,36.09,opendata.reseaux-energies.fr,false,""
2024-02-07T09:00:00.000000,France,France,FR,12.7,28.52,96.77,37.02,opendata.reseaux-energies.fr,false,""
2024-02-07T10:00:00.000000,France,France,FR,12.8,29.09,96.76,37.71,opendata.reseaux-energies.fr,false,""
2024-02-07T11:00:00.000000,France,France,FR,13.16,29.84,96.69,38.0,opendata.reseaux-energies.fr,false,""
2024-02-07T12:00:00.000000,France,France,FR,13.05,29.8,96.71,37.34,opendata.reseaux-energies.fr,false,""
2024-02-07T13:00:00.000000,France,France,FR,13.4,30.01,96.64,36.26,opendata.reseaux-energies.fr,false,""
2024-02-07T14:00:00.000000,France,France,FR,14.04,30.44,96.5,34.69,opendata.reseaux-energies.fr,false,""
2024-02-07T15:00:00.000000,France,France,FR,14.39,30.44,96.41,32.88,opendata.reseaux-energies.fr,false,""
2024-02-07T16:00:00.000000,France,France,FR,15.27,31.08,96.18,31.41,opendata.reseaux-energies.fr,false,""
2024-02-07T17:00:00.000000,France,France,FR,15.17,30.57,96.18,31.23,opendata.reseaux-energies.fr,false,""
2024-02-07T18:00:00.000000,France,France,FR,15.21,30.58,96.13,32.11,opendata.reseaux-energies.fr,false,""
2024-02-07T19:00:00.000000,France,France,FR,15.34,30.75,96.11,31.01,opendata.reseaux-energies.fr,false,""
2024-02-07T20:00:00.000000,France,France,FR,14.89,30.27,96.2,29.42,opendata.reseaux-energies.fr,false,""
2024-02-07T21:00:00.000000,France,France,FR,15.69,31.28,96.02,28.14,opendata.reseaux-energies.fr,false,""
2024-02-07T22:00:00.000000,France,France,FR,15.98,31.61,95.97,27.81,opendata.reseaux-energies.fr,false,""
2024-02-07T23:00:00.000000,France,France,FR,15.97,31.69,95.99,27.31,opendata.reseaux-energies.fr,false,""
2024-02-08T00:00:00.000000,France,France,FR,15.84,31.66,96.03,26.7,opendata.reseaux-energies.fr,false,""
2024-02-08T01:00:00.000000,France,France,FR,15.55,31.29,96.1,26.38,opendata.reseaux-energies.fr,false,""
2024-02-08T02:00:00.000000,France,France,FR,15.63,31.37,96.09,25.82,opendata.reseaux-energies.fr,false,""
2024-02-08T03:00:00.000000,France,France,FR,15.76,31.59,96.05,25.49,opendata.reseaux-energies.fr,false,""
2024-02-08T04:00:00.000000,France,France,FR,15.72,31.5,96.07,26.02,opendata.reseaux-energies.fr,false,""
2024-02-08T05:00:00.000000,France,France,FR,15.09,30.67,96.22,27.71,opendata.reseaux-energies.fr,false,""
2024-02-08T06:00:00.000000,France,France,FR,14.52,29.9,96.35,29.59,opendata.reseaux-energies.fr,false,""
2024-02-08T07:00:00.000000,France,France,FR,14.28,29.56,96.41,31.3,opendata.reseaux-energies.fr,false,""
2024-02-08T08:00:00.000000,France,France,FR,13.63,29.02,96.56,32.47,opendata.reseaux-energies.fr,false,""
2024-02-08T09:00:00.000000,France,France,FR,13.17,28.98,96.68,34.05,opendata.reseaux-energies.fr,false,""
2024-02-08T10:00:00.000000,France,France,FR,12.6,28.69,96.83,35.87,opendata.reseaux-energies.fr,false,""
2024-02-08T11:00:00.000000,France,France,FR,12.59,28.83,96.86,37.41,opendata.reseaux-energies.fr,false,""
2024-02-08T12:00:00.000000,France,France,FR,12.6,28.89,96.84,37.7,opendata.reseaux-energies.fr,false,""
2024-02-08T13:00:00.000000,France,France,FR,12.23,28.23,96.89,36.71,opendata.reseaux-energies.fr,false,""
2024-02-08T14:00:00.000000,France,France,FR,12.11,27.72,96.89,35.68,opendata.reseaux-energies.fr,false,""
2024-02-08T15:00:00.000000,France,France,FR,13.02,28.54,96.7,34.52,opendata.reseaux-energies.fr,false,""
2024-02-08T16:00:00.000000,France,France,FR,14.12,29.68,96.47,33.89,opendata.reseaux-energies.fr,false,""
2024-02-08T17:00:00.000000,France,France,FR,14.02,29.4,96.48,33.71,opendata.reseaux-energies.fr,false,""
2024-02-08T18:00:00.000000,France,France,FR,13.59,28.79,96.58,35.05,opendata.reseaux-energies.fr,false,""
2024-02-08T19:00:00.000000,France,France,FR,13.07,28.18,96.67,34.55,opendata.reseaux-energies.fr,false,""
2024-02-08T20:00:00.000000,France,France,FR,13.41,28.77,96.59,34.05,opendata.reseaux-energies.fr,false,""
2024-02-08T21:00:00.000000,France,France,FR,13.32,28.73,96.62,34.57,opendata.reseaux-energies.fr,false,""
2024-02-08T22:00:00.000000,France,France,FR,13.2,28.54,96.67,34.55,opendata.reseaux-energies.fr,false,""
2024-02-08T23:00:00.000000,France,France,FR,12.76,28.04,96.75,34.48,opendata.reseaux-energies.fr,false,""
2024-02-09T00:00:00.000000,France,France,FR,12.76,28.25,96.71,34.44,opendata.reseaux-energies.fr,false,""
2024-02-09T01:00:00.000000,France,France,FR,12.4,27.8,96.78,34.16,opendata.reseaux-energies.fr,false,""
2024-02-09T02:00:00.000000,France,France,FR,12.59,28.15,96.73,34.54,opendata.reseaux-energies.fr,false,""
2024-02-09T03:00:00.000000,France,France,FR,12.83,28.51,96.67,34.39,opendata.reseaux-energies.fr,false,""
2024-02-09T04:00:00.000000,France,France,FR,12.67,28.22,96.72,33.97,opendata.reseaux-energies.fr,false,""
2024-02-09T05:00:00.000000,France,France,FR,12.55,27.88,96.75,33.54,opendata.reseaux-energies.fr,false,""
2024-02-09T06:00:00.000000,France,France,FR,13.23,28.44,96.64,33.33,opendata.reseaux-energies.fr,false,""
2024-02-09T07:00:00.000000,France,France,FR,13.73,29.03,96.54,33.11,opendata.reseaux-energies.fr,false,""
2024-02-09T08:00:00.000000,France,France,FR,13.52,28.91,96.59,33.4,opendata.reseaux-energies.fr,false,""
2024-02-09T09:00:00.000000,France,France,FR,13.33,28.82,96.64,33.6,opendata.reseaux-energies.fr,false,""
2024-02-09T10:00:00.000000,France,France,FR,13.66,29.43,96.57,33.43,opendata.reseaux-energies.fr,false,""
2024-02-09T11:00:00.000000,France,France,FR,13.76,29.74,96.56,33.52,opendata.reseaux-energies.fr,false,""
2024-02-09T12:00:00.000000,France,France,FR,14.02,30.41,96.49,33.94,opendata.reseaux-energies.fr,false,""
2024-02-09T13:00:00.000000,France,France,FR,14.38,30.9,96.4,33.06,opendata.reseaux-energies.fr,false,""
2024-02-09T14:00:00.000000,France,France,FR,14.84,31.42,96.31,32.15,opendata.reseaux-energies.fr,false,""
2024-02-09T15:00:00.000000,France,France,FR,15.39,31.84,96.16,30.69,opendata.reseaux-energies.fr,false,""
2024-02-09T16:00:00.000000,France,France,FR,16.22,32.51,95.92,29.06,opendata.reseaux-energies.fr,false,""
2024-02-09T17:00:00.000000,France,France,FR,17.14,33.46,95.64,30.24,opendata.reseaux-energies.fr,false,""
2024-02-09T18:00:00.000000,France,France,FR,15.92,31.83,95.95,32.13,opendata.reseaux-energies.fr,false,""
2024-02-09T19:00:00.000000,France,France,FR,15.39,31.23,96.1,32.13,opendata.reseaux-energies.fr,false,""
2024-02-09T20:00:00.000000,France,France,FR,16.14,32.24,95.89,30.49,opendata.reseaux-energies.fr,false,""
2024-02-09T21:00:00.000000,France,France,FR,16.52,32.75,95.79,28.47,opendata.reseaux-energies.fr,false,""
2024-02-09T22:00:00.000000,France,France,FR,16.6,32.87,95.78,28.07,opendata.reseaux-energies.fr,false,""
2024-02-09T23:00:00.000000,France,France,FR,17.08,33.61,95.67,27.52,opendata.reseaux-energies.fr,false,""
2024-02-10T00:00:00.000000,France,France,FR,17.51,34.23,95.55,25.8,opendata.reseaux-energies.fr,false,""
2024-02-10T01:00:00.000000,France,France,FR,18.1,34.83,95.4,24.58,opendata.reseaux-energies.fr,false,""
2024-02-10T02:00:00.000000,France,France,FR,18.76,35.75,95.23,23.85,opendata.reseaux-energies.fr,false,""
2024-02-10T03:00:00.000000,France,France,FR,19.25,36.36,95.1,22.89,opendata.reseaux-energies.fr,false,""
2024-02-10T04:00:00.000000,France,France,FR,19.81,37.02,94.94,22.51,opendata.reseaux-energies.fr,false,""
2024-02-10T05:00:00.000000,France,France,FR,20.74,38.28,94.68,23.23,opendata.reseaux-energies.fr,false,""
2024-02-10T06:00:00.000000,France,France,FR,23.11,41.47,94.01,24.41,opendata.reseaux-energies.fr,false,""
2024-02-10T07:00:00.000000,France,France,FR,23.85,42.43,93.8,25.52,opendata.reseaux-energies.fr,false,""
2024-02-10T08:00:00.000000,France,France,FR,23.25,41.72,93.95,26.92,opendata.reseaux-energies.fr,false,""
2024-02-10T09:00:00.000000,France,France,FR,22.72,41.26,94.09,27.9,opendata.reseaux-energies.fr,false,""
2024-02-10T10:00:00.000000,France,France,FR,22.04,40.67,94.28,28.79,opendata.reseaux-energies.fr,false,""
2024-02-10T11:00:00.000000,France,France,FR,22.24,41.23,94.23,29.76,opendata.reseaux-energies.fr,false,""
2024-02-10T12:00:00.000000,France,France,FR,20.19,38.75,94.77,31.24,opendata.reseaux-energies.fr,false,""
2024-02-10T13:00:00.000000,France,France,FR,18.0,35.91,95.37,31.55,opendata.reseaux-energies.fr,false,""
2024-02-10T14:00:00.000000,France,France,FR,17.14,34.66,95.62,31.78,opendata.reseaux-energies.fr,false,""
2024-02-10T15:00:00.000000,France,France,FR,17.33,34.58,95.57,30.8,opendata.reseaux-energies.fr,false,""
2024-02-10T16:00:00.000000,France,France,FR,17.54,34.38,95.52,30.39,opendata.reseaux-energies.fr,false,""
2024-02-10T17:00:00.000000,France,France,FR,18.21,34.88,95.33,30.8,opendata.reseaux-energies.fr,false,""
2024-02-10T18:00:00.000000,France,France,FR,21.4,38.97,94.61,31.16,opendata.reseaux-energies.fr,false,""
2024-02-10T19:00:00.000000,France,France,FR,26.54,45.74,93.46,31.2,opendata.reseaux-energies.fr,false,""
2024-02-10T20:00:00.000000,France,France,FR,19.36,36.59,95.01,31.89,opendata.reseaux-energies.fr,false,""
2024-02-10T21:00:00.000000,France,France,FR,17.62,34.35,95.5,31.59,opendata.reseaux-energies.fr,false,""
2024-02-10T22:00:00.000000,France,France,FR,17.69,34.35,95.49,30.88,opendata.reseaux-energies.fr,false,""
2024-02-10T23:00:00.000000,France,France,FR,18.06,34.86,95.42,30.61,opendata.reseaux-energies.fr,false,""
2024-02-11T00:00:00.000000,France,France,FR,17.92,34.68,95.49,29.93,opendata.reseaux-energies.fr,false,""
2024-02-11T01:00:00.000000,France,France,FR,18.32,35.2,95.38,29.84,opendata.reseaux-energies.fr,false,""
2024-02-11T02:00:00.000000,France,France,FR,18.32,35.24,95.39,30.12,opendata.reseaux-energies.fr,false,""
2024-02-11T03:00:00.000000,France,France,FR,18.6,35.61,95.33,29.95,opendata.reseaux-energies.fr,false,""
2024-02-11T04:00:00.000000,France,France,FR,18.83,35.94,95.26,29.8,opendata.reseaux-energies.fr,false,""
2024-02-11T05:00:00.000000,France,France,FR,18.68,35.66,95.3,29.8,opendata.reseaux-energies.fr,false,""
2024-02-11T06:00:00.000000,France,France,FR,18.56,35.5,95.34,30.11,opendata.reseaux-energies.fr,false,""
2024-02-11T07:00:00.000000,France,France,FR,18.73,35.73,95.33,30.65,opendata.reseaux-energies.fr,false,""
2024-02-11T08:00:00.000000,France,France,FR,18.22,35.53,95.45,32.33,opendata.reseaux-energies.fr,false,""
2024-02-11T09:00:00.000000,France,France,FR,17.08,34.75,95.7,34.87,opendata.reseaux-energies.fr,false,""
2024-02-11T10:00:00.000000,France,France,FR,15.7,33.44,96.05,37.02,opendata.reseaux-energies.fr,false,""
2024-02-11T11:00:00.000000,France,France,FR,15.11,32.97,96.18,38.33,opendata.reseaux-energies.fr,false,""
2024-02-11T12:00:00.000000,France,France,FR,14.38,32.18,96.35,38.68,opendata.reseaux-energies.fr,false,""
2024-02-11T13:00:00.000000,France,France,FR,14.15,31.8,96.39,38.2,opendata.reseaux-energies.fr,false,""
2024-02-11T14:00:00.000000,France,France,FR,14.35,31.81,96.33,37.34,opendata.reseaux-energies.fr,false,""
2024-02-11T15:00:00.000000,France,France,FR,15.91,33.34,95.94,35.49,opendata.reseaux-energies.fr,false,""
2024-02-11T16:00:00.000000,France,France,FR,17.03,34.03,95.69,33.05,opendata.reseaux-energies.fr,false,""
2024-02-11T17:00:00.000000,France,France,FR,18.74,35.6,95.27,32.68,opendata.reseaux-energies.fr,false,""
2024-02-11T18:00:00.000000,France,France,FR,19.57,36.51,95.01,33.21,opendata.reseaux-energies.fr,false,""
2024-02-11T19:00:00.000000,France,France,FR,19.42,36.29,95.04,32.16,opendata.reseaux-energies.fr,false,""
2024-02-11T20:00:00.000000,France,France,FR,18.55,35.14,95.28,30.52,opendata.reseaux-energies.fr,false,""
2024-02-11T21:00:00.000000,France,France,FR,17.86,34.3,95.47,29.91,opendata.reseaux-energies.fr,false,""
2024-02-11T22:00:00.000000,France,France,FR,18.92,35.75,95.17,28.79,opendata.reseaux-energies.fr,false,""
2024-02-11T23:00:00.000000,France,France,FR,19.59,36.67,95.0,27.03,opendata.reseaux-energies.fr,false,""
2024-02-12T00:00:00.000000,France,France,FR,19.61,36.66,95.0,25.75,opendata.reseaux-energies.fr,false,""
2024-02-12T01:00:00.000000,France,France,FR,20.11,37.29,94.86,25.38,opendata.reseaux-energies.fr,false,""
2024-02-12T02:00:00.000000,France,France,FR,22.32,40.16,94.27,23.85,opendata.reseaux-energies.fr,false,""
2024-02-12T03:00:00.000000,France,France,FR,25.68,44.22,93.5,22.73,opendata.reseaux-energies.fr,false,""
2024-02-12T04:00:00.000000,France,France,FR,30.02,49.38,92.61,21.95,opendata.reseaux-energies.fr,false,""
2024-02-12T05:00:00.000000,France,France,FR,37.44,58.92,90.62,22.11,opendata.reseaux-energies.fr,false,""
2024-02-12T06:00:00.000000,France,France,FR,45.02,68.42,88.72,23.74,opendata.reseaux-energies.fr,false,""
2024-02-12T07:00:00.000000,France,France,FR,50.13,74.75,87.53,24.28,opendata.reseaux-energies.fr,false,""
2024-02-12T08:00:00.000000,France,France,FR,48.52,72.87,87.92,25.05,opendata.reseaux-energies.fr,false,""
2024-02-12T09:00:00.000000,France,France,FR,46.71,70.79,88.48,26.06,opendata.reseaux-energies.fr,false,""
2024-02-12T10:00:00.000000,France,France,FR,46.33,70.61,88.61,26.44,opendata.reseaux-energies.fr,false,""
2024-02-12T11:00:00.000000,France,France,FR,46.1,70.5,88.72,26.14,opendata.reseaux-energies.fr,false,""
2024-02-12T12:00:00.000000,France,France,FR,43.18,66.88,89.48,25.99,opendata.reseaux-energies.fr,false,""
2024-02-12T13:00:00.000000,France,France,FR,44.83,69.07,88.98,25.43,opendata.reseaux-energies.fr,false,""
2024-02-12T14:00:00.000000,France,France,FR,46.43,70.96,88.55,24.86,opendata.reseaux-energies.fr,false,""
2024-02-12T15:00:00.000000,France,France,FR,48.32,73.08,88.04,23.84,opendata.reseaux-energies.fr,false,""
2024-02-12T16:00:00.000000,France,France,FR,49.81,74.5,87.62,22.74,opendata.reseaux-energies.fr,false,""
2024-02-12T17:00:00.000000,France,France,FR,49.02,73.29,87.66,23.62,opendata.reseaux-energies.fr,false,""
2024-02-12T18:00:00.000000,France,France,FR,48.06,72.4,87.66,25.17,opendata.reseaux-energies.fr,false,""
2024-02-12T19:00:00.000000,France,France,FR,45.29,68.88,88.38,25.03,opendata.reseaux-energies.fr,false,""
2024-02-12T20:00:00.000000,France,France,FR,43.65,66.78,88.85,24.16,opendata.reseaux-energies.fr,false,""
2024-02-12T21:00:00.000000,France,France,FR,35.26,55.89,91.27,24.23,opendata.reseaux-energies.fr,false,""
2024-02-12T22:00:00.000000,France,France,FR,30.52,49.84,92.65,24.89,opendata.reseaux-energies.fr,false,""
2024-02-12T23:00:00.000000,France,France,FR,27.82,46.23,93.46,24.1,opendata.reseaux-energies.fr,false,""
2024-02-13T00:00:00.000000,France,France,FR,24.47,41.9,94.35,23.72,opendata.reseaux-energies.fr,false,""
2024-02-13T01:00:00.000000,France,France,FR,25.01,42.6,94.21,23.87,opendata.reseaux-energies.fr,false,""
2024-02-13T02:00:00.000000,France,France,FR,24.59,42.04,94.33,23.17,opendata.reseaux-energies.fr,false,""
2024-02-13T03:00:00.000000,France,France,FR,24.65,42.17,94.29,22.79,opendata.reseaux-energies.fr,false,""
2024-02-13T04:00:00.000000,France,France,FR,25.55,43.36,94.08,23.07,opendata.reseaux-energies.fr,false,""
2024-02-13T05:00:00.000000,France,France,FR,29.59,48.53,93.03,24.64,opendata.reseaux-energies.fr,false,""
2024-02-13T06:00:00.000000,France,France,FR,35.77,56.66,91.2,26.71,opendata.reseaux-energies.fr,false,""
2024-02-13T07:00:00.000000,France,France,FR,35.13,55.69,91.5,27.46,opendata.reseaux-energies.fr,false,""
2024-02-13T08:00:00.000000,France,France,FR,34.43,55.08,91.9,29.23,opendata.reseaux-energies.fr,false,""
2024-02-13T09:00:00.000000,France,France,FR,33.62,54.96,92.17,30.69,opendata.reseaux-energies.fr,false,""
2024-02-13T10:00:00.000000,France,France,FR,30.34,51.45,93.06,32.2,opendata.reseaux-energies.fr,false,""
2024-02-13T11:00:00.000000,France,France,FR,28.15,48.72,93.78,33.92,opendata.reseaux-energies.fr,false,""
2024-02-13T12:00:00.000000,France,France,FR,26.35,46.22,94.34,34.6,opendata.reseaux-energies.fr,false,""
2024-02-13T13:00:00.000000,France,France,FR,27.72,47.46,94.2,34.46,opendata.reseaux-energies.fr,false,""
2024-02-13T14:00:00.000000,France,France,FR,30.97,51.1,93.35,33.37,opendata.reseaux-energies.fr,false,""
2024-02-13T15:00:00.000000,France,France,FR,38.0,59.49,91.46,31.01,opendata.reseaux-energies.fr,false,""
2024-02-13T16:00:00.000000,France,France,FR,41.65,63.39,90.48,28.56,opendata.reseaux-energies.fr,false,""
2024-02-13T17:00:00.000000,France,France,FR,41.94,63.22,90.34,28.88,opendata.reseaux-energies.fr,false,""
2024-02-13T18:00:00.000000,France,France,FR,39.23,59.81,90.91,30.62,opendata.reseaux-energies.fr,false,""
2024-02-13T19:00:00.000000,France,France,FR,38.4,59.07,90.99,31.3,opendata.reseaux-energies.fr,false,""
2024-02-13T20:00:00.000000,France,France,FR,38.93,59.82,90.89,30.33,opendata.reseaux-energies.fr,false,""
2024-02-13T21:00:00.000000,France,France,FR,35.32,55.63,91.56,29.46,opendata.reseaux-energies.fr,false,""
2024-02-13T22:00:00.000000,France,France,FR,30.49,50.08,92.43,29.43,opendata.reseaux-energies.fr,false,""
2024-02-13T23:00:00.000000,France,France,FR,26.69,45.19,93.44,28.45,opendata.reseaux-energies.fr,false,""
2024-02-14T00:00:00.000000,France,France,FR,21.04,37.85,95.03,28.15,opendata.reseaux-energies.fr,false,""
2024-02-14T01:00:00.000000,France,France,FR,21.55,38.47,94.94,28.32,opendata.reseaux-energies.fr,false,""
2024-02-14T02:00:00.000000,France,France,FR,21.22,38.1,94.97,27.4,opendata.reseaux-energies.fr,false,""
2024-02-14T03:00:00.000000,France,France,FR,21.3,38.16,94.97,26.63,opendata.reseaux-energies.fr,false,""
2024-02-14T04:00:00.000000,France,France,FR,22.02,39.02,94.82,26.35,opendata.reseaux-energies.fr,false,""
2024-02-14T05:00:00.000000,France,France,FR,24.9,42.7,94.09,27.21,opendata.reseaux-energies.fr,false,""
2024-02-14T06:00:00.000000,France,France,FR,31.64,51.29,92.19,27.8,opendata.reseaux-energies.fr,false,""
2024-02-14T07:00:00.000000,France,France,FR,31.08,50.42,92.38,29.06,opendata.reseaux-energies.fr,false,""
2024-02-14T08:00:00.000000,France,France,FR,31.83,51.95,92.24,31.39,opendata.reseaux-energies.fr,false,""
2024-02-14T09:00:00.000000,France,France,FR,31.12,51.78,92.46,32.83,opendata.reseaux-energies.fr,false,""
2024-02-14T10:00:00.000000,France,France,FR,29.98,50.84,92.82,34.2,opendata.reseaux-energies.fr,false,""
2024-02-14T11:00:00.000000,France,France,FR,26.89,47.13,93.76,35.49,opendata.reseaux-energies.fr,false,""
2024-02-14T12:00:00.000000,France,France,FR,24.74,44.47,94.39,35.41,opendata.reseaux-energies.fr,false,""
2024-02-14T13:00:00.000000,France,France,FR,22.15,40.88,95.15,34.7,opendata.reseaux-energies.fr,false,""
2024-02-14T14:00:00.000000,France,France,FR,23.08,41.64,94.94,32.78,opendata.reseaux-energies.fr,false,""
2024-02-14T15:00:00.000000,France,France,FR,25.45,44.02,94.39,29.64,opendata.reseaux-energies.fr,false,""
2024-02-14T16:00:00.000000,France,France,FR,29.41,48.32,93.27,26.75,opendata.reseaux-energies.fr,false,""
2024-02-14T17:00:00.000000,France,France,FR,35.33,55.71,91.42,26.75,opendata.reseaux-energies.fr,false,""
2024-02-14T18:00:00.000000,France,France,FR,34.67,54.68,91.62,28.04,opendata.reseaux-energies.fr,false,""
2024-02-14T19:00:00.000000,France,France,FR,33.14,52.93,91.89,27.94,opendata.reseaux-energies.fr,false,""
2024-02-14T20:00:00.000000,France,France,FR,32.56,52.5,91.91,26.88,opendata.reseaux-energies.fr,false,""
2024-02-14T21:00:00.000000,France,France,FR,32.64,52.73,91.92,26.01,opendata.reseaux-energies.fr,false,""
2024-02-14T22:00:00.000000,France,France,FR,29.34,48.53,92.86,27.32,opendata.reseaux-energies.fr,false,""
2024-02-14T23:00:00.000000,France,France,FR,27.73,46.42,93.32,27.24,opendata.reseaux-energies.fr,false,""
2024-02-15T00:00:00.000000,France,France,FR,22.76,40.01,94.69,26.97,opendata.reseaux-energies.fr,false,""
2024-02-15T01:00:00.000000,France,France,FR,22.96,40.19,94.7,27.13,opendata.reseaux-energies.fr,false,""
2024-02-15T02:00:00.000000,France,France,FR,23.0,40.39,94.63,26.98,opendata.reseaux-energies.fr,false,""
2024-02-15T03:00:00.000000,France,France,FR,23.69,41.23,94.45,26.28,opendata.reseaux-energies.fr,false,""
2024-02-15T04:00:00.000000,France,France,FR,23.44,40.79,94.52,26.09,opendata.reseaux-energies.fr,false,""
2024-02-15T05:00:00.000000,France,France,FR,23.6,40.91,94.46,26.54,opendata.reseaux-energies.fr,false,""
2024-02-15T06:00:00.000000,France,France,FR,23.69,40.88,94.47,28.46,opendata.reseaux-energies.fr,false,""
2024-02-15T07:00:00.000000,France,France,FR,24.26,41.43,94.44,29.57,opendata.reseaux-energies.fr,false,""
2024-02-15T08:00:00.000000,France,France,FR,23.84,41.17,94.58,30.99,opendata.reseaux-energies.fr,false,""
2024-02-15T09:00:00.000000,France,France,FR,23.44,41.1,94.69,31.25,opendata.reseaux-energies.fr,false,""
2024-02-15T10:00:00.000000,France,France,FR,23.56,41.74,94.7,31.83,opendata.reseaux-energies.fr,false,""
2024-02-15T11:00:00.000000,France,France,FR,22.73,40.97,94.96,32.3,opendata.reseaux-energies.fr,false,""
2024-02-15T12:00:00.000000,France,France,FR,22.66,40.97,95.02,31.91,opendata.reseaux-energies.fr,false,""
2024-02-15T13:00:00.000000,France,France,FR,23.39,41.65,94.84,30.77,opendata.reseaux-energies.fr,false,""
2024-02-15T14:00:00.000000,France,France,FR,24.67,42.96,94.54,29.83,opendata.reseaux-energies.fr,false,""
2024-02-15T15:00:00.000000,France,France,FR,24.17,41.94,94.66,28.54,opendata.reseaux-energies.fr,false,""
2024-02-15T16:00:00.000000,France,France,FR,24.98,42.52,94.46,28.3,opendata.reseaux-energies.fr,false,""
2024-02-15T17:00:00.000000,France,France,FR,24.03,41.31,94.47,29.5,opendata.reseaux-energies.fr,false,""
2024-02-15T18:00:00.000000,France,France,FR,19.87,36.27,95.24,31.97,opendata.reseaux-energies.fr,false,""
2024-02-15T19:00:00.000000,France,France,FR,15.5,31.28,95.96,31.01,opendata.reseaux-energies.fr,false,""
2024-02-15T20:00:00.000000,France,France,FR,15.76,31.74,95.86,30.16,opendata.reseaux-energies.fr,false,""
2024-02-15T21:00:00.000000,France,France,FR,16.22,32.42,95.74,29.52,opendata.reseaux-energies.fr,false,""
2024-02-15T22:00:00.000000,France,France,FR,17.11,33.57,95.57,29.32,opendata.reseaux-energies.fr,false,""
2024-02-15T23:00:00.000000,France,France,FR,17.25,33.79,95.56,29.05,opendata.reseaux-energies.fr,false,""
2024-02-16T00:00:00.000000,France,France,FR,17.18,33.8,95.58,28.78,opendata.reseaux-energies.fr,false,""
2024-02-16T01:00:00.000000,France,France,FR,18.76,35.9,95.21,29.4,opendata.reseaux-energies.fr,false,""
2024-02-16T02:00:00.000000,France,France,FR,17.46,34.2,95.51,28.75,opendata.reseaux-energies.fr,false,""
2024-02-16T03:00:00.000000,France,France,FR,17.38,34.12,95.49,27.11,opendata.reseaux-energies.fr,false,""
2024-02-16T04:00:00.000000,France,France,FR,19.0,36.08,95.15,27.32,opendata.reseaux-energies.fr,false,""
2024-02-16T05:00:00.000000,France,France,FR,19.85,37.03,94.94,26.78,opendata.reseaux-energies.fr,false,""
2024-02-16T06:00:00.000000,France,France,FR,20.04,37.18,94.87,28.51,opendata.reseaux-energies.fr,false,""
2024-02-16T07:00:00.000000,France,France,FR,20.49,37.79,94.77,30.3,opendata.reseaux-energies.fr,false,""
2024-02-16T08:00:00.000000,France,France,FR,19.64,36.88,95.01,30.82,opendata.reseaux-energies.fr,false,""
2024-02-16T09:00:00.000000,France,France,FR,19.09,36.55,95.16,31.34,opendata.reseaux-energies.fr,false,""
2024-02-16T10:00:00.000000,France,France,FR,18.51,36.21,95.32,31.55,opendata.reseaux-energies.fr,false,""
2024-02-16T11:00:00.000000,France,France,FR,18.38,36.33,95.34,32.02,opendata.reseaux-energies.fr,false,""
2024-02-16T12:00:00.000000,France,France,FR,18.97,37.26,95.19,30.98,opendata.reseaux-energies.fr,false,""
2024-02-16T13:00:00.000000,France,France,FR,18.3,36.35,95.37,30.72,opendata.reseaux-energies.fr,false,""
2024-02-16T14:00:00.000000,France,France,FR,18.32,36.17,95.36,30.09,opendata.reseaux-energies.fr,false,""
2024-02-16T15:00:00.000000,France,France,FR,19.51,37.36,95.01,29.3,opendata.reseaux-energies.fr,false,""
2024-02-16T16:00:00.000000,France,France,FR,22.59,40.98,94.16,28.31,opendata.reseaux-energies.fr,false,""
2024-02-16T17:00:00.000000,France,France,FR,24.66,43.19,93.62,27.51,opendata.reseaux-energies.fr,false,""
2024-02-16T18:00:00.000000,France,France,FR,24.96,43.42,93.54,28.14,opendata.reseaux-energies.fr,false,""
2024-02-16T19:00:00.000000,France,France,FR,24.9,43.48,93.53,27.95,opendata.reseaux-energies.fr,false,""
2024-02-16T20:00:00.000000,France,France,FR,25.47,44.24,93.41,26.64,opendata.reseaux-energies.fr,false,""
2024-02-16T21:00:00.000000,France,France,FR,24.96,43.62,93.57,25.47,opendata.reseaux-energies.fr,false,""
2024-02-16T22:00:00.000000,France,France,FR,26.26,45.29,93.22,25.51,opendata.reseaux-energies.fr,false,""
2024-02-16T23:00:00.000000,France,France,FR,24.81,43.45,93.66,24.96,opendata.reseaux-energies.fr,false,""
2024-02-17T00:00:00.000000,France,France,FR,21.5,39.18,94.6,22.73,opendata.reseaux-energies.fr,false,""
2024-02-17T01:00:00.000000,France,France,FR,22.16,40.09,94.42,22.1,opendata.reseaux-energies.fr,false,""
2024-02-17T02:00:00.000000,France,France,FR,21.55,39.31,94.57,21.18,opendata.reseaux-energies.fr,false,""
2024-02-17T03:00:00.000000,France,France,FR,21.99,39.84,94.45,20.63,opendata.reseaux-energies.fr,false,""
2024-02-17T04:00:00.000000,France,France,FR,22.19,40.11,94.4,20.19,opendata.reseaux-energies.fr,false,""
2024-02-17T05:00:00.000000,France,France,FR,22.61,40.63,94.3,19.87,opendata.reseaux-energies.fr,false,""
2024-02-17T06:00:00.000000,France,France,FR,22.57,40.58,94.29,20.41,opendata.reseaux-energies.fr,false,""
2024-02-17T07:00:00.000000,France,France,FR,22.26,40.27,94.36,21.45,opendata.reseaux-energies.fr,false,""
2024-02-17T08:00:00.000000,France,France,FR,20.51,38.65,94.81,24.74,opendata.reseaux-energies.fr,false,""
2024-02-17T09:00:00.000000,France,France,FR,18.69,37.16,95.26,27.61,opendata.reseaux-energies.fr,false,""
2024-02-17T10:00:00.000000,France,France,FR,18.33,37.48,95.36,29.95,opendata.reseaux-energies.fr,false,""
2024-02-17T11:00:00.000000,France,France,FR,18.67,38.29,95.28,30.93,opendata.reseaux-energies.fr,false,""
2024-02-17T12:00:00.000000,France,France,FR,18.27,37.87,95.39,30.88,opendata.reseaux-energies.fr,false,""
2024-02-17T13:00:00.000000,France,France,FR,17.76,37.16,95.53,30.54,opendata.reseaux-energies.fr,false,""
2024-02-17T14:00:00.000000,France,France,FR,19.05,38.44,95.18,29.23,opendata.reseaux-energies.fr,false,""
2024-02-17T15:00:00.000000,France,France,FR,20.24,39.47,94.87,26.82,opendata.reseaux-energies.fr,false,""
2024-02-17T16:00:00.000000,France,France,FR,21.9,40.74,94.44,23.58,opendata.reseaux-energies.fr,false,""
2024-02-17T17:00:00.000000,France,France,FR,23.27,41.41,94.11,22.37,opendata.reseaux-energies.fr,false,""
2024-02-17T18:00:00.000000,France,France,FR,22.62,40.36,94.16,24.87,opendata.reseaux-energies.fr,false,""
2024-02-17T19:00:00.000000,France,France,FR,21.55,39.09,94.33,24.53,opendata.reseaux-energies.fr,false,""
2024-02-17T20:00:00.000000,France,France,FR,20.19,37.45,94.68,23.61,opendata.reseaux-energies.fr,false,""
2024-02-17T21:00:00.000000,France,France,FR,20.22,37.57,94.69,23.31,opendata.reseaux-energies.fr,false,""
2024-02-17T22:00:00.000000,France,France,FR,22.56,40.53,94.17,24.18,opendata.reseaux-energies.fr,false,""
2024-02-17T23:00:00.000000,France,France,FR,18.45,35.29,95.29,24.81,opendata.reseaux-energies.fr,false,""
2024-02-18T00:00:00.000000,France,France,FR,16.49,32.97,95.73,24.44,opendata.reseaux-energies.fr,false,""
2024-02-18T01:00:00.000000,France,France,FR,16.04,32.4,95.83,24.3,opendata.reseaux-energies.fr,false,""
2024-02-18T02:00:00.000000,France,France,FR,15.98,32.34,95.85,23.79,opendata.reseaux-energies.fr,false,""
2024-02-18T03:00:00.000000,France,France,FR,16.08,32.54,95.81,24.09,opendata.reseaux-energies.fr,false,""
2024-02-18T04:00:00.000000,France,France,FR,16.06,32.49,95.82,24.32,opendata.reseaux-energies.fr,false,""
2024-02-18T05:00:00.000000,France,France,FR,15.85,32.26,95.88,24.81,opendata.reseaux-energies.fr,false,""
2024-02-18T06:00:00.000000,France,France,FR,15.51,31.82,95.97,26.27,opendata.reseaux-energies.fr,false,""
2024-02-18T07:00:00.000000,France,France,FR,15.24,31.62,96.04,27.8,opendata.reseaux-energies.fr,false,""
2024-02-18T08:00:00.000000,France,France,FR,15.71,32.74,95.98,30.66,opendata.reseaux-energies.fr,false,""
2024-02-18T09:00:00.000000,France,France,FR,15.23,32.83,96.1,33.47,opendata.reseaux-energies.fr,false,""
2024-02-18T10:00:00.000000,France,France,FR,15.25,33.42,96.14,35.64,opendata.reseaux-energies.fr,false,""
2024-02-18T11:00:00.000000,France,France,FR,14.72,33.04,96.26,36.86,opendata.reseaux-energies.fr,false,""
2024-02-18T12:00:00.000000,France,France,FR,14.75,33.14,96.25,37.27,opendata.reseaux-energies.fr,false,""
2024-02-18T13:00:00.000000,France,France,FR,15.02,33.33,96.18,36.17,opendata.reseaux-energies.fr,false,""
2024-02-18T14:00:00.000000,France,France,FR,15.67,33.68,96.03,34.33,opendata.reseaux-energies.fr,false,""
2024-02-18T15:00:00.000000,France,France,FR,16.3,33.82,95.87,31.96,opendata.reseaux-energies.fr,false,""
2024-02-18T16:00:00.000000,France,France,FR,17.59,34.9,95.58,29.68,opendata.reseaux-energies.fr,false,""
2024-02-18T17:00:00.000000,France,France,FR,18.53,35.52,95.39,29.09,opendata.reseaux-energies.fr,false,""
2024-02-18T18:00:00.000000,France,France,FR,17.97,34.52,95.53,30.69,opendata.reseaux-energies.fr,false,""
2024-02-18T19:00:00.000000,France,France,FR,17.53,33.99,95.59,29.83,opendata.reseaux-energies.fr,false,""
2024-02-18T20:00:00.000000,France,France,FR,17.02,33.37,95.68,28.08,opendata.reseaux-energies.fr,false,""
2024-02-18T21:00:00.000000,France,France,FR,17.78,34.31,95.51,26.39,opendata.reseaux-energies.fr,false,""
2024-02-18T22:00:00.000000,France,France,FR,18.76,35.57,95.31,25.57,opendata.reseaux-energies.fr,false,""
2024-02-18T23:00:00.000000,France,France,FR,18.1,34.84,95.43,24.25,opendata.reseaux-energies.fr,false,""
2024-02-19T00:00:00.000000,France,France,FR,18.05,34.89,95.4,22.27,opendata.reseaux-energies.fr,false,""
2024-02-19T01:00:00.000000,France,France,FR,19.25,36.37,95.14,21.17,opendata.reseaux-energies.fr,false,""
2024-02-19T02:00:00.000000,France,France,FR,18.8,35.79,95.22,19.8,opendata.reseaux-energies.fr,false,""
2024-02-19T03:00:00.000000,France,France,FR,18.49,35.36,95.26,19.15,opendata.reseaux-energies.fr,false,""
2024-02-19T04:00:00.000000,France,France,FR,21.75,39.37,94.61,20.12,opendata.reseaux-energies.fr,false,""
2024-02-19T05:00:00.000000,France,France,FR,25.66,43.99,93.7,20.54,opendata.reseaux-energies.fr,false,""
2024-02-19T06:00:00.000000,France,France,FR,28.9,47.81,92.88,22.84,opendata.reseaux-energies.fr,false,""
2024-02-19T07:00:00.000000,France,France,FR,29.77,48.56,92.86,25.24,opendata.reseaux-energies.fr,false,""
2024-02-19T08:00:00.000000,France,France,FR,29.83,48.82,92.99,27.78,opendata.reseaux-energies.fr,false,""
2024-02-19T09:00:00.000000,France,France,FR,29.06,48.28,93.24,29.55,opendata.reseaux-energies.fr,false,""
2024-02-19T10:00:00.000000,France,France,FR,26.13,44.91,94.03,31.01,opendata.reseaux-energies.fr,false,""
2024-02-19T11:00:00.000000,France,France,FR,23.28,41.5,94.83,32.37,opendata.reseaux-energies.fr,false,""
2024-02-19T12:00:00.000000,France,France,FR,22.89,41.2,94.93,32.87,opendata.reseaux-energies.fr,false,""
2024-02-19T13:00:00.000000,France,France,FR,23.67,42.16,94.75,32.67,opendata.reseaux-energies.fr,false,""
2024-02-19T14:00:00.000000,France,France,FR,23.87,42.29,94.72,32.14,opendata.reseaux-energies.fr,false,""
2024-02-19T15:00:00.000000,France,France,FR,24.97,43.36,94.43,30.76,opendata.reseaux-energies.fr,false,""
2024-02-19T16:00:00.000000,France,France,FR,26.38,44.81,93.94,28.47,opendata.reseaux-energies.fr,false,""
2024-02-19T17:00:00.000000,France,France,FR,27.8,46.09,93.5,27.98,opendata.reseaux-energies.fr,false,""
2024-02-19T18:00:00.000000,France,France,FR,35.55,56.04,92.23,28.94,opendata.reseaux-energies.fr,false,""
2024-02-19T19:00:00.000000,France,France,FR,34.67,55.0,92.37,28.2,opendata.reseaux-energies.fr,false,""
2024-02-19T20:00:00.000000,France,France,FR,27.88,46.34,93.28,27.41,opendata.reseaux-energies.fr,false,""
2024-02-19T21:00:00.000000,France,France,FR,26.3,44.32,93.74,25.92,opendata.reseaux-energies.fr,false,""
2024-02-19T22:00:00.000000,France,France,FR,26.17,44.16,93.8,24.99,opendata.reseaux-energies.fr,false,""
2024-02-19T23:00:00.000000,France,France,FR,26.37,44.42,93.8,23.86,opendata.reseaux-energies.fr,false,""
2024-02-20T00:00:00.000000,France,France,FR,25.34,43.09,94.12,22.42,opendata.reseaux-energies.fr,false,""
2024-02-20T01:00:00.000000,France,France,FR,25.56,43.35,94.06,22.3,opendata.reseaux-energies.fr,false,""
2024-02-20T02:00:00.000000,France,France,FR,25.86,43.78,93.98,21.96,opendata.reseaux-energies.fr,false,""
2024-02-20T03:00:00.000000,France,France,FR,26.7,44.87,93.77,21.07,opendata.reseaux-energies.fr,false,""
2024-02-20T04:00:00.000000,France,France,FR,28.05,46.58,93.39,20.03,opendata.reseaux-energies.fr,false,""
2024-02-20T05:00:00.000000,France,France,FR,32.4,52.33,92.14,22.24,opendata.reseaux-energies.fr,false,""
2024-02-20T06:00:00.000000,France,France,FR,42.75,65.44,90.3,23.59,opendata.reseaux-energies.fr,false,""
2024-02-20T07:00:00.000000,France,France,FR,43.01,65.8,90.2,24.6,opendata.reseaux-energies.fr,false,""
2024-02-20T08:00:00.000000,France,France,FR,39.16,61.09,90.9,26.58,opendata.reseaux-energies.fr,false,""
2024-02-20T09:00:00.000000,France,France,FR,34.1,55.29,92.04,29.02,opendata.reseaux-energies.fr,false,""
2024-02-20T10:00:00.000000,France,France,FR,31.39,52.38,92.82,30.65,opendata.reseaux-energies.fr,false,""
2024-02-20T11:00:00.000000,France,France,FR,27.58,47.87,93.82,32.14,opendata.reseaux-energies.fr,false,""
2024-02-20T12:00:00.000000,France,France,FR,26.7,46.84,94.08,31.66,opendata.reseaux-energies.fr,false,""
2024-02-20T13:00:00.000000,France,France,FR,24.92,44.44,94.57,30.96,opendata.reseaux-energies.fr,false,""
2024-02-20T14:00:00.000000,France,France,FR,25.64,45.04,94.46,30.24,opendata.reseaux-energies.fr,false,""
2024-02-20T15:00:00.000000,France,France,FR,26.29,45.32,94.11,28.33,opendata.reseaux-energies.fr,false,""
2024-02-20T16:00:00.000000,France,France,FR,28.55,47.5,93.42,26.53,opendata.reseaux-energies.fr,false,""
2024-02-20T17:00:00.000000,France,France,FR,36.03,56.59,91.35,25.42,opendata.reseaux-energies.fr,false,""
2024-02-20T18:00:00.000000,France,France,FR,32.74,52.46,91.91,26.46,opendata.reseaux-energies.fr,false,""
2024-02-20T19:00:00.000000,France,France,FR,29.79,48.86,92.65,26.31,opendata.reseaux-energies.fr,false,""
2024-02-20T20:00:00.000000,France,France,FR,28.81,47.62,92.97,25.54,opendata.reseaux-energies.fr,false,""
2024-02-20T21:00:00.000000,France,France,FR,30.47,49.78,92.57,23.66,opendata.reseaux-energies.fr,false,""
2024-02-20T22:00:00.000000,France,France,FR,29.56,48.54,92.94,22.92,opendata.reseaux-energies.fr,false,""
2024-02-20T23:00:00.000000,France,France,FR,27.74,46.1,93.49,21.87,opendata.reseaux-energies.fr,false,""
2024-02-21T00:00:00.000000,France,France,FR,27.45,45.78,93.58,21.26,opendata.reseaux-energies.fr,false,""
2024-02-21T01:00:00.000000,France,France,FR,28.01,46.57,93.41,21.08,opendata.reseaux-energies.fr,false,""
2024-02-21T02:00:00.000000,France,France,FR,26.69,44.89,93.68,20.43,opendata.reseaux-energies.fr,false,""
2024-02-21T03:00:00.000000,France,France,FR,27.46,45.95,93.49,21.15,opendata.reseaux-energies.fr,false,""
2024-02-21T04:00:00.000000,France,France,FR,27.56,46.0,93.49,22.36,opendata.reseaux-energies.fr,false,""
2024-02-21T05:00:00.000000,France,France,FR,28.05,46.89,93.31,24.96,opendata.reseaux-energies.fr,false,""
2024-02-21T06:00:00.000000,France,France,FR,27.77,46.21,93.27,27.04,opendata.reseaux-energies.fr,false,""
2024-02-21T07:00:00.000000,France,France,FR,27.47,45.59,93.47,28.84,opendata.reseaux-energies.fr,false,""
2024-02-21T08:00:00.000000,France,France,FR,26.48,44.75,93.78,31.76,opendata.reseaux-energies.fr,false,""
2024-02-21T09:00:00.000000,France,France,FR,25.34,43.91,94.09,34.19,opendata.reseaux-energies.fr,false,""
2024-02-21T10:00:00.000000,France,France,FR,22.98,41.37,94.74,35.73,opendata.reseaux-energies.fr,false,""
2024-02-21T11:00:00.000000,France,France,FR,20.86,38.91,95.32,36.55,opendata.reseaux-energies.fr,false,""
2024-02-21T12:00:00.000000,France,France,FR,21.81,40.19,95.04,36.75,opendata.reseaux-energies.fr,false,""
2024-02-21T13:00:00.000000,France,France,FR,22.03,40.21,94.98,36.28,opendata.reseaux-energies.fr,false,""
2024-02-21T14:00:00.000000,France,France,FR,21.6,39.28,95.1,35.77,opendata.reseaux-energies.fr,false,""
2024-02-21T15:00:00.000000,France,France,FR,21.55,38.86,95.12,35.35,opendata.reseaux-energies.fr,false,""
2024-02-21T16:00:00.000000,France,France,FR,22.25,39.36,95.01,34.87,opendata.reseaux-energies.fr,false,""
2024-02-21T17:00:00.000000,France,France,FR,22.15,38.94,95.01,35.81,opendata.reseaux-energies.fr,false,""
2024-02-21T18:00:00.000000,France,France,FR,20.66,37.26,95.17,37.02,opendata.reseaux-energies.fr,false,""
2024-02-21T19:00:00.000000,France,France,FR,19.35,35.64,95.45,35.77,opendata.reseaux-energies.fr,false,""
2024-02-21T20:00:00.000000,France,France,FR,19.09,35.43,95.46,34.4,opendata.reseaux-energies.fr,false,""
2024-02-21T21:00:00.000000,France,France,FR,18.56,35.18,95.36,34.11,opendata.reseaux-energies.fr,false,""
2024-02-21T22:00:00.000000,France,France,FR,17.5,34.08,95.52,34.18,opendata.reseaux-energies.fr,false,""
2024-02-21T23:00:00.000000,France,France,FR,17.89,34.58,95.47,33.01,opendata.reseaux-energies.fr,false,""
2024-02-22T00:00:00.000000,France,France,FR,18.68,35.64,95.31,32.15,opendata.reseaux-energies.fr,false,""
2024-02-22T01:00:00.000000,France,France,FR,18.94,35.94,95.24,30.84,opendata.reseaux-energies.fr,false,""
2024-02-22T02:00:00.000000,France,France,FR,18.94,35.96,95.23,30.01,opendata.reseaux-energies.fr,false,""
2024-02-22T03:00:00.000000,France,France,FR,18.76,35.74,95.26,30.3,opendata.reseaux-energies.fr,false,""
2024-02-22T04:00:00.000000,France,France,FR,18.57,35.43,95.3,30.93,opendata.reseaux-energies.fr,false,""
2024-02-22T05:00:00.000000,France,France,FR,18.11,34.8,95.41,31.77,opendata.reseaux-energies.fr,false,""
2024-02-22T06:00:00.000000,France,France,FR,17.53,33.96,95.54,32.93,opendata.reseaux-energies.fr,false,""
2024-02-22T07:00:00.000000,France,France,FR,17.72,34.2,95.6,34.99,opendata.reseaux-energies.fr,false,""
2024-02-22T08:00:00.000000,France,France,FR,16.82,33.25,95.96,37.07,opendata.reseaux-energies.fr,false,""
2024-02-22T09:00:00.000000,France,France,FR,16.45,32.97,96.05,38.32,opendata.reseaux-energies.fr,false,""
2024-02-22T10:00:00.000000,France,France,FR,14.99,31.3,96.45,39.19,opendata.reseaux-energies.fr,false,""
2024-02-22T11:00:00.000000,France,France,FR,14.8,31.11,96.5,39.68,opendata.reseaux-energies.fr,false,""
2024-02-22T12:00:00.000000,France,France,FR,15.06,31.57,96.49,39.51,opendata.reseaux-energies.fr,false,""
2024-02-22T13:00:00.000000,France,France,FR,15.0,31.47,96.5,39.5,opendata.reseaux-energies.fr,false,""
2024-02-22T14:00:00.000000,France,France,FR,15.08,31.36,96.47,38.86,opendata.reseaux-energies.fr,false,""
2024-02-22T15:00:00.000000,France,France,FR,14.53,30.52,96.5,37.93,opendata.reseaux-energies.fr,false,""
2024-02-22T16:00:00.000000,France,France,FR,14.01,29.66,96.51,37.2,opendata.reseaux-energies.fr,false,""
2024-02-22T17:00:00.000000,France,France,FR,14.59,30.21,96.37,37.19,opendata.reseaux-energies.fr,false,""
2024-02-22T18:00:00.000000,France,France,FR,14.23,29.64,96.45,38.95,opendata.reseaux-energies.fr,false,""
2024-02-22T19:00:00.000000,France,France,FR,14.28,29.74,96.43,38.14,opendata.reseaux-energies.fr,false,""
2024-02-22T20:00:00.000000,France,France,FR,14.75,30.54,96.3,36.74,opendata.reseaux-energies.fr,false,""
2024-02-22T21:00:00.000000,France,France,FR,14.86,30.72,96.29,36.29,opendata.reseaux-energies.fr,false,""
2024-02-22T22:00:00.000000,France,France,FR,15.1,31.1,96.24,35.93,opendata.reseaux-energies.fr,false,""
2024-02-22T23:00:00.000000,France,France,FR,15.0,31.03,96.26,35.76,opendata.reseaux-energies.fr,false,""
2024-02-23T00:00:00.000000,France,France,FR,15.53,31.88,96.12,35.77,opendata.reseaux-energies.fr,false,""
2024-02-23T01:00:00.000000,France,France,FR,15.59,32.01,96.08,34.55,opendata.reseaux-energies.fr,false,""
2024-02-23T02:00:00.000000,France,France,FR,15.14,31.45,96.16,33.61,opendata.reseaux-energies.fr,false,""
2024-02-23T03:00:00.000000,France,France,FR,14.84,31.06,96.2,33.22,opendata.reseaux-energies.fr,false,""
2024-02-23T04:00:00.000000,France,France,FR,15.31,31.45,96.15,33.43,opendata.reseaux-energies.fr,false,""
2024-02-23T05:00:00.000000,France,France,FR,15.48,31.47,96.11,33.81,opendata.reseaux-energies.fr,false,""
2024-02-23T06:00:00.000000,France,France,FR,14.9,30.57,96.24,34.49,opendata.reseaux-energies.fr,false,""
2024-02-23T07:00:00.000000,France,France,FR,15.71,31.65,96.04,35.38,opendata.reseaux-energies.fr,false,""
2024-02-23T08:00:00.000000,France,France,FR,16.29,32.96,95.86,36.01,opendata.reseaux-energies.fr,false,""
2024-02-23T09:00:00.000000,France,France,FR,15.99,33.3,95.94,38.04,opendata.reseaux-energies.fr,false,""
2024-02-23T10:00:00.000000,France,France,FR,16.27,34.03,95.9,38.9,opendata.reseaux-energies.fr,false,""
2024-02-23T11:00:00.000000,France,France,FR,16.52,34.47,95.86,39.27,opendata.reseaux-energies.fr,false,""
2024-02-23T12:00:00.000000,France,France,FR,16.0,33.79,95.96,39.14,opendata.reseaux-energies.fr,false,""
2024-02-23T13:00:00.000000,France,France,FR,16.2,33.93,95.95,38.46,opendata.reseaux-energies.fr,false,""
2024-02-23T14:00:00.000000,France,France,FR,16.72,34.4,95.77,37.06,opendata.reseaux-energies.fr,false,""
2024-02-23T15:00:00.000000,France,France,FR,18.15,35.81,95.37,34.95,opendata.reseaux-energies.fr,false,""
2024-02-23T16:00:00.000000,France,France,FR,21.73,39.85,94.37,33.94,opendata.reseaux-energies.fr,false,""
2024-02-23T17:00:00.000000,France,France,FR,28.16,47.76,92.95,32.61,opendata.reseaux-energies.fr,false,""
2024-02-23T18:00:00.000000,France,France,FR,34.09,55.31,91.99,31.98,opendata.reseaux-energies.fr,false,""
2024-02-23T19:00:00.000000,France,France,FR,35.69,57.38,91.67,32.02,opendata.reseaux-energies.fr,false,""
2024-02-23T20:00:00.000000,France,France,FR,34.4,55.84,91.92,32.21,opendata.reseaux-energies.fr,false,""
2024-02-23T21:00:00.000000,France,France,FR,29.99,50.18,92.86,31.61,opendata.reseaux-energies.fr,false,""
2024-02-23T22:00:00.000000,France,France,FR,33.76,55.18,91.83,31.66,opendata.reseaux-energies.fr,false,""
2024-02-23T23:00:00.000000,France,France,FR,33.18,54.46,91.99,30.9,opendata.reseaux-energies.fr,false,""
2024-02-24T00:00:00.000000,France,France,FR,33.0,54.29,92.03,29.62,opendata.reseaux-energies.fr,false,""
2024-02-24T01:00:00.000000,France,France,FR,29.34,49.64,92.56,29.95,opendata.reseaux-energies.fr,false,""
2024-02-24T02:00:00.000000,France,France,FR,25.82,45.13,93.33,30.6,opendata.reseaux-energies.fr,false,""
2024-02-24T03:00:00.000000,France,France,FR,25.9,45.15,93.31,30.26,opendata.reseaux-energies.fr,false,""
2024-02-24T04:00:00.000000,France,France,FR,25.62,44.81,93.38,30.57,opendata.reseaux-energies.fr,false,""
2024-02-24T05:00:00.000000,France,France,FR,28.48,48.47,92.61,30.35,opendata.reseaux-energies.fr,false,""
2024-02-24T06:00:00.000000,France,France,FR,27.34,46.93,92.89,31.87,opendata.reseaux-energies.fr,false,""
2024-02-24T07:00:00.000000,France,France,FR,26.57,46.06,93.08,32.79,opendata.reseaux-energies.fr,false,""
2024-02-24T08:00:00.000000,France,France,FR,23.62,42.86,93.87,34.55,opendata.reseaux-energies.fr,false,""
2024-02-24T09:00:00.000000,France,France,FR,21.75,41.32,94.36,36.75,opendata.reseaux-energies.fr,false,""
2024-02-24T10:00:00.000000,France,France,FR,17.87,36.96,95.43,39.46,opendata.reseaux-energies.fr,false,""
2024-02-24T11:00:00.000000,France,France,FR,14.74,33.1,96.28,40.89,opendata.reseaux-energies.fr,false,""
2024-02-24T12:00:00.000000,France,France,FR,14.48,32.87,96.36,41.23,opendata.reseaux-energies.fr,false,""
2024-02-24T13:00:00.000000,France,France,FR,14.66,32.97,96.32,41.09,opendata.reseaux-energies.fr,false,""
2024-02-24T14:00:00.000000,France,France,FR,14.66,32.52,96.33,40.6,opendata.reseaux-energies.fr,false,""
2024-02-24T15:00:00.000000,France,France,FR,15.56,33.2,96.09,39.04,opendata.reseaux-energies.fr,false,""
2024-02-24T16:00:00.000000,France,France,FR,22.07,41.0,94.31,36.43,opendata.reseaux-energies.fr,false,""
2024-02-24T17:00:00.000000,France,France,FR,26.47,46.0,93.1,35.01,opendata.reseaux-energies.fr,false,""
2024-02-24T18:00:00.000000,France,France,FR,25.85,44.98,93.26,35.77,opendata.reseaux-energies.fr,false,""
2024-02-24T19:00:00.000000,France,France,FR,26.05,45.27,93.19,35.63,opendata.reseaux-energies.fr,false,""
2024-02-24T20:00:00.000000,France,France,FR,26.44,45.83,93.09,35.06,opendata.reseaux-energies.fr,false,""
2024-02-24T21:00:00.000000,France,France,FR,26.78,46.35,92.99,34.1,opendata.reseaux-energies.fr,false,""
2024-02-24T22:00:00.000000,France,France,FR,27.74,47.6,92.8,33.67,opendata.reseaux-energies.fr,false,""
2024-02-24T23:00:00.000000,France,France,FR,24.11,42.93,93.86,33.06,opendata.reseaux-energies.fr,false,""
2024-02-25T00:00:00.000000,France,France,FR,18.58,35.82,95.41,32.38,opendata.reseaux-energies.fr,false,""
2024-02-25T01:00:00.000000,France,France,FR,18.56,35.8,95.4,31.02,opendata.reseaux-energies.fr,false,""
2024-02-25T02:00:00.000000,France,France,FR,17.66,34.65,95.57,29.55,opendata.reseaux-energies.fr,false,""
2024-02-25T03:00:00.000000,France,France,FR,18.01,35.1,95.48,29.03,opendata.reseaux-energies.fr,false,""
2024-02-25T04:00:00.000000,France,France,FR,18.24,35.4,95.42,28.59,opendata.reseaux-energies.fr,false,""
2024-02-25T05:00:00.000000,France,France,FR,17.94,35.0,95.5,29.27,opendata.reseaux-energies.fr,false,""
2024-02-25T06:00:00.000000,France,France,FR,17.56,34.48,95.59,30.77,opendata.reseaux-energies.fr,false,""
2024-02-25T07:00:00.000000,France,France,FR,16.95,33.81,95.74,32.57,opendata.reseaux-energies.fr,false,""
2024-02-25T08:00:00.000000,France,France,FR,16.51,33.62,95.85,33.79,opendata.reseaux-energies.fr,false,""
2024-02-25T09:00:00.000000,France,France,FR,15.88,33.24,96.0,35.1,opendata.reseaux-energies.fr,false,""
2024-02-25T10:00:00.000000,France,France,FR,15.55,33.09,96.07,36.55,opendata.reseaux-energies.fr,false,""
2024-02-25T11:00:00.000000,France,France,FR,15.43,32.99,96.11,36.98,opendata.reseaux-energies.fr,false,""
2024-02-25T12:00:00.000000,France,France,FR,15.8,33.5,96.01,36.4,opendata.reseaux-energies.fr,false,""
2024-02-25T13:00:00.000000,France,France,FR,15.94,33.52,95.98,36.61,opendata.reseaux-energies.fr,false,""
2024-02-25T14:00:00.000000,France,France,FR,15.52,32.73,96.09,37.34,opendata.reseaux-energies.fr,false,""
2024-02-25T15:00:00.000000,France,France,FR,15.73,32.72,96.04,37.02,opendata.reseaux-energies.fr,false,""
2024-02-25T16:00:00.000000,France,France,FR,16.68,33.55,95.79,36.01,opendata.reseaux-energies.fr,false,""
2024-02-25T17:00:00.000000,France,France,FR,20.57,38.42,94.71,36.24,opendata.reseaux-energies.fr,false,""
2024-02-25T18:00:00.000000,France,France,FR,22.02,40.12,94.29,37.25,opendata.reseaux-energies.fr,false,""
2024-02-25T19:00:00.000000,France,France,FR,21.97,40.0,94.31,37.32,opendata.reseaux-energies.fr,false,""
2024-02-25T20:00:00.000000,France,France,FR,22.36,40.53,94.2,36.54,opendata.reseaux-energies.fr,false,""
2024-02-25T21:00:00.000000,France,France,FR,22.64,40.94,94.13,35.16,opendata.reseaux-energies.fr,false,""
2024-02-25T22:00:00.000000,France,France,FR,22.66,40.98,94.13,34.19,opendata.reseaux-energies.fr,false,""
2024-02-25T23:00:00.000000,France,France,FR,22.49,40.75,94.21,33.36,opendata.reseaux-energies.fr,false,""
2024-02-26T00:00:00.000000,France,France,FR,19.42,36.74,95.1,33.22,opendata.reseaux-energies.fr,false,""
2024-02-26T01:00:00.000000,France,France,FR,19.16,36.43,95.19,32.81,opendata.reseaux-energies.fr,false,""
2024-02-26T02:00:00.000000,France,France,FR,20.02,37.53,94.95,31.99,opendata.reseaux-energies.fr,false,""
2024-02-26T03:00:00.000000,France,France,FR,20.05,37.57,94.92,31.51,opendata.reseaux-energies.fr,false,""
2024-02-26T04:00:00.000000,France,France,FR,21.6,39.55,94.48,31.22,opendata.reseaux-energies.fr,false,""
2024-02-26T05:00:00.000000,France,France,FR,26.13,45.33,93.2,30.91,opendata.reseaux-energies.fr,false,""
2024-02-26T06:00:00.000000,France,France,FR,33.14,54.39,91.24,31.66,opendata.reseaux-energies.fr,false,""
2024-02-26T07:00:00.000000,France,France,FR,36.83,59.16,90.25,31.97,opendata.reseaux-energies.fr,false,""
2024-02-26T08:00:00.000000,France,France,FR,37.59,60.46,90.02,33.34,opendata.reseaux-energies.fr,false,""
2024-02-26T09:00:00.000000,France,France,FR,37.06,60.24,90.14,34.28,opendata.reseaux-energies.fr,false,""
2024-02-26T10:00:00.000000,France,France,FR,35.4,58.56,90.58,35.49,opendata.reseaux-energies.fr,false,""
2024-02-26T11:00:00.000000,France,France,FR,34.87,58.12,90.73,36.49,opendata.reseaux-energies.fr,false,""
2024-02-26T12:00:00.000000,France,France,FR,34.12,57.24,90.93,36.77,opendata.reseaux-energies.fr,false,""
2024-02-26T13:00:00.000000,France,France,FR,32.54,55.1,91.36,36.98,opendata.reseaux-energies.fr,false,""
2024-02-26T14:00:00.000000,France,France,FR,34.8,57.72,90.75,36.57,opendata.reseaux-energies.fr,false,""
2024-02-26T15:00:00.000000,France,France,FR,34.99,57.63,90.68,36.1,opendata.reseaux-energies.fr,false,""
2024-02-26T16:00:00.000000,France,France,FR,35.35,57.61,90.57,35.09,opendata.reseaux-energies.fr,false,""
2024-02-26T17:00:00.000000,France,France,FR,35.18,56.97,90.61,35.01,opendata.reseaux-energies.fr,false,""
2024-02-26T18:00:00.000000,France,France,FR,35.55,57.35,90.5,35.78,opendata.reseaux-energies.fr,false,""
2024-02-26T19:00:00.000000,France,France,FR,36.33,58.28,90.39,35.64,opendata.reseaux-energies.fr,false,""
2024-02-26T20:00:00.000000,France,France,FR,36.37,57.98,90.62,34.58,opendata.reseaux-energies.fr,false,""
2024-02-26T21:00:00.000000,France,France,FR,36.21,57.7,90.75,34.14,opendata.reseaux-energies.fr,false,""
2024-02-26T22:00:00.000000,France,France,FR,36.8,58.32,90.66,34.07,opendata.reseaux-energies.fr,false,""
2024-02-26T23:00:00.000000,France,France,FR,36.24,57.6,90.84,33.94,opendata.reseaux-energies.fr,false,""
2024-02-27T00:00:00.000000,France,France,FR,34.51,55.33,91.34,33.58,opendata.reseaux-energies.fr,false,""
2024-02-27T01:00:00.000000,France,France,FR,35.08,56.09,91.2,33.04,opendata.reseaux-energies.fr,false,""
2024-02-27T02:00:00.000000,France,France,FR,31.74,51.69,92.13,33.0,opendata.reseaux-energies.fr,false,""
2024-02-27T03:00:00.000000,France,France,FR,30.85,50.53,92.38,32.61,opendata.reseaux-energies.fr,false,""
2024-02-27T04:00:00.000000,France,France,FR,33.01,53.31,91.78,31.98,opendata.reseaux-energies.fr,false,""
2024-02-27T05:00:00.000000,France,France,FR,38.99,61.03,90.1,31.6,opendata.reseaux-energies.fr,false,""
2024-02-27T06:00:00.000000,France,France,FR,43.99,67.03,88.96,31.9,opendata.reseaux-energies.fr,false,""
2024-02-27T07:00:00.000000,France,France,FR,47.07,70.72,88.3,31.94,opendata.reseaux-energies.fr,false,""
2024-02-27T08:00:00.000000,France,France,FR,48.07,72.25,88.04,32.73,opendata.reseaux-energies.fr,false,""
2024-02-27T09:00:00.000000,France,France,FR,47.16,71.52,88.29,33.77,opendata.reseaux-energies.fr,false,""
2024-02-27T10:00:00.000000,France,France,FR,45.16,69.32,88.88,33.79,opendata.reseaux-energies.fr,false,""
2024-02-27T11:00:00.000000,France,France,FR,45.26,69.7,88.84,33.44,opendata.reseaux-energies.fr,false,""
2024-02-27T12:00:00.000000,France,France,FR,45.27,69.87,88.86,33.32,opendata.reseaux-energies.fr,false,""
2024-02-27T13:00:00.000000,France,France,FR,46.33,71.03,88.58,32.29,opendata.reseaux-energies.fr,false,""
2024-02-27T14:00:00.000000,France,France,FR,47.87,72.71,88.19,31.1,opendata.reseaux-energies.fr,false,""
2024-02-27T15:00:00.000000,France,France,FR,49.02,73.96,87.85,30.38,opendata.reseaux-energies.fr,false,""
2024-02-27T16:00:00.000000,France,France,FR,49.88,74.74,87.6,29.57,opendata.reseaux-energies.fr,false,""
2024-02-27T17:00:00.000000,France,France,FR,51.87,77.09,86.99,28.85,opendata.reseaux-energies.fr,false,""
2024-02-27T18:00:00.000000,France,France,FR,50.32,75.02,87.35,29.96,opendata.reseaux-energies.fr,false,""
2024-02-27T19:00:00.000000,France,France,FR,50.02,74.77,87.29,29.0,opendata.reseaux-energies.fr,false,""
2024-02-27T20:00:00.000000,France,France,FR,51.37,76.68,86.89,27.77,opendata.reseaux-energies.fr,false,""
2024-02-27T21:00:00.000000,France,France,FR,49.87,75.02,87.13,27.11,opendata.reseaux-energies.fr,false,""
2024-02-27T22:00:00.000000,France,France,FR,50.34,75.63,87.01,26.74,opendata.reseaux-energies.fr,false,""
2024-02-27T23:00:00.000000,France,France,FR,49.51,74.7,87.29,26.57,opendata.reseaux-energies.fr,false,""
2024-02-28T00:00:00.000000,France,France,FR,48.6,73.5,87.58,25.72,opendata.reseaux-energies.fr,false,""
2024-02-28T01:00:00.000000,France,France,FR,49.05,74.04,87.47,25.52,opendata.reseaux-energies.fr,false,""
2024-02-28T02:00:00.000000,France,France,FR,50.28,75.67,87.15,24.44,opendata.reseaux-energies.fr,false,""
2024-02-28T03:00:00.000000,France,France,FR,48.94,73.89,87.52,23.61,opendata.reseaux-energies.fr,false,""
2024-02-28T04:00:00.000000,France,France,FR,51.91,77.77,86.7,23.22,opendata.reseaux-energies.fr,false,""
2024-02-28T05:00:00.000000,France,France,FR,55.28,82.27,85.86,24.56,opendata.reseaux-energies.fr,false,""
2024-02-28T06:00:00.000000,France,France,FR,55.56,81.73,86.11,24.94,opendata.reseaux-energies.fr,false,""
2024-02-28T07:00:00.000000,France,France,FR,57.12,83.74,85.95,25.59,opendata.reseaux-energies.fr,false,""
2024-02-28T08:00:00.000000,France,France,FR,62.31,90.86,85.7,27.02,opendata.reseaux-energies.fr,false,""
2024-02-28T09:00:00.000000,France,France,FR,61.22,89.98,85.89,27.94,opendata.reseaux-energies.fr,false,""
2024-02-28T10:00:00.000000,France,France,FR,51.98,78.77,87.16,29.73,opendata.reseaux-energies.fr,false,""
2024-02-28T11:00:00.000000,France,France,FR,47.56,73.6,88.21,31.78,opendata.reseaux-energies.fr,false,""
2024-02-28T12:00:00.000000,France,France,FR,43.51,68.54,89.36,32.74,opendata.reseaux-energies.fr,false,""
2024-02-28T13:00:00.000000,France,France,FR,42.67,67.36,89.6,32.48,opendata.reseaux-energies.fr,false,""
2024-02-28T14:00:00.000000,France,France,FR,43.21,67.79,89.47,31.53,opendata.reseaux-energies.fr,false,""
2024-02-28T15:00:00.000000,France,France,FR,44.71,69.36,89.13,29.79,opendata.reseaux-energies.fr,false,""
2024-02-28T16:00:00.000000,France,France,FR,50.67,76.34,87.49,26.97,opendata.reseaux-energies.fr,false,""
2024-02-28T17:00:00.000000,France,France,FR,52.69,78.43,86.86,26.26,opendata.reseaux-energies.fr,false,""
2024-02-28T18:00:00.000000,France,France,FR,51.56,76.79,87.06,27.35,opendata.reseaux-energies.fr,false,""
2024-02-28T19:00:00.000000,France,France,FR,49.27,74.35,87.37,27.75,opendata.reseaux-energies.fr,false,""
2024-02-28T20:00:00.000000,France,France,FR,45.34,69.4,88.44,28.62,opendata.reseaux-energies.fr,false,""
2024-02-28T21:00:00.000000,France,France,FR,40.63,63.27,89.87,28.83,opendata.reseaux-energies.fr,false,""
2024-02-28T22:00:00.000000,France,France,FR,38.07,60.01,90.57,28.94,opendata.reseaux-energies.fr,false,""
2024-02-28T23:00:00.000000,France,France,FR,31.79,51.97,92.24,29.9,opendata.reseaux-energies.fr,false,""
2024-02-29T00:00:00.000000,France,France,FR,23.69,41.49,94.53,30.53,opendata.reseaux-energies.fr,false,""
2024-02-29T01:00:00.000000,France,France,FR,23.74,41.62,94.52,30.18,opendata.reseaux-energies.fr,false,""
2024-02-29T02:00:00.000000,France,France,FR,23.5,41.32,94.56,29.75,opendata.reseaux-energies.fr,false,""
2024-02-29T03:00:00.000000,France,France,FR,24.72,42.9,94.24,29.39,opendata.reseaux-energies.fr,false,""
2024-02-29T04:00:00.000000,France,France,FR,25.21,43.52,94.11,29.3,opendata.reseaux-energies.fr,false,""
2024-02-29T05:00:00.000000,France,France,FR,26.46,44.9,93.85,29.38,opendata.reseaux-energies.fr,false,""
2024-02-29T06:00:00.000000,France,France,FR,30.82,49.86,92.97,31.01,opendata.reseaux-energies.fr,false,""
2024-02-29T07:00:00.000000,France,France,FR,31.04,50.13,92.97,32.41,opendata.reseaux-energies.fr,false,""
2024-02-29T08:00:00.000000,France,France,FR,30.06,49.45,93.18,33.56,opendata.reseaux-energies.fr,false,""
2024-02-29T09:00:00.000000,France,France,FR,26.44,45.39,94.14,35.28,opendata.reseaux-energies.fr,false,""
2024-02-29T10:00:00.000000,France,France,FR,25.06,44.16,94.46,36.33,opendata.reseaux-energies.fr,false,""
2024-02-29T11:00:00.000000,France,France,FR,24.21,43.44,94.66,37.09,opendata.reseaux-energies.fr,false,""
2024-02-29T12:00:00.000000,France,France,FR,22.41,41.27,95.16,37.44,opendata.reseaux-energies.fr,false,""
2024-02-29T13:00:00.000000,France,France,FR,23.05,41.89,95.01,36.9,opendata.reseaux-energies.fr,false,""
2024-02-29T14:00:00.000000,France,France,FR,23.43,42.11,94.87,36.52,opendata.reseaux-energies.fr,false,""
2024-02-29T15:00:00.000000,France,France,FR,30.32,50.44,92.97,34.48,opendata.reseaux-energies.fr,false,""
2024-02-29T16:00:00.000000,France,France,FR,34.0,54.55,91.96,32.66,opendata.reseaux-energies.fr,false,""
2024-02-29T17:00:00.000000,France,France,FR,34.84,55.1,91.74,31.9,opendata.reseaux-energies.fr,false,""
2024-02-29T18:00:00.000000,France,France,FR,33.94,53.73,91.93,32.76,opendata.reseaux-energies.fr,false,""
2024-02-29T19:00:00.000000,France,France,FR,32.77,52.62,92.05,33.06,opendata.reseaux-energies.fr,false,""
2024-02-29T20:00:00.000000,France,France,FR,33.03,53.03,92.02,32.85,opendata.reseaux-energies.fr,false,""
2024-02-29T21:00:00.000000,France,France,FR,29.93,49.14,92.86,32.92,opendata.reseaux-energies.fr,false,""
2024-02-29T22:00:00.000000,France,France,FR,27.67,46.15,93.65,32.8,opendata.reseaux-energies.fr,false,""
2024-02-29T23:00:00.000000,France,France,FR,23.69,41.44,94.4,32.57,opendata.reseaux-energies.fr,false,""
2024-03-01T00:00:00.000000,France,France,FR,21.6,38.68,95.01,31.52,opendata.reseaux-energies.fr,false,""
2024-03-01T01:00:00.000000,France,France,FR,21.18,38.13,95.12,31.81,opendata.reseaux-energies.fr,false,""
2024-03-01T02:00:00.000000,France,France,FR,21.56,38.59,95.02,31.75,opendata.reseaux-energies.fr,false,""
2024-03-01T03:00:00.000000,France,France,FR,21.59,38.64,95.01,32.16,opendata.reseaux-energies.fr,false,""
2024-03-01T04:00:00.000000,France,France,FR,23.03,40.5,94.6,32.22,opendata.reseaux-energies.fr,false,""
2024-03-01T05:00:00.000000,France,France,FR,29.56,48.85,92.84,32.58,opendata.reseaux-energies.fr,false,""
2024-03-01T06:00:00.000000,France,France,FR,29.96,49.14,92.82,34.76,opendata.reseaux-energies.fr,false,""
2024-03-01T07:00:00.000000,France,France,FR,28.43,47.37,93.22,36.92,opendata.reseaux-energies.fr,false,""
2024-03-01T08:00:00.000000,France,France,FR,25.7,44.45,93.95,38.89,opendata.reseaux-energies.fr,false,""
2024-03-01T09:00:00.000000,France,France,FR,22.33,40.75,94.85,41.47,opendata.reseaux-energies.fr,false,""
2024-03-01T10:00:00.000000,France,France,FR,18.69,36.67,95.67,42.65,opendata.reseaux-energies.fr,false,""
2024-03-01T11:00:00.000000,France,France,FR,18.2,36.3,95.78,42.94,opendata.reseaux-energies.fr,false,""
2024-03-01T12:00:00.000000,France,France,FR,17.36,35.28,96.02,42.77,opendata.reseaux-energies.fr,false,""
2024-03-01T13:00:00.000000,France,France,FR,16.98,34.57,96.14,41.64,opendata.reseaux-energies.fr,false,""
2024-03-01T14:00:00.000000,France,France,FR,16.15,33.21,96.38,40.47,opendata.reseaux-energies.fr,false,""
2024-03-01T15:00:00.000000,France,France,FR,16.99,33.93,96.15,38.6,opendata.reseaux-energies.fr,false,""
2024-03-01T16:00:00.000000,France,France,FR,21.6,39.47,94.89,36.54,opendata.reseaux-energies.fr,false,""
2024-03-01T17:00:00.000000,France,France,FR,25.27,43.69,93.87,35.32,opendata.reseaux-energies.fr,false,""
2024-03-01T18:00:00.000000,France,France,FR,26.91,45.65,93.39,36.26,opendata.reseaux-energies.fr,false,""
2024-03-01T19:00:00.000000,France,France,FR,26.46,45.11,93.44,36.43,opendata.reseaux-energies.fr,false,""
2024-03-01T20:00:00.000000,France,France,FR,25.02,43.8,93.53,35.64,opendata.reseaux-energies.fr,false,""
2024-03-01T21:00:00.000000,France,France,FR,23.75,42.41,93.76,34.77,opendata.reseaux-energies.fr,false,""
2024-03-01T22:00:00.000000,France,France,FR,22.85,41.29,94.02,34.46,opendata.reseaux-energies.fr,false,""
2024-03-01T23:00:00.000000,France,France,FR,20.32,38.0,94.75,34.0,opendata.reseaux-energies.fr,false,""
2024-03-02T00:00:00.000000,France,France,FR,15.17,31.33,96.19,33.86,opendata.reseaux-energies.fr,false,""
2024-03-02T01:00:00.000000,France,France,FR,15.5,31.74,96.12,33.38,opendata.reseaux-energies.fr,false,""
2024-03-02T02:00:00.000000,France,France,FR,15.37,31.63,96.15,33.07,opendata.reseaux-energies.fr,false,""
2024-03-02T03:00:00.000000,France,France,FR,15.42,31.73,96.13,32.57,opendata.reseaux-energies.fr,false,""
2024-03-02T04:00:00.000000,France,France,FR,15.44,31.72,96.13,32.45,opendata.reseaux-energies.fr,false,""
2024-03-02T05:00:00.000000,France,France,FR,15.33,31.54,96.16,32.31,opendata.reseaux-energies.fr,false,""
2024-03-02T06:00:00.000000,France,France,FR,14.91,31.02,96.24,33.25,opendata.reseaux-energies.fr,false,""
2024-03-02T07:00:00.000000,France,France,FR,14.58,30.8,96.31,34.7,opendata.reseaux-energies.fr,false,""
2024-03-02T08:00:00.000000,France,France,FR,14.85,31.69,96.27,36.46,opendata.reseaux-energies.fr,false,""
2024-03-02T09:00:00.000000,France,France,FR,15.07,32.57,96.24,37.98,opendata.reseaux-energies.fr,false,""
2024-03-02T10:00:00.000000,France,France,FR,15.27,33.25,96.23,38.49,opendata.reseaux-energies.fr,false,""
2024-03-02T11:00:00.000000,France,France,FR,15.23,33.18,96.24,38.54,opendata.reseaux-energies.fr,false,""
2024-03-02T12:00:00.000000,France,France,FR,15.04,32.86,96.25,37.5,opendata.reseaux-energies.fr,false,""
2024-03-02T13:00:00.000000,France,France,FR,15.82,33.58,96.05,35.51,opendata.reseaux-energies.fr,false,""
2024-03-02T14:00:00.000000,France,France,FR,18.13,36.16,95.44,33.44,opendata.reseaux-energies.fr,false,""
2024-03-02T15:00:00.000000,France,France,FR,24.0,43.46,93.74,31.24,opendata.reseaux-energies.fr,false,""
2024-03-02T16:00:00.000000,France,France,FR,26.68,46.65,93.0,30.43,opendata.reseaux-energies.fr,false,""
2024-03-02T17:00:00.000000,France,France,FR,27.6,47.56,92.85,30.77,opendata.reseaux-energies.fr,false,""
2024-03-02T18:00:00.000000,France,France,FR,36.04,58.06,91.66,30.48,opendata.reseaux-energies.fr,false,""
2024-03-02T19:00:00.000000,France,France,FR,34.93,56.63,91.72,28.95,opendata.reseaux-energies.fr,false,""
2024-03-02T20:00:00.000000,France,France,FR,32.77,53.84,92.1,27.97,opendata.reseaux-energies.fr,false,""
2024-03-02T21:00:00.000000,France,France,FR,35.29,56.98,91.78,26.35,opendata.reseaux-energies.fr,false,""
2024-03-02T22:00:00.000000,France,France,FR,37.77,60.11,91.43,25.75,opendata.reseaux-energies.fr,false,""
2024-03-02T23:00:00.000000,France,France,FR,37.91,60.4,91.3,24.47,opendata.reseaux-energies.fr,false,""
2024-03-03T00:00:00.000000,France,France,FR,27.69,47.03,93.38,24.04,opendata.reseaux-energies.fr,false,""
2024-03-03T01:00:00.000000,France,France,FR,26.02,45.0,93.66,24.13,opendata.reseaux-energies.fr,false,""
2024-03-03T02:00:00.000000,France,France,FR,23.03,41.35,94.12,23.78,opendata.reseaux-energies.fr,false,""
2024-03-03T03:00:00.000000,France,France,FR,20.29,37.75,94.88,23.69,opendata.reseaux-energies.fr,false,""
2024-03-03T04:00:00.000000,France,France,FR,18.77,35.73,95.28,23.67,opendata.reseaux-energies.fr,false,""
2024-03-03T05:00:00.000000,France,France,FR,18.79,35.71,95.28,24.27,opendata.reseaux-energies.fr,false,""
2024-03-03T06:00:00.000000,France,France,FR,18.92,35.81,95.24,24.36,opendata.reseaux-energies.fr,false,""
2024-03-03T07:00:00.000000,France,France,FR,20.52,37.85,94.96,25.22,opendata.reseaux-energies.fr,false,""
2024-03-03T08:00:00.000000,France,France,FR,21.64,39.68,94.95,27.27,opendata.reseaux-energies.fr,false,""
2024-03-03T09:00:00.000000,France,France,FR,21.85,40.47,95.09,28.98,opendata.reseaux-energies.fr,false,""
2024-03-03T10:00:00.000000,France,France,FR,22.98,42.22,95.24,31.14,opendata.reseaux-energies.fr,false,""
2024-03-03T11:00:00.000000,France,France,FR,22.93,42.2,95.34,32.24,opendata.reseaux-energies.fr,false,""
2024-03-03T12:00:00.000000,France,France,FR,19.47,38.02,95.72,32.25,opendata.reseaux-energies.fr,false,""
2024-03-03T13:00:00.000000,France,France,FR,16.7,34.71,96.04,32.23,opendata.reseaux-energies.fr,false,""
2024-03-03T14:00:00.000000,France,France,FR,14.81,32.24,96.28,32.37,opendata.reseaux-energies.fr,false,""
2024-03-03T15:00:00.000000,France,France,FR,16.34,33.95,95.86,32.28,opendata.reseaux-energies.fr,false,""
2024-03-03T16:00:00.000000,France,France,FR,20.52,38.74,94.71,31.16,opendata.reseaux-energies.fr,false,""
2024-03-03T17:00:00.000000,France,France,FR,29.25,49.5,92.32,28.45,opendata.reseaux-energies.fr,false,""
2024-03-03T18:00:00.000000,France,France,FR,32.59,53.57,91.39,28.62,opendata.reseaux-energies.fr,false,""
2024-03-03T19:00:00.000000,France,France,FR,38.97,61.57,90.26,27.73,opendata.reseaux-energies.fr,false,""
2024-03-03T20:00:00.000000,France,France,FR,38.89,61.53,90.16,27.0,opendata.reseaux-energies.fr,false,""
2024-03-03T21:00:00.000000,France,France,FR,38.23,60.76,90.35,26.51,opendata.reseaux-energies.fr,false,""
2024-03-03T22:00:00.000000,France,France,FR,39.61,62.51,90.14,26.67,opendata.reseaux-energies.fr,false,""
2024-03-03T23:00:00.000000,France,France,FR,34.13,55.53,91.0,25.88,opendata.reseaux-energies.fr,false,""
2024-03-04T00:00:00.000000,France,France,FR,29.63,49.67,92.25,25.1,opendata.reseaux-energies.fr,false,""
2024-03-04T01:00:00.000000,France,France,FR,32.85,53.75,91.38,23.91,opendata.reseaux-energies.fr,false,""
2024-03-04T02:00:00.000000,France,France,FR,35.31,56.95,90.68,22.75,opendata.reseaux-energies.fr,false,""
2024-03-04T03:00:00.000000,France,France,FR,36.52,58.51,90.35,22.57,opendata.reseaux-energies.fr,false,""
2024-03-04T04:00:00.000000,France,France,FR,37.91,60.36,89.96,22.89,opendata.reseaux-energies.fr,false,""
2024-03-04T05:00:00.000000,France,France,FR,43.35,67.42,88.37,23.22,opendata.reseaux-energies.fr,false,""
2024-03-04T06:00:00.000000,France,France,FR,45.29,69.97,87.8,25.23,opendata.reseaux-energies.fr,false,""
2024-03-04T07:00:00.000000,France,France,FR,46.13,71.29,87.63,27.05,opendata.reseaux-energies.fr,false,""
2024-03-04T08:00:00.000000,France,France,FR,43.51,68.68,88.27,28.82,opendata.reseaux-energies.fr,false,""
2024-03-04T09:00:00.000000,France,France,FR,41.76,67.03,88.75,29.97,opendata.reseaux-energies.fr,false,""
2024-03-04T10:00:00.000000,France,France,FR,38.45,63.35,89.71,31.17,opendata.reseaux-energies.fr,false,""
2024-03-04T11:00:00.000000,France,France,FR,33.41,56.98,91.11,32.45,opendata.reseaux-energies.fr,false,""
2024-03-04T12:00:00.000000,France,France,FR,32.94,56.32,91.23,31.95,opendata.reseaux-energies.fr,false,""
2024-03-04T13:00:00.000000,France,France,FR,33.18,56.36,91.14,30.6,opendata.reseaux-energies.fr,false,""
2024-03-04T14:00:00.000000,France,France,FR,35.79,59.29,90.42,28.35,opendata.reseaux-energies.fr,false,""
2024-03-04T15:00:00.000000,France,France,FR,41.32,65.85,88.89,25.73,opendata.reseaux-energies.fr,false,""
2024-03-04T16:00:00.000000,France,France,FR,43.69,68.34,88.24,24.7,opendata.reseaux-energies.fr,false,""
2024-03-04T17:00:00.000000,France,France,FR,45.42,70.21,87.76,24.55,opendata.reseaux-energies.fr,false,""
2024-03-04T18:00:00.000000,France,France,FR,50.1,76.06,87.21,25.46,opendata.reseaux-energies.fr,false,""
2024-03-04T19:00:00.000000,France,France,FR,49.89,75.78,87.25,25.33,opendata.reseaux-energies.fr,false,""
2024-03-04T20:00:00.000000,France,France,FR,42.9,66.92,88.45,25.38,opendata.reseaux-energies.fr,false,""
2024-03-04T21:00:00.000000,France,France,FR,40.28,63.58,89.17,24.64,opendata.reseaux-energies.fr,false,""
2024-03-04T22:00:00.000000,France,France,FR,40.28,63.59,89.18,25.19,opendata.reseaux-energies.fr,false,""
2024-03-04T23:00:00.000000,France,France,FR,40.31,63.87,89.23,25.34,opendata.reseaux-energies.fr,false,""
2024-03-05T00:00:00.000000,France,France,FR,38.78,61.76,89.63,24.12,opendata.reseaux-energies.fr,false,""
2024-03-05T01:00:00.000000,France,France,FR,40.75,64.26,89.05,23.79,opendata.reseaux-energies.fr,false,""
2024-03-05T02:00:00.000000,France,France,FR,35.49,57.41,90.51,23.63,opendata.reseaux-energies.fr,false,""
2024-03-05T03:00:00.000000,France,France,FR,34.65,56.33,90.73,23.35,opendata.reseaux-energies.fr,false,""
2024-03-05T04:00:00.000000,France,France,FR,34.58,56.18,90.75,24.23,opendata.reseaux-energies.fr,false,""
2024-03-05T05:00:00.000000,France,France,FR,39.62,62.61,89.37,24.98,opendata.reseaux-energies.fr,false,""
2024-03-05T06:00:00.000000,France,France,FR,45.59,70.36,87.73,26.47,opendata.reseaux-energies.fr,false,""
2024-03-05T07:00:00.000000,France,France,FR,48.57,74.37,87.39,27.42,opendata.reseaux-energies.fr,false,""
2024-03-05T08:00:00.000000,France,France,FR,49.24,75.85,87.59,28.83,opendata.reseaux-energies.fr,false,""
2024-03-05T09:00:00.000000,France,France,FR,44.9,70.98,88.39,30.51,opendata.reseaux-energies.fr,false,""
2024-03-05T10:00:00.000000,France,France,FR,40.73,65.99,89.29,31.9,opendata.reseaux-energies.fr,false,""
2024-03-05T11:00:00.000000,France,France,FR,41.09,66.6,89.16,32.14,opendata.reseaux-energies.fr,false,""
2024-03-05T12:00:00.000000,France,France,FR,38.37,63.32,89.85,32.24,opendata.reseaux-energies.fr,false,""
2024-03-05T13:00:00.000000,France,France,FR,35.56,59.63,90.64,32.2,opendata.reseaux-energies.fr,false,""
2024-03-05T14:00:00.000000,France,France,FR,36.98,61.16,90.26,31.02,opendata.reseaux-energies.fr,false,""
2024-03-05T15:00:00.000000,France,France,FR,38.82,63.1,89.61,28.59,opendata.reseaux-energies.fr,false,""
2024-03-05T16:00:00.000000,France,France,FR,40.54,64.63,89.15,26.43,opendata.reseaux-energies.fr,false,""
2024-03-05T17:00:00.000000,France,France,FR,44.5,68.98,88.1,25.29,opendata.reseaux-energies.fr,false,""
2024-03-05T18:00:00.000000,France,France,FR,49.01,74.5,87.07,25.37,opendata.reseaux-energies.fr,false,""
2024-03-05T19:00:00.000000,France,France,FR,56.9,84.58,86.13,24.71,opendata.reseaux-energies.fr,false,""
2024-03-05T20:00:00.000000,France,France,FR,64.31,94.16,84.94,22.9,opendata.reseaux-energies.fr,false,""
2024-03-05T21:00:00.000000,France,France,FR,57.89,86.05,85.48,22.1,opendata.reseaux-energies.fr,false,""
2024-03-05T22:00:00.000000,France,France,FR,52.58,79.2,86.13,22.5,opendata.reseaux-energies.fr,false,""
2024-03-05T23:00:00.000000,France,France,FR,45.41,69.29,87.99,21.63,opendata.reseaux-energies.fr,false,""
2024-03-06T00:00:00.000000,France,France,FR,41.41,63.24,89.22,20.33,opendata.reseaux-energies.fr,false,""
2024-03-06T01:00:00.000000,France,France,FR,43.83,66.33,88.63,19.91,opendata.reseaux-energies.fr,false,""
2024-03-06T02:00:00.000000,France,France,FR,40.65,62.45,89.22,19.39,opendata.reseaux-energies.fr,false,""
2024-03-06T03:00:00.000000,France,France,FR,37.48,58.27,90.1,19.04,opendata.reseaux-energies.fr,false,""
2024-03-06T04:00:00.000000,France,France,FR,45.05,68.12,88.07,18.8,opendata.reseaux-energies.fr,false,""
2024-03-06T05:00:00.000000,France,France,FR,49.6,74.07,86.75,19.92,opendata.reseaux-energies.fr,false,""
2024-03-06T06:00:00.000000,France,France,FR,52.88,78.49,85.94,21.27,opendata.reseaux-energies.fr,false,""
2024-03-06T07:00:00.000000,France,France,FR,50.05,75.26,86.67,23.24,opendata.reseaux-energies.fr,false,""
2024-03-06T08:00:00.000000,France,France,FR,49.48,75.39,86.89,26.01,opendata.reseaux-energies.fr,false,""
2024-03-06T09:00:00.000000,France,France,FR,47.0,73.05,87.6,27.48,opendata.reseaux-energies.fr,false,""
2024-03-06T10:00:00.000000,France,France,FR,40.89,65.7,89.29,28.79,opendata.reseaux-energies.fr,false,""
2024-03-06T11:00:00.000000,France,France,FR,38.86,63.27,89.84,29.53,opendata.reseaux-energies.fr,false,""
2024-03-06T12:00:00.000000,France,France,FR,38.66,62.84,89.79,28.79,opendata.reseaux-energies.fr,false,""
2024-03-06T13:00:00.000000,France,France,FR,39.46,63.57,89.55,27.55,opendata.reseaux-energies.fr,false,""
2024-03-06T14:00:00.000000,France,France,FR,41.0,65.1,89.09,25.9,opendata.reseaux-energies.fr,false,""
2024-03-06T15:00:00.000000,France,France,FR,41.25,64.94,89.0,25.02,opendata.reseaux-energies.fr,false,""
2024-03-06T16:00:00.000000,France,France,FR,44.19,67.89,88.21,23.29,opendata.reseaux-energies.fr,false,""
2024-03-06T17:00:00.000000,France,France,FR,45.43,68.8,87.87,21.93,opendata.reseaux-energies.fr,false,""
2024-03-06T18:00:00.000000,France,France,FR,48.8,73.08,87.06,22.35,opendata.reseaux-energies.fr,false,""
2024-03-06T19:00:00.000000,France,France,FR,49.72,74.18,86.82,21.6,opendata.reseaux-energies.fr,false,""
2024-03-06T20:00:00.000000,France,France,FR,49.29,73.66,86.9,21.09,opendata.reseaux-energies.fr,false,""
2024-03-06T21:00:00.000000,France,France,FR,48.23,72.31,87.1,20.92,opendata.reseaux-energies.fr,false,""
2024-03-06T22:00:00.000000,France,France,FR,47.23,71.05,87.38,21.47,opendata.reseaux-energies.fr,false,""
2024-03-06T23:00:00.000000,France,France,FR,44.59,67.65,88.18,21.66,opendata.reseaux-energies.fr,false,""
2024-03-07T00:00:00.000000,France,France,FR,41.87,64.14,88.9,21.86,opendata.reseaux-energies.fr,false,""
2024-03-07T01:00:00.000000,France,France,FR,42.3,64.7,88.79,22.03,opendata.reseaux-energies.fr,false,""
2024-03-07T02:00:00.000000,France,France,FR,41.67,63.92,88.91,22.01,opendata.reseaux-energies.fr,false,""
2024-03-07T03:00:00.000000,France,France,FR,40.71,62.68,89.18,22.64,opendata.reseaux-energies.fr,false,""
2024-03-07T04:00:00.000000,France,France,FR,41.91,64.25,88.83,23.57,opendata.reseaux-energies.fr,false,""
2024-03-07T05:00:00.000000,France,France,FR,42.63,65.14,88.76,25.1,opendata.reseaux-energies.fr,false,""
2024-03-07T06:00:00.000000,France,France,FR,47.16,71.01,88.1,26.55,opendata.reseaux-energies.fr,false,""
2024-03-07T07:00:00.000000,France,France,FR,45.53,69.42,88.56,28.63,opendata.reseaux-energies.fr,false,""
2024-03-07T08:00:00.000000,France,France,FR,42.36,66.28,89.21,30.78,opendata.reseaux-energies.fr,false,""
2024-03-07T09:00:00.000000,France,France,FR,31.44,53.14,91.93,33.59,opendata.reseaux-energies.fr,false,""
2024-03-07T10:00:00.000000,France,France,FR,22.83,42.47,94.26,35.94,opendata.reseaux-energies.fr,false,""
2024-03-07T11:00:00.000000,France,France,FR,21.74,41.37,94.47,37.23,opendata.reseaux-energies.fr,false,""
2024-03-07T12:00:00.000000,France,France,FR,21.25,40.87,94.58,37.49,opendata.reseaux-energies.fr,false,""
2024-03-07T13:00:00.000000,France,France,FR,21.51,41.2,94.52,37.87,opendata.reseaux-energies.fr,false,""
2024-03-07T14:00:00.000000,France,France,FR,22.57,42.17,94.21,36.85,opendata.reseaux-energies.fr,false,""
2024-03-07T15:00:00.000000,France,France,FR,23.33,42.31,93.91,34.3,opendata.reseaux-energies.fr,false,""
2024-03-07T16:00:00.000000,France,France,FR,26.23,44.98,93.13,31.72,opendata.reseaux-energies.fr,false,""
2024-03-07T17:00:00.000000,France,France,FR,26.69,44.77,93.0,30.35,opendata.reseaux-energies.fr,false,""
2024-03-07T18:00:00.000000,France,France,FR,25.57,43.12,93.29,31.79,opendata.reseaux-energies.fr,false,""
2024-03-07T19:00:00.000000,France,France,FR,25.05,42.49,93.44,32.25,opendata.reseaux-energies.fr,false,""
2024-03-07T20:00:00.000000,France,France,FR,19.4,35.19,95.0,32.74,opendata.reseaux-energies.fr,false,""
2024-03-07T21:00:00.000000,France,France,FR,18.05,33.41,95.39,32.52,opendata.reseaux-energies.fr,false,""
2024-03-07T22:00:00.000000,France,France,FR,18.14,33.55,95.37,32.0,opendata.reseaux-energies.fr,false,""
2024-03-07T23:00:00.000000,France,France,FR,18.17,33.57,95.36,30.67,opendata.reseaux-energies.fr,false,""
2024-03-08T00:00:00.000000,France,France,FR,19.4,35.16,95.02,29.48,opendata.reseaux-energies.fr,false,""
2024-03-08T01:00:00.000000,France,France,FR,19.61,35.43,94.97,29.39,opendata.reseaux-energies.fr,false,""
2024-03-08T02:00:00.000000,France,France,FR,20.1,36.05,94.84,28.5,opendata.reseaux-energies.fr,false,""
2024-03-08T03:00:00.000000,France,France,FR,19.36,35.09,95.04,28.15,opendata.reseaux-energies.fr,false,""
2024-03-08T04:00:00.000000,France,France,FR,21.93,38.46,94.33,28.46,opendata.reseaux-energies.fr,false,""
2024-03-08T05:00:00.000000,France,France,FR,27.38,45.51,92.81,29.36,opendata.reseaux-energies.fr,false,""
2024-03-08T06:00:00.000000,France,France,FR,28.13,46.46,92.6,30.17,opendata.reseaux-energies.fr,false,""
2024-03-08T07:00:00.000000,France,France,FR,27.52,45.91,92.77,30.74,opendata.reseaux-energies.fr,false,""
2024-03-08T08:00:00.000000,France,France,FR,25.26,43.59,93.48,31.66,opendata.reseaux-energies.fr,false,""
2024-03-08T09:00:00.000000,France,France,FR,23.3,41.67,94.07,31.68,opendata.reseaux-energies.fr,false,""
2024-03-08T10:00:00.000000,France,France,FR,21.13,39.47,94.69,32.49,opendata.reseaux-energies.fr,false,""
2024-03-08T11:00:00.000000,France,France,FR,16.8,34.15,95.89,33.5,opendata.reseaux-energies.fr,false,""
2024-03-08T12:00:00.000000,France,France,FR,16.74,34.14,95.91,33.32,opendata.reseaux-energies.fr,false,""
2024-03-08T13:00:00.000000,France,France,FR,16.53,33.62,95.97,33.23,opendata.reseaux-energies.fr,false,""
2024-03-08T14:00:00.000000,France,France,FR,16.04,32.43,96.06,32.39,opendata.reseaux-energies.fr,false,""
2024-03-08T15:00:00.000000,France,France,FR,15.73,31.24,96.11,31.17,opendata.reseaux-energies.fr,false,""
2024-03-08T16:00:00.000000,France,France,FR,16.14,31.12,95.93,30.96,opendata.reseaux-energies.fr,false,""
2024-03-08T17:00:00.000000,France,France,FR,17.07,32.03,95.67,31.09,opendata.reseaux-energies.fr,false,""
2024-03-08T18:00:00.000000,France,France,FR,17.33,32.28,95.63,31.83,opendata.reseaux-energies.fr,false,""
2024-03-08T19:00:00.000000,France,France,FR,15.48,29.94,96.08,31.92,opendata.reseaux-energies.fr,false,""
2024-03-08T20:00:00.000000,France,France,FR,15.21,29.68,96.18,31.89,opendata.reseaux-energies.fr,false,""
2024-03-08T21:00:00.000000,France,France,FR,15.31,29.89,96.17,32.24,opendata.reseaux-energies.fr,false,""
2024-03-08T22:00:00.000000,France,France,FR,15.67,30.37,96.06,31.36,opendata.reseaux-energies.fr,false,""
2024-03-08T23:00:00.000000,France,France,FR,15.16,29.76,96.21,31.32,opendata.reseaux-energies.fr,false,""
2024-03-09T00:00:00.000000,France,France,FR,14.87,29.4,96.27,30.98,opendata.reseaux-energies.fr,false,""
2024-03-09T01:00:00.000000,France,France,FR,15.09,29.68,96.24,30.49,opendata.reseaux-energies.fr,false,""
2024-03-09T02:00:00.000000,France,France,FR,15.22,29.87,96.2,30.07,opendata.reseaux-energies.fr,false,""
2024-03-09T03:00:00.000000,France,France,FR,15.2,29.84,96.2,30.09,opendata.reseaux-energies.fr,false,""
2024-03-09T04:00:00.000000,France,France,FR,15.03,29.66,96.25,30.71,opendata.reseaux-energies.fr,false,""
2024-03-09T05:00:00.000000,France,France,FR,14.85,29.41,96.29,31.16,opendata.reseaux-energies.fr,false,""
2024-03-09T06:00:00.000000,France,France,FR,14.67,29.27,96.33,31.98,opendata.reseaux-energies.fr,false,""
2024-03-09T07:00:00.000000,France,France,FR,14.58,29.43,96.36,32.94,opendata.reseaux-energies.fr,false,""
2024-03-09T08:00:00.000000,France,France,FR,14.49,29.64,96.37,32.86,opendata.reseaux-energies.fr,false,""
2024-03-09T09:00:00.000000,France,France,FR,16.18,32.45,96.04,34.6,opendata.reseaux-energies.fr,false,""
2024-03-09T10:00:00.000000,France,France,FR,15.34,31.85,96.21,36.44,opendata.reseaux-energies.fr,false,""
2024-03-09T11:00:00.000000,France,France,FR,16.48,33.59,95.99,36.78,opendata.reseaux-energies.fr,false,""
2024-03-09T12:00:00.000000,France,France,FR,15.92,32.77,96.11,36.17,opendata.reseaux-energies.fr,false,""
2024-03-09T13:00:00.000000,France,France,FR,16.14,32.78,96.06,34.91,opendata.reseaux-energies.fr,false,""
2024-03-09T14:00:00.000000,France,France,FR,16.62,32.98,95.94,32.29,opendata.reseaux-energies.fr,false,""
2024-03-09T15:00:00.000000,France,France,FR,15.09,30.45,96.25,30.8,opendata.reseaux-energies.fr,false,""
2024-03-09T16:00:00.000000,France,France,FR,14.8,29.6,96.3,29.57,opendata.reseaux-energies.fr,false,""
2024-03-09T17:00:00.000000,France,France,FR,14.74,29.2,96.31,29.07,opendata.reseaux-energies.fr,false,""
2024-03-09T18:00:00.000000,France,France,FR,17.98,33.2,95.8,29.17,opendata.reseaux-energies.fr,false,""
2024-03-09T19:00:00.000000,France,France,FR,18.17,33.44,95.69,28.65,opendata.reseaux-energies.fr,false,""
2024-03-09T20:00:00.000000,France,France,FR,16.79,31.69,95.85,27.38,opendata.reseaux-energies.fr,false,""
2024-03-09T21:00:00.000000,France,France,FR,16.61,31.46,95.91,26.92,opendata.reseaux-energies.fr,false,""
2024-03-09T22:00:00.000000,France,France,FR,17.62,32.77,95.71,26.14,opendata.reseaux-energies.fr,false,""
2024-03-09T23:00:00.000000,France,France,FR,15.65,31.91,96.03,27.04,opendata.reseaux-energies.fr,false,""
2024-03-10T00:00:00.000000,France,France,FR,17.26,34.02,95.71,25.56,opendata.reseaux-energies.fr,false,""
2024-03-10T01:00:00.000000,France,France,FR,17.32,34.03,95.68,24.92,opendata.reseaux-energies.fr,false,""
2024-03-10T02:00:00.000000,France,France,FR,17.02,33.65,95.74,23.83,opendata.reseaux-energies.fr,false,""
2024-03-10T03:00:00.000000,France,France,FR,16.08,32.41,95.92,22.25,opendata.reseaux-energies.fr,false,""
2024-03-10T04:00:00.000000,France,France,FR,16.31,32.59,95.88,21.23,opendata.reseaux-energies.fr,false,""
2024-03-10T05:00:00.000000,France,France,FR,16.18,32.35,95.9,20.84,opendata.reseaux-energies.fr,false,""
2024-03-10T06:00:00.000000,France,France,FR,16.91,33.34,95.75,20.33,opendata.reseaux-energies.fr,false,""
2024-03-10T07:00:00.000000,France,France,FR,16.35,33.02,95.86,21.66,opendata.reseaux-energies.fr,false,""
2024-03-10T08:00:00.000000,France,France,FR,17.42,35.08,95.76,25.15,opendata.reseaux-energies.fr,false,""
2024-03-10T09:00:00.000000,France,France,FR,17.29,35.52,95.84,26.71,opendata.reseaux-energies.fr,false,""
2024-03-10T10:00:00.000000,France,France,FR,17.85,36.83,95.75,28.66,opendata.reseaux-energies.fr,false,""
2024-03-10T11:00:00.000000,France,France,FR,16.87,35.84,96.01,30.19,opendata.reseaux-energies.fr,false,""
2024-03-10T12:00:00.000000,France,France,FR,16.51,35.44,95.98,30.02,opendata.reseaux-energies.fr,false,""
2024-03-10T13:00:00.000000,France,France,FR,17.25,36.27,95.68,28.36,opendata.reseaux-energies.fr,false,""
2024-03-10T14:00:00.000000,France,France,FR,18.41,37.49,95.23,26.5,opendata.reseaux-energies.fr,false,""
2024-03-10T15:00:00.000000,France,France,FR,21.15,40.51,94.49,24.36,opendata.reseaux-energies.fr,false,""
2024-03-10T16:00:00.000000,France,France,FR,24.58,44.19,93.55,22.46,opendata.reseaux-energies.fr,false,""
2024-03-10T17:00:00.000000,France,France,FR,29.04,49.23,92.31,21.76,opendata.reseaux-energies.fr,false,""
2024-03-10T18:00:00.000000,France,France,FR,32.25,52.98,91.61,23.02,opendata.reseaux-energies.fr,false,""
2024-03-10T19:00:00.000000,France,France,FR,30.95,51.28,91.85,23.07,opendata.reseaux-energies.fr,false,""
2024-03-10T20:00:00.000000,France,France,FR,29.83,49.78,92.17,22.91,opendata.reseaux-energies.fr,false,""
2024-03-10T21:00:00.000000,France,France,FR,29.99,50.01,92.19,22.7,opendata.reseaux-energies.fr,false,""
2024-03-10T22:00:00.000000,France,France,FR,29.96,50.03,92.16,22.77,opendata.reseaux-energies.fr,false,""
2024-03-10T23:00:00.000000,France,France,FR,27.65,46.89,93.05,22.93,opendata.reseaux-energies.fr,false,""
2024-03-11T00:00:00.000000,France,France,FR,21.84,39.27,94.8,23.9,opendata.reseaux-energies.fr,false,""
2024-03-11T01:00:00.000000,France,France,FR,22.34,39.75,94.85,24.3,opendata.reseaux-energies.fr,false,""
2024-03-11T02:00:00.000000,France,France,FR,20.23,37.39,95.01,24.14,opendata.reseaux-energies.fr,false,""
2024-03-11T03:00:00.000000,France,France,FR,20.23,37.39,94.95,24.25,opendata.reseaux-energies.fr,false,""
2024-03-11T04:00:00.000000,France,France,FR,21.91,39.52,94.46,24.5,opendata.reseaux-energies.fr,false,""
2024-03-11T05:00:00.000000,France,France,FR,22.72,40.63,94.04,24.43,opendata.reseaux-energies.fr,false,""
2024-03-11T06:00:00.000000,France,France,FR,31.15,51.46,91.69,25.58,opendata.reseaux-energies.fr,false,""
2024-03-11T07:00:00.000000,France,France,FR,32.73,53.73,91.26,26.93,opendata.reseaux-energies.fr,false,""
2024-03-11T08:00:00.000000,France,France,FR,33.87,55.74,90.94,28.22,opendata.reseaux-energies.fr,false,""
2024-03-11T09:00:00.000000,France,France,FR,33.25,55.47,91.1,29.11,opendata.reseaux-energies.fr,false,""
2024-03-11T10:00:00.000000,France,France,FR,32.83,55.45,91.21,30.68,opendata.reseaux-energies.fr,false,""
2024-03-11T11:00:00.000000,France,France,FR,29.28,51.16,92.18,32.92,opendata.reseaux-energies.fr,false,""
2024-03-11T12:00:00.000000,France,France,FR,26.1,47.0,93.06,34.5,opendata.reseaux-energies.fr,false,""
2024-03-11T13:00:00.000000,France,France,FR,26.85,47.94,92.86,34.27,opendata.reseaux-energies.fr,false,""
2024-03-11T14:00:00.000000,France,France,FR,29.07,50.63,92.24,33.54,opendata.reseaux-energies.fr,false,""
2024-03-11T15:00:00.000000,France,France,FR,29.41,50.62,92.16,32.51,opendata.reseaux-energies.fr,false,""
2024-03-11T16:00:00.000000,France,France,FR,32.57,54.22,91.3,30.89,opendata.reseaux-energies.fr,false,""
2024-03-11T17:00:00.000000,France,France,FR,39.75,62.97,89.32,28.44,opendata.reseaux-energies.fr,false,""
2024-03-11T18:00:00.000000,France,France,FR,46.09,70.77,88.14,27.74,opendata.reseaux-energies.fr,false,""
2024-03-11T19:00:00.000000,France,France,FR,46.63,71.48,88.15,26.92,opendata.reseaux-energies.fr,false,""
2024-03-11T20:00:00.000000,France,France,FR,40.66,63.9,89.04,26.82,opendata.reseaux-energies.fr,false,""
2024-03-11T21:00:00.000000,France,France,FR,40.47,63.62,89.14,26.26,opendata.reseaux-energies.fr,false,""
2024-03-11T22:00:00.000000,France,France,FR,41.43,64.89,88.88,26.14,opendata.reseaux-energies.fr,false,""
2024-03-11T23:00:00.000000,France,France,FR,39.49,62.44,89.41,26.02,opendata.reseaux-energies.fr,false,""
2024-03-12T00:00:00.000000,France,France,FR,33.0,54.02,91.22,25.62,opendata.reseaux-energies.fr,false,""
2024-03-12T01:00:00.000000,France,France,FR,32.46,53.3,91.37,25.27,opendata.reseaux-energies.fr,false,""
2024-03-12T02:00:00.000000,France,France,FR,31.13,51.55,91.74,24.63,opendata.reseaux-energies.fr,false,""
2024-03-12T03:00:00.000000,France,France,FR,30.42,50.59,91.95,24.45,opendata.reseaux-energies.fr,false,""
2024-03-12T04:00:00.000000,France,France,FR,33.01,53.92,91.24,24.21,opendata.reseaux-energies.fr,false,""
2024-03-12T05:00:00.000000,France,France,FR,38.56,61.07,89.7,24.27,opendata.reseaux-energies.fr,false,""
2024-03-12T06:00:00.000000,France,France,FR,40.49,63.5,89.11,25.6,opendata.reseaux-energies.fr,false,""
2024-03-12T07:00:00.000000,France,France,FR,41.21,64.73,88.96,27.71,opendata.reseaux-energies.fr,false,""
2024-03-12T08:00:00.000000,France,France,FR,40.79,64.92,89.06,29.52,opendata.reseaux-energies.fr,false,""
2024-03-12T09:00:00.000000,France,France,FR,38.34,62.36,89.71,31.63,opendata.reseaux-energies.fr,false,""
2024-03-12T10:00:00.000000,France,France,FR,35.87,59.63,90.39,33.68,opendata.reseaux-energies.fr,false,""
2024-03-12T11:00:00.000000,France,France,FR,32.04,54.83,91.43,35.46,opendata.reseaux-energies.fr,false,""
2024-03-12T12:00:00.000000,France,France,FR,25.77,46.73,93.16,36.88,opendata.reseaux-energies.fr,false,""
2024-03-12T13:00:00.000000,France,France,FR,22.8,42.76,93.98,36.53,opendata.reseaux-energies.fr,false,""
2024-03-12T14:00:00.000000,France,France,FR,22.78,42.58,94.0,35.74,opendata.reseaux-energies.fr,false,""
2024-03-12T15:00:00.000000,France,France,FR,20.96,39.87,94.5,34.43,opendata.reseaux-energies.fr,false,""
2024-03-12T16:00:00.000000,France,France,FR,26.13,46.03,93.07,32.22,opendata.reseaux-energies.fr,false,""
2024-03-12T17:00:00.000000,France,France,FR,31.48,52.41,91.61,30.76,opendata.reseaux-energies.fr,false,""
2024-03-12T18:00:00.000000,France,France,FR,34.1,55.5,90.85,31.23,opendata.reseaux-energies.fr,false,""
2024-03-12T19:00:00.000000,France,France,FR,34.94,56.63,90.6,30.88,opendata.reseaux-energies.fr,false,""
2024-03-12T20:00:00.000000,France,France,FR,32.55,53.55,91.26,30.4,opendata.reseaux-energies.fr,false,""
2024-03-12T21:00:00.000000,France,France,FR,31.02,51.56,91.69,29.36,opendata.reseaux-energies.fr,false,""
2024-03-12T22:00:00.000000,France,France,FR,32.22,53.13,91.35,28.8,opendata.reseaux-energies.fr,false,""
2024-03-12T23:00:00.000000,France,France,FR,27.68,47.24,92.61,28.14,opendata.reseaux-energies.fr,false,""
2024-03-13T00:00:00.000000,France,France,FR,19.74,36.95,94.86,27.33,opendata.reseaux-energies.fr,false,""
2024-03-13T01:00:00.000000,France,France,FR,17.6,34.15,95.47,26.89,opendata.reseaux-energies.fr,false,""
2024-03-13T02:00:00.000000,France,France,FR,17.78,34.43,95.39,25.59,opendata.reseaux-energies.fr,false,""
2024-03-13T03:00:00.000000,France,France,FR,18.31,35.1,95.29,24.22,opendata.reseaux-energies.fr,false,""
2024-03-13T04:00:00.000000,France,France,FR,19.21,36.12,95.06,23.55,opendata.reseaux-energies.fr,false,""
2024-03-13T05:00:00.000000,France,France,FR,22.92,40.82,94.05,23.7,opendata.reseaux-energies.fr,false,""
2024-03-13T06:00:00.000000,France,France,FR,25.33,43.96,93.32,25.41,opendata.reseaux-energies.fr,false,""
2024-03-13T07:00:00.000000,France,France,FR,24.91,43.71,93.44,27.33,opendata.reseaux-energies.fr,false,""
2024-03-13T08:00:00.000000,France,France,FR,24.28,43.68,93.64,30.16,opendata.reseaux-energies.fr,false,""
2024-03-13T09:00:00.000000,France,France,FR,23.02,42.88,93.97,32.43,opendata.reseaux-energies.fr,false,""
2024-03-13T10:00:00.000000,France,France,FR,19.43,39.0,94.94,34.89,opendata.reseaux-energies.fr,false,""
2024-03-13T11:00:00.000000,France,France,FR,16.73,35.98,95.68,36.21,opendata.reseaux-energies.fr,false,""
2024-03-13T12:00:00.000000,France,France,FR,16.54,35.91,95.72,36.51,opendata.reseaux-energies.fr,false,""
2024-03-13T13:00:00.000000,France,France,FR,16.55,35.81,95.73,35.73,opendata.reseaux-energies.fr,false,""
2024-03-13T14:00:00.000000,France,France,FR,16.84,35.93,95.65,34.11,opendata.reseaux-energies.fr,false,""
2024-03-13T15:00:00.000000,France,France,FR,17.62,36.39,95.46,31.99,opendata.reseaux-energies.fr,false,""
2024-03-13T16:00:00.000000,France,France,FR,19.14,37.47,95.05,28.35,opendata.reseaux-energies.fr,false,""
2024-03-13T17:00:00.000000,France,France,FR,24.32,43.05,93.63,25.45,opendata.reseaux-energies.fr,false,""
2024-03-13T18:00:00.000000,France,France,FR,31.44,51.76,91.73,25.21,opendata.reseaux-energies.fr,false,""
2024-03-13T19:00:00.000000,France,France,FR,33.57,54.67,91.26,25.83,opendata.reseaux-energies.fr,false,""
2024-03-13T20:00:00.000000,France,France,FR,32.2,53.02,91.56,26.17,opendata.reseaux-energies.fr,false,""
2024-03-13T21:00:00.000000,France,France,FR,25.0,43.71,93.37,25.56,opendata.reseaux-energies.fr,false,""
2024-03-13T22:00:00.000000,France,France,FR,23.25,41.4,93.92,26.14,opendata.reseaux-energies.fr,false,""
2024-03-13T23:00:00.000000,France,France,FR,19.91,37.11,94.85,26.5,opendata.reseaux-energies.fr,false,""
2024-03-14T00:00:00.000000,France,France,FR,17.03,33.48,95.65,26.99,opendata.reseaux-energies.fr,false,""
2024-03-14T01:00:00.000000,France,France,FR,16.91,33.34,95.67,27.05,opendata.reseaux-energies.fr,false,""
2024-03-14T02:00:00.000000,France,France,FR,17.25,33.89,95.58,27.27,opendata.reseaux-energies.fr,false,""
2024-03-14T03:00:00.000000,France,France,FR,17.4,34.08,95.55,27.06,opendata.reseaux-energies.fr,false,""
2024-03-14T04:00:00.000000,France,France,FR,17.39,34.0,95.56,27.14,opendata.reseaux-energies.fr,false,""
2024-03-14T05:00:00.000000,France,France,FR,19.31,36.38,95.03,28.86,opendata.reseaux-energies.fr,false,""
2024-03-14T06:00:00.000000,France,France,FR,21.87,39.56,94.61,29.73,opendata.reseaux-energies.fr,false,""
2024-03-14T07:00:00.000000,France,France,FR,34.05,55.65,92.89,31.37,opendata.reseaux-energies.fr,false,""
2024-03-14T08:00:00.000000,France,France,FR,29.77,51.23,93.47,33.26,opendata.reseaux-energies.fr,false,""
2024-03-14T09:00:00.000000,France,France,FR,18.14,37.31,95.28,35.12,opendata.reseaux-energies.fr,false,""
2024-03-14T10:00:00.000000,France,France,FR,16.08,35.33,95.87,36.51,opendata.reseaux-energies.fr,false,""
2024-03-14T11:00:00.000000,France,France,FR,15.12,34.4,96.14,37.5,opendata.reseaux-energies.fr,false,""
2024-03-14T12:00:00.000000,France,France,FR,14.86,34.11,96.19,37.71,opendata.reseaux-energies.fr,false,""
2024-03-14T13:00:00.000000,France,France,FR,15.09,34.31,96.14,37.4,opendata.reseaux-energies.fr,false,""
2024-03-14T14:00:00.000000,France,France,FR,15.26,34.14,96.09,36.46,opendata.reseaux-energies.fr,false,""
2024-03-14T15:00:00.000000,France,France,FR,15.52,33.76,96.03,35.25,opendata.reseaux-energies.fr,false,""
2024-03-14T16:00:00.000000,France,France,FR,14.88,32.0,96.22,32.83,opendata.reseaux-energies.fr,false,""
2024-03-14T17:00:00.000000,France,France,FR,15.22,31.47,96.14,31.18,opendata.reseaux-energies.fr,false,""
2024-03-14T18:00:00.000000,France,France,FR,16.61,32.83,95.75,32.2,opendata.reseaux-energies.fr,false,""
2024-03-14T19:00:00.000000,France,France,FR,15.54,31.56,95.98,33.27,opendata.reseaux-energies.fr,false,""
2024-03-14T20:00:00.000000,France,France,FR,14.76,30.6,96.18,33.51,opendata.reseaux-energies.fr,false,""
2024-03-14T21:00:00.000000,France,France,FR,13.41,28.9,96.57,33.14,opendata.reseaux-energies.fr,false,""
2024-03-14T22:00:00.000000,France,France,FR,13.76,29.37,96.51,33.33,opendata.reseaux-energies.fr,false,""
2024-03-14T23:00:00.000000,France,France,FR,13.45,29.09,96.59,33.34,opendata.reseaux-energies.fr,false,""
2024-03-15T00:00:00.000000,France,France,FR,13.55,29.29,96.58,32.77,opendata.reseaux-energies.fr,false,""
2024-03-15T01:00:00.000000,France,France,FR,13.46,29.2,96.59,32.79,opendata.reseaux-energies.fr,false,""
2024-03-15T02:00:00.000000,France,France,FR,13.29,29.13,96.62,32.83,opendata.reseaux-energies.fr,false,""
2024-03-15T03:00:00.000000,France,France,FR,14.02,30.17,96.45,32.32,opendata.reseaux-energies.fr,false,""
2024-03-15T04:00:00.000000,France,France,FR,14.01,30.02,96.46,31.86,opendata.reseaux-energies.fr,false,""
2024-03-15T05:00:00.000000,France,France,FR,13.74,29.48,96.52,32.54,opendata.reseaux-energies.fr,false,""
2024-03-15T06:00:00.000000,France,France,FR,13.18,28.64,96.66,33.48,opendata.reseaux-energies.fr,false,""
2024-03-15T07:00:00.000000,France,France,FR,13.19,28.96,96.66,35.68,opendata.reseaux-energies.fr,false,""
2024-03-15T08:00:00.000000,France,France,FR,12.45,28.74,96.84,37.9,opendata.reseaux-energies.fr,false,""
2024-03-15T09:00:00.000000,France,France,FR,12.14,29.08,96.92,39.7,opendata.reseaux-energies.fr,false,""
2024-03-15T10:00:00.000000,France,France,FR,11.76,29.23,97.03,41.97,opendata.reseaux-energies.fr,false,""
2024-03-15T11:00:00.000000,France,France,FR,11.8,29.7,97.01,43.22,opendata.reseaux-energies.fr,false,""
2024-03-15T12:00:00.000000,France,France,FR,11.85,29.87,97.0,43.44,opendata.reseaux-energies.fr,false,""
2024-03-15T13:00:00.000000,France,France,FR,11.55,29.44,97.05,43.63,opendata.reseaux-energies.fr,false,""
2024-03-15T14:00:00.000000,France,France,FR,11.77,29.48,96.99,42.37,opendata.reseaux-energies.fr,false,""
2024-03-15T15:00:00.000000,France,France,FR,12.52,30.01,96.81,39.94,opendata.reseaux-energies.fr,false,""
2024-03-15T16:00:00.000000,France,France,FR,13.2,30.06,96.65,37.59,opendata.reseaux-energies.fr,false,""
2024-03-15T17:00:00.000000,France,France,FR,13.14,29.0,96.66,36.01,opendata.reseaux-energies.fr,false,""
2024-03-15T18:00:00.000000,France,France,FR,14.65,30.52,96.22,35.6,opendata.reseaux-energies.fr,false,""
2024-03-15T19:00:00.000000,France,France,FR,13.99,29.68,96.41,35.51,opendata.reseaux-energies.fr,false,""
2024-03-15T20:00:00.000000,France,France,FR,12.55,27.79,96.8,34.97,opendata.reseaux-energies.fr,false,""
2024-03-15T21:00:00.000000,France,France,FR,12.28,27.41,96.88,34.15,opendata.reseaux-energies.fr,false,""
2024-03-15T22:00:00.000000,France,France,FR,12.28,27.45,96.88,33.51,opendata.reseaux-energies.fr,false,""
2024-03-15T23:00:00.000000,France,France,FR,12.94,27.62,96.74,31.32,opendata.reseaux-energies.fr,false,""
2024-03-16T00:00:00.000000,France,France,FR,15.53,30.17,96.19,29.62,opendata.reseaux-energies.fr,false,""
2024-03-16T01:00:00.000000,France,France,FR,17.37,32.58,95.8,29.85,opendata.reseaux-energies.fr,false,""
2024-03-16T02:00:00.000000,France,France,FR,18.48,34.06,95.54,29.32,opendata.reseaux-energies.fr,false,""
2024-03-16T03:00:00.000000,France,France,FR,18.44,33.89,95.55,27.79,opendata.reseaux-energies.fr,false,""
2024-03-16T04:00:00.000000,France,France,FR,18.37,33.7,95.57,26.23,opendata.reseaux-energies.fr,false,""
2024-03-16T05:00:00.000000,France,France,FR,18.0,33.13,95.64,25.51,opendata.reseaux-energies.fr,false,""
2024-03-16T06:00:00.000000,France,France,FR,17.79,32.97,95.67,25.56,opendata.reseaux-energies.fr,false,""
2024-03-16T07:00:00.000000,France,France,FR,16.66,32.13,95.93,27.13,opendata.reseaux-energies.fr,false,""
2024-03-16T08:00:00.000000,France,France,FR,15.59,31.66,96.19,29.86,opendata.reseaux-energies.fr,false,""
2024-03-16T09:00:00.000000,France,France,FR,15.02,31.63,96.33,31.61,opendata.reseaux-energies.fr,false,""
2024-03-16T10:00:00.000000,France,France,FR,14.72,31.71,96.4,32.64,opendata.reseaux-energies.fr,false,""
2024-03-16T11:00:00.000000,France,France,FR,14.85,32.23,96.36,33.19,opendata.reseaux-energies.fr,false,""
2024-03-16T12:00:00.000000,France,France,FR,14.88,32.45,96.34,33.39,opendata.reseaux-energies.fr,false,""
2024-03-16T13:00:00.000000,France,France,FR,15.39,33.18,96.23,33.54,opendata.reseaux-energies.fr,false,""
2024-03-16T14:00:00.000000,France,France,FR,16.1,33.79,96.05,32.34,opendata.reseaux-energies.fr,false,""
2024-03-16T15:00:00.000000,France,France,FR,16.48,33.44,95.95,29.62,opendata.reseaux-energies.fr,false,""
2024-03-16T16:00:00.000000,France,France,FR,18.29,34.53,95.49,25.74,opendata.reseaux-energies.fr,false,""
2024-03-16T17:00:00.000000,France,France,FR,19.95,35.75,95.06,23.9,opendata.reseaux-energies.fr,false,""
2024-03-16T18:00:00.000000,France,France,FR,20.14,35.63,95.02,23.82,opendata.reseaux-energies.fr,false,""
2024-03-16T19:00:00.000000,France,France,FR,18.24,33.2,95.42,23.34,opendata.reseaux-energies.fr,false,""
2024-03-16T20:00:00.000000,France,France,FR,17.75,32.55,95.57,23.32,opendata.reseaux-energies.fr,false,""
2024-03-16T21:00:00.000000,France,France,FR,19.47,34.8,95.17,24.12,opendata.reseaux-energies.fr,false,""
2024-03-16T22:00:00.000000,France,France,FR,19.91,35.4,95.09,24.82,opendata.reseaux-energies.fr,false,""
2024-03-16T23:00:00.000000,France,France,FR,18.81,35.62,95.34,26.56,opendata.reseaux-energies.fr,false,""
2024-03-17T00:00:00.000000,France,France,FR,16.99,33.39,95.87,26.17,opendata.reseaux-energies.fr,false,""
2024-03-17T01:00:00.000000,France,France,FR,17.31,33.85,95.8,25.77,opendata.reseaux-energies.fr,false,""
2024-03-17T02:00:00.000000,France,France,FR,17.47,34.12,95.75,25.09,opendata.reseaux-energies.fr,false,""
2024-03-17T03:00:00.000000,France,France,FR,17.45,34.12,95.75,24.15,opendata.reseaux-energies.fr,false,""
2024-03-17T04:00:00.000000,France,France,FR,17.03,33.5,95.84,23.99,opendata.reseaux-energies.fr,false,""
2024-03-17T05:00:00.000000,France,France,FR,17.14,33.62,95.82,24.41,opendata.reseaux-energies.fr,false,""
2024-03-17T06:00:00.000000,France,France,FR,17.47,34.07,95.75,24.95,opendata.reseaux-energies.fr,false,""
2024-03-17T07:00:00.000000,France,France,FR,16.38,33.16,96.01,26.49,opendata.reseaux-energies.fr,false,""
2024-03-17T08:00:00.000000,France,France,FR,14.93,32.14,96.34,29.06,opendata.reseaux-energies.fr,false,""
2024-03-17T09:00:00.000000,France,France,FR,14.45,32.32,96.44,31.28,opendata.reseaux-energies.fr,false,""
2024-03-17T10:00:00.000000,France,France,FR,14.18,32.44,96.5,32.67,opendata.reseaux-energies.fr,false,""
2024-03-17T11:00:00.000000,France,France,FR,13.87,32.36,96.58,34.45,opendata.reseaux-energies.fr,false,""
2024-03-17T12:00:00.000000,France,France,FR,13.72,32.18,96.62,34.67,opendata.reseaux-energies.fr,false,""
2024-03-17T13:00:00.000000,France,France,FR,14.02,32.48,96.55,33.9,opendata.reseaux-energies.fr,false,""
2024-03-17T14:00:00.000000,France,France,FR,14.4,32.47,96.45,31.61,opendata.reseaux-energies.fr,false,""
2024-03-17T15:00:00.000000,France,France,FR,15.34,33.12,96.2,29.01,opendata.reseaux-energies.fr,false,""
2024-03-17T16:00:00.000000,France,France,FR,16.52,33.81,95.93,25.7,opendata.reseaux-energies.fr,false,""
2024-03-17T17:00:00.000000,France,France,FR,17.82,34.69,95.62,24.4,opendata.reseaux-energies.fr,false,""
2024-03-17T18:00:00.000000,France,France,FR,24.1,42.26,94.52,25.51,opendata.reseaux-energies.fr,false,""
2024-03-17T19:00:00.000000,France,France,FR,22.78,40.58,94.99,25.33,opendata.reseaux-energies.fr,false,""
2024-03-17T20:00:00.000000,France,France,FR,15.33,30.99,96.27,25.24,opendata.reseaux-energies.fr,false,""
2024-03-17T21:00:00.000000,France,France,FR,14.79,30.27,96.26,25.19,opendata.reseaux-energies.fr,false,""
2024-03-17T22:00:00.000000,France,France,FR,16.04,31.84,96.0,24.92,opendata.reseaux-energies.fr,false,""
2024-03-17T23:00:00.000000,France,France,FR,17.26,33.45,95.75,24.0,opendata.reseaux-energies.fr,false,""
2024-03-18T00:00:00.000000,France,France,FR,18.18,34.7,95.58,23.2,opendata.reseaux-energies.fr,false,""
2024-03-18T01:00:00.000000,France,France,FR,18.33,34.89,95.56,23.38,opendata.reseaux-energies.fr,false,""
2024-03-18T02:00:00.000000,France,France,FR,17.69,34.05,95.7,22.68,opendata.reseaux-energies.fr,false,""
2024-03-18T03:00:00.000000,France,France,FR,17.24,33.56,95.76,22.56,opendata.reseaux-energies.fr,false,""
2024-03-18T04:00:00.000000,France,France,FR,19.07,35.87,95.3,23.12,opendata.reseaux-energies.fr,false,""
2024-03-18T05:00:00.000000,France,France,FR,20.18,37.17,94.96,24.16,opendata.reseaux-energies.fr,false,""
2024-03-18T06:00:00.000000,France,France,FR,17.64,33.88,95.46,25.53,opendata.reseaux-energies.fr,false,""
2024-03-18T07:00:00.000000,France,France,FR,18.39,35.21,95.23,26.84,opendata.reseaux-energies.fr,false,""
2024-03-18T08:00:00.000000,France,France,FR,20.19,38.04,94.87,28.88,opendata.reseaux-energies.fr,false,""
2024-03-18T09:00:00.000000,France,France,FR,18.51,36.63,95.34,31.01,opendata.reseaux-energies.fr,false,""
2024-03-18T10:00:00.000000,France,France,FR,16.22,34.41,95.94,32.94,opendata.reseaux-energies.fr,false,""
2024-03-18T11:00:00.000000,France,France,FR,15.84,34.31,96.06,34.35,opendata.reseaux-energies.fr,false,""
2024-03-18T12:00:00.000000,France,France,FR,13.59,31.74,96.64,34.77,opendata.reseaux-energies.fr,false,""
2024-03-18T13:00:00.000000,France,France,FR,13.47,31.82,96.66,34.34,opendata.reseaux-energies.fr,false,""
2024-03-18T14:00:00.000000,France,France,FR,14.34,32.83,96.44,33.64,opendata.reseaux-energies.fr,false,""
2024-03-18T15:00:00.000000,France,France,FR,15.23,33.58,96.18,31.26,opendata.reseaux-energies.fr,false,""
2024-03-18T16:00:00.000000,France,France,FR,17.7,35.82,95.51,27.96,opendata.reseaux-energies.fr,false,""
2024-03-18T17:00:00.000000,France,France,FR,21.51,39.53,94.42,25.22,opendata.reseaux-energies.fr,false,""
2024-03-18T18:00:00.000000,France,France,FR,25.57,44.23,93.57,25.13,opendata.reseaux-energies.fr,false,""
2024-03-18T19:00:00.000000,France,France,FR,32.05,52.61,92.38,24.7,opendata.reseaux-energies.fr,false,""
2024-03-18T20:00:00.000000,France,France,FR,28.78,48.43,92.78,24.15,opendata.reseaux-energies.fr,false,""
2024-03-18T21:00:00.000000,France,France,FR,22.04,39.77,94.2,24.54,opendata.reseaux-energies.fr,false,""
2024-03-18T22:00:00.000000,France,France,FR,23.21,41.32,93.89,24.41,opendata.reseaux-energies.fr,false,""
2024-03-18T23:00:00.000000,France,France,FR,21.82,39.73,94.31,24.2,opendata.reseaux-energies.fr,false,""
2024-03-19T00:00:00.000000,France,France,FR,15.07,30.89,96.21,22.56,opendata.reseaux-energies.fr,false,""
2024-03-19T01:00:00.000000,France,France,FR,15.64,31.57,96.09,22.63,opendata.reseaux-energies.fr,false,""
2024-03-19T02:00:00.000000,France,France,FR,15.58,31.54,96.1,22.56,opendata.reseaux-energies.fr,false,""
2024-03-19T03:00:00.000000,France,France,FR,14.61,30.28,96.32,21.88,opendata.reseaux-energies.fr,false,""
2024-03-19T04:00:00.000000,France,France,FR,14.67,30.31,96.31,21.76,opendata.reseaux-energies.fr,false,""
2024-03-19T05:00:00.000000,France,France,FR,15.75,31.63,96.01,23.36,opendata.reseaux-energies.fr,false,""
2024-03-19T06:00:00.000000,France,France,FR,18.88,35.66,95.12,25.31,opendata.reseaux-energies.fr,false,""
2024-03-19T07:00:00.000000,France,France,FR,19.96,37.58,94.91,28.17,opendata.reseaux-energies.fr,false,""
2024-03-19T08:00:00.000000,France,France,FR,20.09,38.85,94.93,31.16,opendata.reseaux-energies.fr,false,""
2024-03-19T09:00:00.000000,France,France,FR,18.89,38.36,95.22,32.95,opendata.reseaux-energies.fr,false,""
2024-03-19T10:00:00.000000,France,France,FR,15.25,34.5,96.2,35.29,opendata.reseaux-energies.fr,false,""
2024-03-19T11:00:00.000000,France,France,FR,13.28,32.46,96.76,37.32,opendata.reseaux-energies.fr,false,""
2024-03-19T12:00:00.000000,France,France,FR,13.09,32.31,96.78,37.28,opendata.reseaux-energies.fr,false,""
2024-03-19T13:00:00.000000,France,France,FR,13.29,32.56,96.75,36.24,opendata.reseaux-energies.fr,false,""
2024-03-19T14:00:00.000000,France,France,FR,13.52,32.57,96.69,34.95,opendata.reseaux-energies.fr,false,""
2024-03-19T15:00:00.000000,France,France,FR,15.43,34.38,96.23,32.94,opendata.reseaux-energies.fr,false,""
2024-03-19T16:00:00.000000,France,France,FR,18.85,37.73,95.35,29.88,opendata.reseaux-energies.fr,false,""
2024-03-19T17:00:00.000000,France,France,FR,25.56,45.0,93.55,26.28,opendata.reseaux-energies.fr,false,""
2024-03-19T18:00:00.000000,France,France,FR,35.96,57.67,91.07,24.84,opendata.reseaux-energies.fr,false,""
2024-03-19T19:00:00.000000,France,France,FR,35.47,57.13,91.36,23.91,opendata.reseaux-energies.fr,false,""
2024-03-19T20:00:00.000000,France,France,FR,31.83,52.53,92.22,24.4,opendata.reseaux-energies.fr,false,""
2024-03-19T21:00:00.000000,France,France,FR,26.47,45.67,93.01,25.26,opendata.reseaux-energies.fr,false,""
2024-03-19T22:00:00.000000,France,France,FR,31.24,51.77,91.83,25.46,opendata.reseaux-energies.fr,false,""
2024-03-19T23:00:00.000000,France,France,FR,28.63,48.43,92.57,25.36,opendata.reseaux-energies.fr,false,""
2024-03-20T00:00:00.000000,France,France,FR,16.87,33.2,95.83,25.55,opendata.reseaux-energies.fr,false,""
2024-03-20T01:00:00.000000,France,France,FR,16.46,32.81,95.95,26.25,opendata.reseaux-energies.fr,false,""
2024-03-20T02:00:00.000000,France,France,FR,16.22,32.55,95.99,25.64,opendata.reseaux-energies.fr,false,""
2024-03-20T03:00:00.000000,France,France,FR,16.08,32.36,96.01,25.18,opendata.reseaux-energies.fr,false,""
2024-03-20T04:00:00.000000,France,France,FR,16.26,32.4,95.98,24.79,opendata.reseaux-energies.fr,false,""
2024-03-20T05:00:00.000000,France,France,FR,16.37,32.34,95.97,25.51,opendata.reseaux-energies.fr,false,""
2024-03-20T06:00:00.000000,France,France,FR,15.94,31.75,96.06,27.17,opendata.reseaux-energies.fr,false,""
2024-03-20T07:00:00.000000,France,France,FR,16.58,33.04,95.96,29.86,opendata.reseaux-energies.fr,false,""
2024-03-20T08:00:00.000000,France,France,FR,15.88,33.1,96.14,31.62,opendata.reseaux-energies.fr,false,""
2024-03-20T09:00:00.000000,France,France,FR,14.84,32.82,96.4,33.23,opendata.reseaux-energies.fr,false,""
2024-03-20T10:00:00.000000,France,France,FR,13.63,31.99,96.67,34.69,opendata.reseaux-energies.fr,false,""
2024-03-20T11:00:00.000000,France,France,FR,13.01,31.52,96.82,35.7,opendata.reseaux-energies.fr,false,""
2024-03-20T12:00:00.000000,France,France,FR,13.0,31.6,96.82,36.29,opendata.reseaux-energies.fr,false,""
2024-03-20T13:00:00.000000,France,France,FR,13.68,32.44,96.66,35.49,opendata.reseaux-energies.fr,false,""
2024-03-20T14:00:00.000000,France,France,FR,13.98,32.57,96.58,33.77,opendata.reseaux-energies.fr,false,""
2024-03-20T15:00:00.000000,France,France,FR,14.77,32.97,96.4,31.53,opendata.reseaux-energies.fr,false,""
2024-03-20T16:00:00.000000,France,France,FR,16.33,34.06,96.02,29.12,opendata.reseaux-energies.fr,false,""
2024-03-20T17:00:00.000000,France,France,FR,17.94,35.11,95.6,26.38,opendata.reseaux-energies.fr,false,""
2024-03-20T18:00:00.000000,France,France,FR,26.79,45.75,93.96,26.71,opendata.reseaux-energies.fr,false,""
2024-03-20T19:00:00.000000,France,France,FR,28.53,48.02,93.81,26.34,opendata.reseaux-energies.fr,false,""
2024-03-20T20:00:00.000000,France,France,FR,22.43,40.32,94.8,25.83,opendata.reseaux-energies.fr,false,""
2024-03-20T21:00:00.000000,France,France,FR,14.39,29.94,96.38,26.57,opendata.reseaux-energies.fr,false,""
2024-03-20T22:00:00.000000,France,France,FR,16.09,32.07,96.05,27.14,opendata.reseaux-energies.fr,false,""
2024-03-20T23:00:00.000000,France,France,FR,16.0,31.99,96.11,26.87,opendata.reseaux-energies.fr,false,""
2024-03-21T00:00:00.000000,France,France,FR,16.16,32.43,96.09,26.08,opendata.reseaux-energies.fr,false,""
2024-03-21T01:00:00.000000,France,France,FR,15.96,32.28,96.13,26.11,opendata.reseaux-energies.fr,false,""
2024-03-21T02:00:00.000000,France,France,FR,16.02,32.4,96.11,25.52,opendata.reseaux-energies.fr,false,""
2024-03-21T03:00:00.000000,France,France,FR,16.21,32.61,96.08,25.26,opendata.reseaux-energies.fr,false,""
2024-03-21T04:00:00.000000,France,France,FR,15.84,31.99,96.15,24.66,opendata.reseaux-energies.fr,false,""
2024-03-21T05:00:00.000000,France,France,FR,16.14,32.16,96.08,24.86,opendata.reseaux-energies.fr,false,""
2024-03-21T06:00:00.000000,France,France,FR,15.56,31.23,96.2,27.06,opendata.reseaux-energies.fr,false,""
2024-03-21T07:00:00.000000,France,France,FR,15.35,31.5,96.23,29.09,opendata.reseaux-energies.fr,false,""
2024-03-21T08:00:00.000000,France,France,FR,14.71,31.63,96.38,30.43,opendata.reseaux-energies.fr,false,""
2024-03-21T09:00:00.000000,France,France,FR,14.23,32.05,96.53,32.53,opendata.reseaux-energies.fr,false,""
2024-03-21T10:00:00.000000,France,France,FR,13.26,31.74,96.79,34.83,opendata.reseaux-energies.fr,false,""
2024-03-21T11:00:00.000000,France,France,FR,13.01,31.95,96.88,36.58,opendata.reseaux-energies.fr,false,""
2024-03-21T12:00:00.000000,France,France,FR,12.63,31.56,96.95,36.81,opendata.reseaux-energies.fr,false,""
2024-03-21T13:00:00.000000,France,France,FR,12.95,31.89,96.88,36.67,opendata.reseaux-energies.fr,false,""
2024-03-21T14:00:00.000000,France,France,FR,13.36,31.96,96.79,34.9,opendata.reseaux-energies.fr,false,""
2024-03-21T15:00:00.000000,France,France,FR,14.05,32.17,96.6,32.07,opendata.reseaux-energies.fr,false,""
2024-03-21T16:00:00.000000,France,France,FR,15.25,32.71,96.29,28.23,opendata.reseaux-energies.fr,false,""
2024-03-21T17:00:00.000000,France,France,FR,16.65,33.32,95.92,25.61,opendata.reseaux-energies.fr,false,""
2024-03-21T18:00:00.000000,France,France,FR,21.67,39.08,95.24,26.94,opendata.reseaux-energies.fr,false,""
2024-03-21T19:00:00.000000,France,France,FR,29.54,49.18,94.16,26.35,opendata.reseaux-energies.fr,false,""
2024-03-21T20:00:00.000000,France,France,FR,22.41,40.24,95.18,26.71,opendata.reseaux-energies.fr,false,""
2024-03-21T21:00:00.000000,France,France,FR,15.36,31.21,96.2,26.01,opendata.reseaux-energies.fr,false,""
2024-03-21T22:00:00.000000,France,France,FR,15.51,31.39,96.17,25.91,opendata.reseaux-energies.fr,false,""
2024-03-21T23:00:00.000000,France,France,FR,15.7,31.7,96.16,25.56,opendata.reseaux-energies.fr,false,""
2024-03-22T00:00:00.000000,France,France,FR,15.49,31.57,96.21,24.13,opendata.reseaux-energies.fr,false,""
2024-03-22T01:00:00.000000,France,France,FR,15.6,31.75,96.19,24.2,opendata.reseaux-energies.fr,false,""
2024-03-22T02:00:00.000000,France,France,FR,16.17,32.62,96.06,23.88,opendata.reseaux-energies.fr,false,""
2024-03-22T03:00:00.000000,France,France,FR,16.32,32.85,96.03,23.92,opendata.reseaux-energies.fr,false,""
2024-03-22T04:00:00.000000,France,France,FR,16.55,33.11,95.97,23.99,opendata.reseaux-energies.fr,false,""
2024-03-22T05:00:00.000000,France,France,FR,15.43,31.51,96.2,23.84,opendata.reseaux-energies.fr,false,""
2024-03-22T06:00:00.000000,France,France,FR,14.59,30.28,96.41,26.26,opendata.reseaux-energies.fr,false,""
2024-03-22T07:00:00.000000,France,France,FR,17.78,34.99,95.8,29.51,opendata.reseaux-energies.fr,false,""
2024-03-22T08:00:00.000000,France,France,FR,17.57,35.71,96.03,31.69,opendata.reseaux-energies.fr,false,""
2024-03-22T09:00:00.000000,France,France,FR,12.23,29.97,96.97,34.32,opendata.reseaux-energies.fr,false,""
2024-03-22T10:00:00.000000,France,France,FR,11.34,29.55,97.18,36.66,opendata.reseaux-energies.fr,false,""
2024-03-22T11:00:00.000000,France,France,FR,10.99,29.44,97.26,38.18,opendata.reseaux-energies.fr,false,""
2024-03-22T12:00:00.000000,France,France,FR,10.93,29.53,97.26,38.62,opendata.reseaux-energies.fr,false,""
2024-03-22T13:00:00.000000,France,France,FR,11.13,29.69,97.21,37.71,opendata.reseaux-energies.fr,false,""
2024-03-22T14:00:00.000000,France,France,FR,11.94,30.42,97.08,37.52,opendata.reseaux-energies.fr,false,""
2024-03-22T15:00:00.000000,France,France,FR,13.02,31.25,96.84,36.45,opendata.reseaux-energies.fr,false,""
2024-03-22T16:00:00.000000,France,France,FR,14.05,31.54,96.57,33.7,opendata.reseaux-energies.fr,false,""
2024-03-22T17:00:00.000000,France,France,FR,15.56,32.15,96.21,30.07,opendata.reseaux-energies.fr,false,""
2024-03-22T18:00:00.000000,France,France,FR,15.85,31.81,96.14,30.25,opendata.reseaux-energies.fr,false,""
2024-03-22T19:00:00.000000,France,France,FR,13.54,28.85,96.64,31.7,opendata.reseaux-energies.fr,false,""
2024-03-22T20:00:00.000000,France,France,FR,12.57,27.72,96.86,31.47,opendata.reseaux-energies.fr,false,""
2024-03-22T21:00:00.000000,France,France,FR,14.12,29.79,96.53,31.38,opendata.reseaux-energies.fr,false,""
2024-03-22T22:00:00.000000,France,France,FR,14.57,30.4,96.44,31.74,opendata.reseaux-energies.fr,false,""
2024-03-22T23:00:00.000000,France,France,FR,14.59,30.65,96.44,32.13,opendata.reseaux-energies.fr,false,""
2024-03-23T00:00:00.000000,France,France,FR,15.32,31.97,96.28,34.24,opendata.reseaux-energies.fr,false,""
2024-03-23T01:00:00.000000,France,France,FR,15.62,32.47,96.22,34.63,opendata.reseaux-energies.fr,false,""
2024-03-23T02:00:00.000000,France,France,FR,16.78,34.54,95.94,37.67,opendata.reseaux-energies.fr,false,""
2024-03-23T03:00:00.000000,France,France,FR,17.43,35.79,95.78,40.05,opendata.reseaux-energies.fr,false,""
2024-03-23T04:00:00.000000,France,France,FR,17.45,35.91,95.77,40.58,opendata.reseaux-energies.fr,false,""
2024-03-23T05:00:00.000000,France,France,FR,17.15,35.43,95.84,41.23,opendata.reseaux-energies.fr,false,""
2024-03-23T06:00:00.000000,France,France,FR,16.36,34.43,96.02,41.05,opendata.reseaux-energies.fr,false,""
2024-03-23T07:00:00.000000,France,France,FR,15.22,33.47,96.28,42.84,opendata.reseaux-energies.fr,false,""
2024-03-23T08:00:00.000000,France,France,FR,13.81,32.64,96.61,46.18,opendata.reseaux-energies.fr,false,""
2024-03-23T09:00:00.000000,France,France,FR,13.08,32.78,96.79,50.89,opendata.reseaux-energies.fr,false,""
2024-03-23T10:00:00.000000,France,France,FR,15.06,35.89,96.37,50.51,opendata.reseaux-energies.fr,false,""
2024-03-23T11:00:00.000000,France,France,FR,16.98,38.87,95.97,50.15,opendata.reseaux-energies.fr,false,""
2024-03-23T12:00:00.000000,France,France,FR,16.24,38.02,96.08,50.14,opendata.reseaux-energies.fr,false,""
2024-03-23T13:00:00.000000,France,France,FR,16.15,37.87,96.08,49.76,opendata.reseaux-energies.fr,false,""
2024-03-23T14:00:00.000000,France,France,FR,15.85,37.06,96.13,48.62,opendata.reseaux-energies.fr,false,""
2024-03-23T15:00:00.000000,France,France,FR,13.95,33.75,96.58,50.77,opendata.reseaux-energies.fr,false,""
2024-03-23T16:00:00.000000,France,France,FR,14.12,32.86,96.58,48.96,opendata.reseaux-energies.fr,false,""
2024-03-23T17:00:00.000000,France,France,FR,14.68,31.95,96.44,41.69,opendata.reseaux-energies.fr,false,""
2024-03-23T18:00:00.000000,France,France,FR,14.16,30.34,96.56,37.78,opendata.reseaux-energies.fr,false,""
2024-03-23T19:00:00.000000,France,France,FR,21.58,39.67,95.52,35.92,opendata.reseaux-energies.fr,false,""
2024-03-23T20:00:00.000000,France,France,FR,22.06,40.34,95.5,34.78,opendata.reseaux-energies.fr,false,""
2024-03-23T21:00:00.000000,France,France,FR,22.69,41.2,95.38,33.8,opendata.reseaux-energies.fr,false,""
2024-03-23T22:00:00.000000,France,France,FR,18.73,36.11,95.89,34.4,opendata.reseaux-energies.fr,false,""
2024-03-23T23:00:00.000000,France,France,FR,15.04,31.62,96.35,35.1,opendata.reseaux-energies.fr,false,""
2024-03-24T00:00:00.000000,France,France,FR,16.68,34.28,95.98,37.41,opendata.reseaux-energies.fr,false,""
2024-03-24T01:00:00.000000,France,France,FR,17.73,35.97,95.73,39.41,opendata.reseaux-energies.fr,false,""
2024-03-24T02:00:00.000000,France,France,FR,18.77,37.56,95.47,40.86,opendata.reseaux-energies.fr,false,""
2024-03-24T03:00:00.000000,France,France,FR,18.94,38.03,95.41,41.79,opendata.reseaux-energies.fr,false,""
2024-03-24T04:00:00.000000,France,France,FR,18.7,37.76,95.46,42.03,opendata.reseaux-energies.fr,false,""
2024-03-24T05:00:00.000000,France,France,FR,19.17,38.33,95.34,42.14,opendata.reseaux-energies.fr,false,""
2024-03-24T06:00:00.000000,France,France,FR,19.96,39.48,95.17,42.88,opendata.reseaux-energies.fr,false,""
2024-03-24T07:00:00.000000,France,France,FR,18.21,37.87,95.62,44.35,opendata.reseaux-energies.fr,false,""
2024-03-24T08:00:00.000000,France,France,FR,17.02,37.4,95.88,47.67,opendata.reseaux-energies.fr,false,""
2024-03-24T09:00:00.000000,France,France,FR,15.24,35.88,96.26,50.44,opendata.reseaux-energies.fr,false,""
2024-03-24T10:00:00.000000,France,France,FR,14.68,35.56,96.4,52.44,opendata.reseaux-energies.fr,false,""
2024-03-24T11:00:00.000000,France,France,FR,15.68,37.07,96.24,53.36,opendata.reseaux-energies.fr,false,""
2024-03-24T12:00:00.000000,France,France,FR,15.04,36.46,96.35,53.77,opendata.reseaux-energies.fr,false,""
2024-03-24T13:00:00.000000,France,France,FR,14.03,35.15,96.5,53.1,opendata.reseaux-energies.fr,false,""
2024-03-24T14:00:00.000000,France,France,FR,13.81,34.51,96.56,50.56,opendata.reseaux-energies.fr,false,""
2024-03-24T15:00:00.000000,France,France,FR,15.35,35.72,96.26,47.49,opendata.reseaux-energies.fr,false,""
2024-03-24T16:00:00.000000,France,France,FR,15.68,34.72,96.2,41.2,opendata.reseaux-energies.fr,false,""
2024-03-24T17:00:00.000000,France,France,FR,15.2,32.15,96.3,32.9,opendata.reseaux-energies.fr,false,""
2024-03-24T18:00:00.000000,France,France,FR,14.92,30.77,96.34,30.52,opendata.reseaux-energies.fr,false,""
2024-03-24T19:00:00.000000,France,France,FR,14.91,30.5,96.34,29.72,opendata.reseaux-energies.fr,false,""
2024-03-24T20:00:00.000000,France,France,FR,15.02,30.57,96.31,28.36,opendata.reseaux-energies.fr,false,""
2024-03-24T21:00:00.000000,France,France,FR,15.31,30.95,96.24,27.2,opendata.reseaux-energies.fr,false,""
2024-03-24T22:00:00.000000,France,France,FR,15.46,31.13,96.21,26.85,opendata.reseaux-energies.fr,false,""
2024-03-24T23:00:00.000000,France,France,FR,15.94,31.77,96.11,25.32,opendata.reseaux-energies.fr,false,""
2024-03-25T00:00:00.000000,France,France,FR,16.16,32.08,96.07,23.45,opendata.reseaux-energies.fr,false,""
2024-03-25T01:00:00.000000,France,France,FR,16.47,32.44,96.01,22.9,opendata.reseaux-energies.fr,false,""
2024-03-25T02:00:00.000000,France,France,FR,16.75,32.82,95.94,21.93,opendata.reseaux-energies.fr,false,""
2024-03-25T03:00:00.000000,France,France,FR,16.69,32.83,95.95,21.82,opendata.reseaux-energies.fr,false,""
2024-03-25T04:00:00.000000,France,France,FR,16.17,32.1,96.08,23.31,opendata.reseaux-energies.fr,false,""
2024-03-25T05:00:00.000000,France,France,FR,15.8,31.53,96.14,25.7,opendata.reseaux-energies.fr,false,""
2024-03-25T06:00:00.000000,France,France,FR,15.37,31.09,96.25,28.73,opendata.reseaux-energies.fr,false,""
2024-03-25T07:00:00.000000,France,France,FR,14.5,30.75,96.44,31.7,opendata.reseaux-energies.fr,false,""
2024-03-25T08:00:00.000000,France,France,FR,14.35,31.25,96.48,32.97,opendata.reseaux-energies.fr,false,""
2024-03-25T09:00:00.000000,France,France,FR,13.47,30.84,96.69,35.28,opendata.reseaux-energies.fr,false,""
2024-03-25T10:00:00.000000,France,France,FR,13.05,30.81,96.82,37.33,opendata.reseaux-energies.fr,false,""
2024-03-25T11:00:00.000000,France,France,FR,12.76,30.64,96.9,37.67,opendata.reseaux-energies.fr,false,""
2024-03-25T12:00:00.000000,France,France,FR,12.91,30.88,96.86,37.49,opendata.reseaux-energies.fr,false,""
2024-03-25T13:00:00.000000,France,France,FR,13.02,30.77,96.8,36.69,opendata.reseaux-energies.fr,false,""
2024-03-25T14:00:00.000000,France,France,FR,13.64,31.11,96.65,36.01,opendata.reseaux-energies.fr,false,""
2024-03-25T15:00:00.000000,France,France,FR,14.11,31.18,96.52,34.66,opendata.reseaux-energies.fr,false,""
2024-03-25T16:00:00.000000,France,France,FR,14.37,30.87,96.43,32.95,opendata.reseaux-energies.fr,false,""
2024-03-25T17:00:00.000000,France,France,FR,15.11,31.08,96.25,31.13,opendata.reseaux-energies.fr,false,""
2024-03-25T18:00:00.000000,France,France,FR,16.97,33.07,95.96,32.18,opendata.reseaux-energies.fr,false,""
2024-03-25T19:00:00.000000,France,France,FR,18.34,34.87,95.76,32.62,opendata.reseaux-energies.fr,false,""
2024-03-25T20:00:00.000000,France,France,FR,14.59,30.16,96.38,31.4,opendata.reseaux-energies.fr,false,""
2024-03-25T21:00:00.000000,France,France,FR,14.59,30.21,96.39,30.77,opendata.reseaux-energies.fr,false,""
2024-03-25T22:00:00.000000,France,France,FR,14.81,30.42,96.37,31.27,opendata.reseaux-energies.fr,false,""
2024-03-25T23:00:00.000000,France,France,FR,14.58,30.2,96.44,30.72,opendata.reseaux-energies.fr,false,""
2024-03-26T00:00:00.000000,France,France,FR,14.83,30.61,96.38,30.09,opendata.reseaux-energies.fr,false,""
2024-03-26T01:00:00.000000,France,France,FR,14.81,30.58,96.38,28.85,opendata.reseaux-energies.fr,false,""
2024-03-26T02:00:00.000000,France,France,FR,14.89,30.67,96.36,27.68,opendata.reseaux-energies.fr,false,""
2024-03-26T03:00:00.000000,France,France,FR,15.16,31.05,96.3,26.63,opendata.reseaux-energies.fr,false,""
2024-03-26T04:00:00.000000,France,France,FR,15.33,31.08,96.26,26.21,opendata.reseaux-energies.fr,false,""
2024-03-26T05:00:00.000000,France,France,FR,15.16,30.7,96.28,26.8,opendata.reseaux-energies.fr,false,""
2024-03-26T06:00:00.000000,France,France,FR,15.34,30.81,96.27,28.35,opendata.reseaux-energies.fr,false,""
2024-03-26T07:00:00.000000,France,France,FR,26.16,44.7,94.86,28.77,opendata.reseaux-energies.fr,false,""
2024-03-26T08:00:00.000000,France,France,FR,29.69,49.61,94.51,28.93,opendata.reseaux-energies.fr,false,""
2024-03-26T09:00:00.000000,France,France,FR,29.62,49.72,94.72,29.22,opendata.reseaux-energies.fr,false,""
2024-03-26T10:00:00.000000,France,France,FR,31.22,51.87,94.57,29.62,opendata.reseaux-energies.fr,false,""
2024-03-26T11:00:00.000000,France,France,FR,31.43,52.56,94.57,31.47,opendata.reseaux-energies.fr,false,""
2024-03-26T12:00:00.000000,France,France,FR,25.94,45.8,95.17,31.31,opendata.reseaux-energies.fr,false,""
2024-03-26T13:00:00.000000,France,France,FR,28.69,49.31,94.79,31.14,opendata.reseaux-energies.fr,false,""
2024-03-26T14:00:00.000000,France,France,FR,30.13,50.96,94.44,30.87,opendata.reseaux-energies.fr,false,""
2024-03-26T15:00:00.000000,France,France,FR,31.31,52.25,94.09,30.09,opendata.reseaux-energies.fr,false,""
2024-03-26T16:00:00.000000,France,France,FR,31.53,52.37,93.26,29.18,opendata.reseaux-energies.fr,false,""
2024-03-26T17:00:00.000000,France,France,FR,35.15,56.82,92.37,29.71,opendata.reseaux-energies.fr,false,""
2024-03-26T18:00:00.000000,France,France,FR,29.6,49.59,93.15,31.39,opendata.reseaux-energies.fr,false,""
2024-03-26T19:00:00.000000,France,France,FR,27.52,46.84,93.54,32.91,opendata.reseaux-energies.fr,false,""
2024-03-26T20:00:00.000000,France,France,FR,17.42,33.75,95.62,32.86,opendata.reseaux-energies.fr,false,""
2024-03-26T21:00:00.000000,France,France,FR,16.2,32.14,95.95,31.55,opendata.reseaux-energies.fr,false,""
2024-03-26T22:00:00.000000,France,France,FR,14.45,29.88,96.43,32.34,opendata.reseaux-energies.fr,false,""
2024-03-26T23:00:00.000000,France,France,FR,14.18,29.57,96.5,31.47,opendata.reseaux-energies.fr,false,""
2024-03-27T00:00:00.000000,France,France,FR,14.44,29.95,96.45,29.89,opendata.reseaux-energies.fr,false,""
2024-03-27T01:00:00.000000,France,France,FR,14.51,29.99,96.44,28.74,opendata.reseaux-energies.fr,false,""
2024-03-27T02:00:00.000000,France,France,FR,14.55,30.09,96.43,28.45,opendata.reseaux-energies.fr,false,""
2024-03-27T03:00:00.000000,France,France,FR,14.27,29.7,96.5,28.55,opendata.reseaux-energies.fr,false,""
2024-03-27T04:00:00.000000,France,France,FR,14.32,29.74,96.49,29.37,opendata.reseaux-energies.fr,false,""
2024-03-27T05:00:00.000000,France,France,FR,19.98,36.92,95.69,29.38,opendata.reseaux-energies.fr,false,""
2024-03-27T06:00:00.000000,France,France,FR,28.41,47.67,94.59,30.5,opendata.reseaux-energies.fr,false,""
2024-03-27T07:00:00.000000,France,France,FR,27.65,47.13,94.72,32.43,opendata.reseaux-energies.fr,false,""
2024-03-27T08:00:00.000000,France,France,FR,27.21,47.26,94.81,34.34,opendata.reseaux-energies.fr,false,""
2024-03-27T09:00:00.000000,France,France,FR,27.05,47.67,94.81,35.97,opendata.reseaux-energies.fr,false,""
2024-03-27T10:00:00.000000,France,France,FR,18.59,37.28,95.91,38.52,opendata.reseaux-energies.fr,false,""
2024-03-27T11:00:00.000000,France,France,FR,13.51,31.04,96.67,40.61,opendata.reseaux-energies.fr,false,""
2024-03-27T12:00:00.000000,France,France,FR,13.23,30.88,96.74,41.66,opendata.reseaux-energies.fr,false,""
2024-03-27T13:00:00.000000,France,France,FR,13.35,31.06,96.69,41.31,opendata.reseaux-energies.fr,false,""
2024-03-27T14:00:00.000000,France,France,FR,13.59,31.38,96.59,41.1,opendata.reseaux-energies.fr,false,""
2024-03-27T15:00:00.000000,France,France,FR,13.86,31.36,96.53,39.64,opendata.reseaux-energies.fr,false,""
2024-03-27T16:00:00.000000,France,France,FR,13.29,29.9,96.7,37.29,opendata.reseaux-energies.fr,false,""
2024-03-27T17:00:00.000000,France,France,FR,13.01,28.66,96.76,35.84,opendata.reseaux-energies.fr,false,""
2024-03-27T18:00:00.000000,France,France,FR,12.58,27.56,96.86,36.26,opendata.reseaux-energies.fr,false,""
2024-03-27T19:00:00.000000,France,France,FR,12.47,27.49,96.89,37.32,opendata.reseaux-energies.fr,false,""
2024-03-27T20:00:00.000000,France,France,FR,12.11,27.15,96.98,37.3,opendata.reseaux-energies.fr,false,""
2024-03-27T21:00:00.000000,France,France,FR,12.46,27.71,96.91,37.6,opendata.reseaux-energies.fr,false,""
2024-03-27T22:00:00.000000,France,France,FR,12.51,27.7,96.91,36.75,opendata.reseaux-energies.fr,false,""
2024-03-27T23:00:00.000000,France,France,FR,12.69,27.96,96.87,37.18,opendata.reseaux-energies.fr,false,""
2024-03-28T00:00:00.000000,France,France,FR,13.09,28.61,96.79,37.76,opendata.reseaux-energies.fr,false,""
2024-03-28T01:00:00.000000,France,France,FR,13.05,28.6,96.8,37.91,opendata.reseaux-energies.fr,false,""
2024-03-28T02:00:00.000000,France,France,FR,13.29,29.13,96.75,39.52,opendata.reseaux-energies.fr,false,""
2024-03-28T03:00:00.000000,France,France,FR,13.5,29.53,96.69,39.56,opendata.reseaux-energies.fr,false,""
2024-03-28T04:00:00.000000,France,France,FR,13.34,29.21,96.73,38.84,opendata.reseaux-energies.fr,false,""
2024-03-28T05:00:00.000000,France,France,FR,13.19,28.73,96.76,38.36,opendata.reseaux-energies.fr,false,""
2024-03-28T06:00:00.000000,France,France,FR,13.59,29.31,96.63,39.44,opendata.reseaux-energies.fr,false,""
2024-03-28T07:00:00.000000,France,France,FR,12.91,28.86,96.78,41.07,opendata.reseaux-energies.fr,false,""
2024-03-28T08:00:00.000000,France,France,FR,12.43,29.11,96.9,43.6,opendata.reseaux-energies.fr,false,""
2024-03-28T09:00:00.000000,France,France,FR,12.47,30.03,96.9,47.39,opendata.reseaux-energies.fr,false,""
2024-03-28T10:00:00.000000,France,France,FR,12.92,31.3,96.82,50.46,opendata.reseaux-energies.fr,false,""
2024-03-28T11:00:00.000000,France,France,FR,13.3,32.42,96.75,53.16,opendata.reseaux-energies.fr,false,""
2024-03-28T12:00:00.000000,France,France,FR,12.95,32.35,96.8,54.36,opendata.reseaux-energies.fr,false,""
2024-03-28T13:00:00.000000,France,France,FR,12.72,32.26,96.84,54.97,opendata.reseaux-energies.fr,false,""
2024-03-28T14:00:00.000000,France,France,FR,12.14,31.12,97.03,54.06,opendata.reseaux-energies.fr,false,""
2024-03-28T15:00:00.000000,France,France,FR,12.56,30.93,96.92,51.85,opendata.reseaux-energies.fr,false,""
2024-03-28T16:00:00.000000,France,France,FR,12.69,29.91,96.88,47.03,opendata.reseaux-energies.fr,false,""
2024-03-28T17:00:00.000000,France,France,FR,12.96,29.08,96.8,42.23,opendata.reseaux-energies.fr,false,""
2024-03-28T18:00:00.000000,France,France,FR,12.3,27.51,96.96,40.29,opendata.reseaux-energies.fr,false,""
2024-03-28T19:00:00.000000,France,France,FR,11.9,26.91,97.05,39.8,opendata.reseaux-energies.fr,false,""
2024-03-28T20:00:00.000000,France,France,FR,12.11,27.23,97.01,38.63,opendata.reseaux-energies.fr,false,""
2024-03-28T21:00:00.000000,France,France,FR,12.27,27.53,96.97,38.31,opendata.reseaux-energies.fr,false,""
2024-03-28T22:00:00.000000,France,France,FR,12.38,27.63,96.95,37.51,opendata.reseaux-energies.fr,false,""
2024-03-28T23:00:00.000000,France,France,FR,13.41,29.11,96.72,36.44,opendata.reseaux-energies.fr,false,""
2024-03-29T00:00:00.000000,France,France,FR,14.48,30.54,96.47,35.1,opendata.reseaux-energies.fr,false,""
2024-03-29T01:00:00.000000,France,France,FR,14.74,30.82,96.4,33.85,opendata.reseaux-energies.fr,false,""
2024-03-29T02:00:00.000000,France,France,FR,14.9,31.12,96.36,33.96,opendata.reseaux-energies.fr,false,""
2024-03-29T03:00:00.000000,France,France,FR,15.31,31.72,96.26,34.2,opendata.reseaux-energies.fr,false,""
2024-03-29T04:00:00.000000,France,France,FR,15.22,31.46,96.29,33.84,opendata.reseaux-energies.fr,false,""
2024-03-29T05:00:00.000000,France,France,FR,14.64,30.59,96.43,33.9,opendata.reseaux-energies.fr,false,""
2024-03-29T06:00:00.000000,France,France,FR,14.2,30.0,96.54,34.28,opendata.reseaux-energies.fr,false,""
2024-03-29T07:00:00.000000,France,France,FR,13.64,29.49,96.66,34.97,opendata.reseaux-energies.fr,false,""
2024-03-29T08:00:00.000000,France,France,FR,13.71,30.2,96.64,35.96,opendata.reseaux-energies.fr,false,""
2024-03-29T09:00:00.000000,France,France,FR,13.54,30.68,96.68,38.63,opendata.reseaux-energies.fr,false,""
2024-03-29T10:00:00.000000,France,France,FR,14.11,31.86,96.64,41.12,opendata.reseaux-energies.fr,false,""
2024-03-29T11:00:00.000000,France,France,FR,13.95,31.85,96.66,41.7,opendata.reseaux-energies.fr,false,""
2024-03-29T12:00:00.000000,France,France,FR,13.47,31.34,96.71,41.37,opendata.reseaux-energies.fr,false,""
2024-03-29T13:00:00.000000,France,France,FR,13.95,32.0,96.59,40.69,opendata.reseaux-energies.fr,false,""
2024-03-29T14:00:00.000000,France,France,FR,14.09,31.95,96.56,39.72,opendata.reseaux-energies.fr,false,""
2024-03-29T15:00:00.000000,France,France,FR,14.1,31.37,96.57,37.36,opendata.reseaux-energies.fr,false,""
2024-03-29T16:00:00.000000,France,France,FR,14.02,30.44,96.58,33.48,opendata.reseaux-energies.fr,false,""
2024-03-29T17:00:00.000000,France,France,FR,14.34,30.28,96.49,31.68,opendata.reseaux-energies.fr,false,""
2024-03-29T18:00:00.000000,France,France,FR,14.78,30.53,96.36,31.73,opendata.reseaux-energies.fr,false,""
2024-03-29T19:00:00.000000,France,France,FR,14.52,30.07,96.41,31.61,opendata.reseaux-energies.fr,false,""
2024-03-29T20:00:00.000000,France,France,FR,14.29,29.75,96.48,31.25,opendata.reseaux-energies.fr,false,""
2024-03-29T21:00:00.000000,France,France,FR,14.73,30.37,96.38,30.21,opendata.reseaux-energies.fr,false,""
2024-03-29T22:00:00.000000,France,France,FR,14.66,30.27,96.42,30.37,opendata.reseaux-energies.fr,false,""
2024-03-29T23:00:00.000000,France,France,FR,15.07,31.04,96.32,30.37,opendata.reseaux-energies.fr,false,""
2024-03-30T00:00:00.000000,France,France,FR,15.28,31.43,96.28,30.32,opendata.reseaux-energies.fr,false,""
2024-03-30T01:00:00.000000,France,France,FR,15.79,32.15,96.17,29.94,opendata.reseaux-energies.fr,false,""
2024-03-30T02:00:00.000000,France,France,FR,16.03,32.55,96.11,29.11,opendata.reseaux-energies.fr,false,""
2024-03-30T03:00:00.000000,France,France,FR,16.31,32.98,96.04,28.25,opendata.reseaux-energies.fr,false,""
2024-03-30T04:00:00.000000,France,France,FR,16.32,33.01,96.04,27.86,opendata.reseaux-energies.fr,false,""
2024-03-30T05:00:00.000000,France,France,FR,16.15,32.75,96.07,28.13,opendata.reseaux-energies.fr,false,""
2024-03-30T06:00:00.000000,France,France,FR,15.86,32.34,96.14,28.86,opendata.reseaux-energies.fr,false,""
2024-03-30T07:00:00.000000,France,France,FR,15.33,32.16,96.26,30.52,opendata.reseaux-energies.fr,false,""
2024-03-30T08:00:00.000000,France,France,FR,14.38,31.64,96.48,32.27,opendata.reseaux-energies.fr,false,""
2024-03-30T09:00:00.000000,France,France,FR,13.85,31.59,96.6,33.94,opendata.reseaux-energies.fr,false,""
2024-03-30T10:00:00.000000,France,France,FR,13.14,31.31,96.78,36.38,opendata.reseaux-energies.fr,false,""
2024-03-30T11:00:00.000000,France,France,FR,13.3,31.95,96.77,37.45,opendata.reseaux-energies.fr,false,""
2024-03-30T12:00:00.000000,France,France,FR,12.93,31.54,96.84,37.08,opendata.reseaux-energies.fr,false,""
2024-03-30T13:00:00.000000,France,France,FR,13.15,31.87,96.77,36.79,opendata.reseaux-energies.fr,false,""
2024-03-30T14:00:00.000000,France,France,FR,12.93,31.26,96.81,36.06,opendata.reseaux-energies.fr,false,""
2024-03-30T15:00:00.000000,France,France,FR,13.27,31.25,96.73,35.66,opendata.reseaux-energies.fr,false,""
2024-03-30T16:00:00.000000,France,France,FR,13.78,31.18,96.6,33.81,opendata.reseaux-energies.fr,false,""
2024-03-30T17:00:00.000000,France,France,FR,14.57,31.27,96.4,32.43,opendata.reseaux-energies.fr,false,""
2024-03-30T18:00:00.000000,France,France,FR,21.79,39.97,95.17,31.78,opendata.reseaux-energies.fr,false,""
2024-03-30T19:00:00.000000,France,France,FR,21.95,40.1,95.17,32.66,opendata.reseaux-energies.fr,false,""
2024-03-30T20:00:00.000000,France,France,FR,16.69,33.39,95.93,33.63,opendata.reseaux-energies.fr,false,""
2024-03-30T21:00:00.000000,France,France,FR,14.47,30.59,96.42,34.2,opendata.reseaux-energies.fr,false,""
2024-03-30T22:00:00.000000,France,France,FR,14.26,30.24,96.47,34.43,opendata.reseaux-energies.fr,false,""
2024-03-30T23:00:00.000000,France,France,FR,15.13,30.71,96.32,33.99,opendata.reseaux-energies.fr,false,""
2024-03-31T00:00:00.000000,France,France,FR,16.02,31.55,96.12,33.23,Electricity Maps Estimation,true,ESTIMATED_TIME_SLICER_AVERAGE
2024-03-31T01:00:00.000000,France,France,FR,16.7,32.28,95.97,32.96,Electricity Maps Estimation; opendata.reseaux-energies.fr,false,""
2024-03-31T02:00:00.000000,France,France,FR,17.53,33.23,95.77,31.6,opendata.reseaux-energies.fr,false,""
2024-03-31T03:00:00.000000,France,France,FR,17.81,33.52,95.7,30.83,opendata.reseaux-energies.fr,false,""
2024-03-31T04:00:00.000000,France,France,FR,17.87,33.57,95.68,29.88,opendata.reseaux-energies.fr,false,""
2024-03-31T05:00:00.000000,France,France,FR,17.69,33.41,95.72,30.0,opendata.reseaux-energies.fr,false,""
2024-03-31T06:00:00.000000,France,France,FR,17.32,33.14,95.81,30.91,opendata.reseaux-energies.fr,false,""
2024-03-31T07:00:00.000000,France,France,FR,16.98,33.36,95.92,33.08,opendata.reseaux-energies.fr,false,""
2024-03-31T08:00:00.000000,France,France,FR,16.59,33.66,96.01,35.32,opendata.reseaux-energies.fr,false,""
2024-03-31T09:00:00.000000,France,France,FR,15.91,33.37,96.16,37.0,opendata.reseaux-energies.fr,false,""
2024-03-31T10:00:00.000000,France,France,FR,16.48,34.66,96.01,40.23,opendata.reseaux-energies.fr,false,""
2024-03-31T11:00:00.000000,France,France,FR,17.51,36.76,95.77,44.86,opendata.reseaux-energies.fr,false,""
2024-03-31T12:00:00.000000,France,France,FR,17.45,36.76,95.74,46.4,opendata.reseaux-energies.fr,false,""
2024-03-31T13:00:00.000000,France,France,FR,17.38,36.34,95.78,45.01,opendata.reseaux-energies.fr,false,""
2024-03-31T14:00:00.000000,France,France,FR,16.79,34.83,95.94,41.35,opendata.reseaux-energies.fr,false,""
2024-03-31T15:00:00.000000,France,France,FR,15.97,32.79,96.12,36.43,opendata.reseaux-energies.fr,false,""
2024-03-31T16:00:00.000000,France,France,FR,15.67,31.51,96.2,31.89,opendata.reseaux-energies.fr,false,""
2024-03-31T17:00:00.000000,France,France,FR,15.58,30.67,96.21,29.28,opendata.reseaux-energies.fr,false,""
2024-03-31T18:00:00.000000,France,France,FR,15.45,30.08,96.24,28.9,opendata.reseaux-energies.fr,false,""
2024-03-31T19:00:00.000000,France,France,FR,15.7,30.26,96.18,27.58,opendata.reseaux-energies.fr,false,""
2024-03-31T20:00:00.000000,France,France,FR,15.66,30.3,96.19,27.95,opendata.reseaux-energies.fr,false,""
2024-03-31T21:00:00.000000,France,France,FR,13.9,27.97,96.68,28.45,opendata.reseaux-energies.fr,false,""
2024-03-31T22:00:00.000000,France,France,FR,13.42,28.91,96.73,30.18,opendata.reseaux-energies.fr,false,""
2024-03-31T23:00:00.000000,France,France,FR,13.65,29.41,96.69,28.7,opendata.reseaux-energies.fr,false,""
2024-04-01T00:00:00.000000,France,France,FR,11.68,26.83,97.25,28.64,opendata.reseaux-energies.fr,false,""
2024-04-01T01:00:00.000000,France,France,FR,10.09,24.77,97.71,28.8,opendata.reseaux-energies.fr,false,""
2024-04-01T02:00:00.000000,France,France,FR,10.29,25.19,97.67,28.98,opendata.reseaux-energies.fr,false,""
2024-04-01T03:00:00.000000,France,France,FR,10.36,25.31,97.64,29.01,opendata.reseaux-energies.fr,false,""
2024-04-01T04:00:00.000000,France,France,FR,9.39,23.99,97.87,29.59,opendata.reseaux-energies.fr,false,""
2024-04-01T05:00:00.000000,France,France,FR,8.51,22.66,98.08,29.68,opendata.reseaux-energies.fr,false,""
2024-04-01T06:00:00.000000,France,France,FR,8.21,22.29,98.18,30.01,opendata.reseaux-energies.fr,false,""
2024-04-01T07:00:00.000000,France,France,FR,7.24,21.75,98.43,32.63,opendata.reseaux-energies.fr,false,""
2024-04-01T08:00:00.000000,France,France,FR,6.61,21.99,98.59,36.01,opendata.reseaux-energies.fr,false,""
2024-04-01T09:00:00.000000,France,France,FR,6.26,22.57,98.67,40.78,opendata.reseaux-energies.fr,false,""
2024-04-01T10:00:00.000000,France,France,FR,6.09,22.9,98.72,44.4,opendata.reseaux-energies.fr,false,""
2024-04-01T11:00:00.000000,France,France,FR,6.67,24.2,98.58,48.05,opendata.reseaux-energies.fr,false,""
2024-04-01T12:00:00.000000,France,France,FR,6.57,23.78,98.6,45.67,opendata.reseaux-energies.fr,false,""
2024-04-01T13:00:00.000000,France,France,FR,6.81,23.74,98.53,41.3,opendata.reseaux-energies.fr,false,""
2024-04-01T14:00:00.000000,France,France,FR,6.78,23.52,98.52,39.82,opendata.reseaux-energies.fr,false,""
2024-04-01T15:00:00.000000,France,France,FR,6.32,22.52,98.61,41.1,opendata.reseaux-energies.fr,false,""
2024-04-01T16:00:00.000000,France,France,FR,6.2,21.47,98.63,39.86,opendata.reseaux-energies.fr,false,""
2024-04-01T17:00:00.000000,France,France,FR,6.82,20.94,98.46,34.42,opendata.reseaux-energies.fr,false,""
2024-04-01T18:00:00.000000,France,France,FR,20.75,38.05,96.41,33.43,opendata.reseaux-energies.fr,false,""
2024-04-01T19:00:00.000000,France,France,FR,21.18,38.5,96.36,32.86,opendata.reseaux-energies.fr,false,""
2024-04-01T20:00:00.000000,France,France,FR,13.35,28.59,97.26,34.17,opendata.reseaux-energies.fr,false,""
2024-04-01T21:00:00.000000,France,France,FR,8.99,23.13,97.88,35.31,opendata.reseaux-energies.fr,false,""
2024-04-01T22:00:00.000000,France,France,FR,7.56,21.44,98.29,36.08,opendata.reseaux-energies.fr,false,""
2024-04-01T23:00:00.000000,France,France,FR,7.18,21.25,98.41,37.48,opendata.reseaux-energies.fr,false,""
2024-04-02T00:00:00.000000,France,France,FR,7.46,21.81,98.34,38.35,opendata.reseaux-energies.fr,false,""
2024-04-02T01:00:00.000000,France,France,FR,6.62,20.88,98.54,39.06,opendata.reseaux-energies.fr,false,""
2024-04-02T02:00:00.000000,France,France,FR,6.95,21.32,98.47,40.12,opendata.reseaux-energies.fr,false,""
2024-04-02T03:00:00.000000,France,France,FR,7.29,21.6,98.41,39.81,opendata.reseaux-energies.fr,false,""
2024-04-02T04:00:00.000000,France,France,FR,6.76,20.34,98.51,37.1,opendata.reseaux-energies.fr,false,""
2024-04-02T05:00:00.000000,France,France,FR,6.06,19.03,98.65,36.29,opendata.reseaux-energies.fr,false,""
2024-04-02T06:00:00.000000,France,France,FR,6.13,19.19,98.65,37.31,opendata.reseaux-energies.fr,false,""
2024-04-02T07:00:00.000000,France,France,FR,5.82,19.67,98.72,38.81,opendata.reseaux-energies.fr,false,""
2024-04-02T08:00:00.000000,France,France,FR,5.18,20.04,98.88,42.56,opendata.reseaux-energies.fr,false,""
2024-04-02T09:00:00.000000,France,France,FR,4.7,20.27,98.98,45.26,opendata.reseaux-energies.fr,false,""
2024-04-02T10:00:00.000000,France,France,FR,5.02,21.36,98.91,48.37,opendata.reseaux-energies.fr,false,""
2024-04-02T11:00:00.000000,France,France,FR,4.24,20.64,99.03,48.96,opendata.reseaux-energies.fr,false,""
2024-04-02T12:00:00.000000,France,France,FR,4.25,20.68,99.0,48.6,opendata.reseaux-energies.fr,false,""
2024-04-02T13:00:00.000000,France,France,FR,5.2,21.72,98.75,47.29,opendata.reseaux-energies.fr,false,""
2024-04-02T14:00:00.000000,France,France,FR,6.26,22.57,98.45,44.96,opendata.reseaux-energies.fr,false,""
2024-04-02T15:00:00.000000,France,France,FR,7.31,23.12,98.29,42.19,opendata.reseaux-energies.fr,false,""
2024-04-02T16:00:00.000000,France,France,FR,6.82,21.48,98.45,39.25,opendata.reseaux-energies.fr,false,""
2024-04-02T17:00:00.000000,France,France,FR,6.04,19.24,98.67,34.41,opendata.reseaux-energies.fr,false,""
2024-04-02T18:00:00.000000,France,France,FR,6.94,19.99,98.48,33.88,opendata.reseaux-energies.fr,false,""
2024-04-02T19:00:00.000000,France,France,FR,6.79,19.84,98.48,33.07,opendata.reseaux-energies.fr,false,""
2024-04-02T20:00:00.000000,France,France,FR,8.74,22.52,97.92,32.41,opendata.reseaux-energies.fr,false,""
2024-04-02T21:00:00.000000,France,France,FR,6.06,19.07,98.65,33.72,opendata.reseaux-energies.fr,false,""
2024-04-02T22:00:00.000000,France,France,FR,5.99,19.13,98.68,33.95,opendata.reseaux-energies.fr,false,""
2024-04-02T23:00:00.000000,France,France,FR,6.4,19.98,98.6,33.91,opendata.reseaux-energies.fr,false,""
2024-04-03T00:00:00.000000,France,France,FR,6.25,19.86,98.65,34.03,opendata.reseaux-energies.fr,false,""
2024-04-03T01:00:00.000000,France,France,FR,6.29,19.94,98.64,33.76,opendata.reseaux-energies.fr,false,""
2024-04-03T02:00:00.000000,France,France,FR,6.73,20.61,98.55,34.32,opendata.reseaux-energies.fr,false,""
2024-04-03T03:00:00.000000,France,France,FR,6.83,20.65,98.53,34.59,opendata.reseaux-energies.fr,false,""
2024-04-03T04:00:00.000000,France,France,FR,6.95,20.58,98.49,34.09,opendata.reseaux-energies.fr,false,""
2024-04-03T05:00:00.000000,France,France,FR,6.37,19.55,98.6,34.16,opendata.reseaux-energies.fr,false,""
2024-04-03T06:00:00.000000,France,France,FR,6.65,19.92,98.54,35.76,opendata.reseaux-energies.fr,false,""
2024-04-03T07:00:00.000000,France,France,FR,6.61,20.3,98.56,37.1,opendata.reseaux-energies.fr,false,""
2024-04-03T08:00:00.000000,France,France,FR,5.75,20.03,98.75,38.9,opendata.reseaux-energies.fr,false,""
2024-04-03T09:00:00.000000,France,France,FR,5.4,20.3,98.86,41.44,opendata.reseaux-energies.fr,false,""
2024-04-03T10:00:00.000000,France,France,FR,5.04,20.36,98.93,42.88,opendata.reseaux-energies.fr,false,""
2024-04-03T11:00:00.000000,France,France,FR,4.89,20.59,98.97,44.74,opendata.reseaux-energies.fr,false,""
2024-04-03T12:00:00.000000,France,France,FR,5.08,21.26,98.93,46.95,opendata.reseaux-energies.fr,false,""
2024-04-03T13:00:00.000000,France,France,FR,4.84,20.95,98.96,46.87,opendata.reseaux-energies.fr,false,""
2024-04-03T14:00:00.000000,France,France,FR,4.61,20.66,98.98,47.61,opendata.reseaux-energies.fr,false,""
2024-04-03T15:00:00.000000,France,France,FR,5.05,20.9,98.9,46.83,opendata.reseaux-energies.fr,false,""
2024-04-03T16:00:00.000000,France,France,FR,5.87,21.22,98.73,44.73,opendata.reseaux-energies.fr,false,""
2024-04-03T17:00:00.000000,France,France,FR,7.05,21.44,98.44,39.47,opendata.reseaux-energies.fr,false,""
2024-04-03T18:00:00.000000,France,France,FR,5.42,18.47,98.76,34.41,opendata.reseaux-energies.fr,false,""
2024-04-03T19:00:00.000000,France,France,FR,4.65,17.24,98.93,32.31,opendata.reseaux-energies.fr,false,""
2024-04-03T20:00:00.000000,France,France,FR,4.78,17.48,98.89,31.72,opendata.reseaux-energies.fr,false,""
2024-04-03T21:00:00.000000,France,France,FR,6.36,19.62,98.56,33.67,opendata.reseaux-energies.fr,false,""
2024-04-03T22:00:00.000000,France,France,FR,5.38,18.57,98.77,34.97,opendata.reseaux-energies.fr,false,""
2024-04-03T23:00:00.000000,France,France,FR,4.46,17.7,98.98,35.74,opendata.reseaux-energies.fr,false,""
2024-04-04T00:00:00.000000,France,France,FR,5.93,19.7,98.7,38.25,opendata.reseaux-energies.fr,false,""
2024-04-04T01:00:00.000000,France,France,FR,7.17,21.47,98.43,40.4,opendata.reseaux-energies.fr,false,""
2024-04-04T02:00:00.000000,France,France,FR,7.07,21.45,98.46,40.23,opendata.reseaux-energies.fr,false,""
2024-04-04T03:00:00.000000,France,France,FR,7.57,22.12,98.34,40.72,opendata.reseaux-energies.fr,false,""
2024-04-04T04:00:00.000000,France,France,FR,5.74,19.5,98.72,39.84,opendata.reseaux-energies.fr,false,""
2024-04-04T05:00:00.000000,France,France,FR,4.64,17.65,98.94,38.25,opendata.reseaux-energies.fr,false,""
2024-04-04T06:00:00.000000,France,France,FR,4.48,17.44,98.97,38.31,opendata.reseaux-energies.fr,false,""
2024-04-04T07:00:00.000000,France,France,FR,5.35,19.27,98.82,40.27,opendata.reseaux-energies.fr,false,""
2024-04-04T08:00:00.000000,France,France,FR,5.79,20.78,98.77,43.09,opendata.reseaux-energies.fr,false,""
2024-04-04T09:00:00.000000,France,France,FR,5.29,21.07,98.88,46.75,opendata.reseaux-energies.fr,false,""
2024-04-04T10:00:00.000000,France,France,FR,5.16,21.55,98.86,48.91,opendata.reseaux-energies.fr,false,""
2024-04-04T11:00:00.000000,France,France,FR,4.87,21.69,98.86,50.38,opendata.reseaux-energies.fr,false,""
2024-04-04T12:00:00.000000,France,France,FR,4.72,21.87,98.88,51.41,opendata.reseaux-energies.fr,false,""
2024-04-04T13:00:00.000000,France,France,FR,5.46,22.66,98.75,51.3,opendata.reseaux-energies.fr,false,""
2024-04-04T14:00:00.000000,France,France,FR,7.74,25.39,98.18,50.28,opendata.reseaux-energies.fr,false,""
2024-04-04T15:00:00.000000,France,France,FR,8.79,26.17,97.95,47.05,opendata.reseaux-energies.fr,false,""
2024-04-04T16:00:00.000000,France,France,FR,9.21,25.51,97.84,40.89,opendata.reseaux-energies.fr,false,""
2024-04-04T17:00:00.000000,France,France,FR,8.21,22.61,98.1,34.43,opendata.reseaux-energies.fr,false,""
2024-04-04T18:00:00.000000,France,France,FR,7.1,20.51,98.42,32.35,opendata.reseaux-energies.fr,false,""
2024-04-04T19:00:00.000000,France,France,FR,7.33,20.78,98.38,32.89,opendata.reseaux-energies.fr,false,""
2024-04-04T20:00:00.000000,France,France,FR,6.99,20.48,98.45,32.71,opendata.reseaux-energies.fr,false,""
2024-04-04T21:00:00.000000,France,France,FR,8.73,22.75,97.94,31.88,opendata.reseaux-energies.fr,false,""
2024-04-04T22:00:00.000000,France,France,FR,8.32,22.52,98.08,33.14,opendata.reseaux-energies.fr,false,""
2024-04-04T23:00:00.000000,France,France,FR,7.05,21.39,98.45,36.08,opendata.reseaux-energies.fr,false,""
2024-04-05T00:00:00.000000,France,France,FR,7.21,21.85,98.43,37.02,opendata.reseaux-energies.fr,false,""
2024-04-05T01:00:00.000000,France,France,FR,7.85,22.89,98.28,37.1,opendata.reseaux-energies.fr,false,""
2024-04-05T02:00:00.000000,France,France,FR,7.89,23.02,98.27,38.56,opendata.reseaux-energies.fr,false,""
2024-04-05T03:00:00.000000,France,France,FR,7.35,22.26,98.4,40.17,opendata.reseaux-energies.fr,false,""
2024-04-05T04:00:00.000000,France,France,FR,6.95,21.4,98.49,40.24,opendata.reseaux-energies.fr,false,""
2024-04-05T05:00:00.000000,France,France,FR,6.58,20.6,98.56,40.1,opendata.reseaux-energies.fr,false,""
2024-04-05T06:00:00.000000,France,France,FR,6.41,20.48,98.61,41.47,opendata.reseaux-energies.fr,false,""
2024-04-05T07:00:00.000000,France,France,FR,6.12,20.8,98.68,43.38,opendata.reseaux-energies.fr,false,""
2024-04-05T08:00:00.000000,France,France,FR,5.82,21.31,98.76,45.51,opendata.reseaux-energies.fr,false,""
2024-04-05T09:00:00.000000,France,France,FR,5.75,22.03,98.79,47.03,opendata.reseaux-energies.fr,false,""
2024-04-05T10:00:00.000000,France,France,FR,5.57,22.37,98.84,48.3,opendata.reseaux-energies.fr,false,""
2024-04-05T11:00:00.000000,France,France,FR,4.49,21.42,99.0,48.67,opendata.reseaux-energies.fr,false,""
2024-04-05T12:00:00.000000,France,France,FR,7.47,25.09,98.42,45.01,opendata.reseaux-energies.fr,false,""
2024-04-05T13:00:00.000000,France,France,FR,7.37,24.84,98.47,42.78,opendata.reseaux-energies.fr,false,""
2024-04-05T14:00:00.000000,France,France,FR,5.44,22.42,98.78,44.42,opendata.reseaux-energies.fr,false,""
2024-04-05T15:00:00.000000,France,France,FR,5.81,22.63,98.71,44.59,opendata.reseaux-energies.fr,false,""
2024-04-05T16:00:00.000000,France,France,FR,6.31,22.02,98.6,40.0,opendata.reseaux-energies.fr,false,""
2024-04-05T17:00:00.000000,France,France,FR,6.62,20.93,98.52,34.6,opendata.reseaux-energies.fr,false,""
2024-04-05T18:00:00.000000,France,France,FR,7.29,21.0,98.36,32.13,opendata.reseaux-energies.fr,false,""
2024-04-05T19:00:00.000000,France,France,FR,7.26,21.04,98.37,32.9,opendata.reseaux-energies.fr,false,""
2024-04-05T20:00:00.000000,France,France,FR,7.05,20.97,98.43,34.88,opendata.reseaux-energies.fr,false,""
2024-04-05T21:00:00.000000,France,France,FR,6.66,20.53,98.53,36.18,opendata.reseaux-energies.fr,false,""
2024-04-05T22:00:00.000000,France,France,FR,6.44,20.58,98.59,37.72,opendata.reseaux-energies.fr,false,""
2024-04-05T23:00:00.000000,France,France,FR,6.87,21.85,98.5,41.69,opendata.reseaux-energies.fr,false,""
2024-04-06T00:00:00.000000,France,France,FR,6.93,22.06,98.48,43.72,opendata.reseaux-energies.fr,false,""
2024-04-06T01:00:00.000000,France,France,FR,5.36,20.21,98.78,44.08,opendata.reseaux-energies.fr,false,""
2024-04-06T02:00:00.000000,France,France,FR,5.16,20.25,98.8,45.14,opendata.reseaux-energies.fr,false,""
2024-04-06T03:00:00.000000,France,France,FR,5.24,20.4,98.78,46.1,opendata.reseaux-energies.fr,false,""
2024-04-06T04:00:00.000000,France,France,FR,5.09,20.22,98.82,47.59,opendata.reseaux-energies.fr,false,""
2024-04-06T05:00:00.000000,France,France,FR,5.21,20.43,98.79,48.39,opendata.reseaux-energies.fr,false,""
2024-04-06T06:00:00.000000,France,France,FR,5.74,21.51,98.7,50.35,opendata.reseaux-energies.fr,false,""
2024-04-06T07:00:00.000000,France,France,FR,5.37,21.7,98.77,51.63,opendata.reseaux-energies.fr,false,""
2024-04-06T08:00:00.000000,France,France,FR,7.62,25.41,98.34,49.66,opendata.reseaux-energies.fr,false,""
2024-04-06T09:00:00.000000,France,France,FR,10.58,30.26,97.82,50.96,opendata.reseaux-energies.fr,false,""
2024-04-06T10:00:00.000000,France,France,FR,12.87,34.16,97.45,53.34,opendata.reseaux-energies.fr,false,""
2024-04-06T11:00:00.000000,France,France,FR,11.56,32.72,97.72,53.2,opendata.reseaux-energies.fr,false,""
2024-04-06T12:00:00.000000,France,France,FR,13.21,35.05,97.43,52.96,opendata.reseaux-energies.fr,false,""
2024-04-06T13:00:00.000000,France,France,FR,13.81,35.37,97.29,50.27,opendata.reseaux-energies.fr,false,""
2024-04-06T14:00:00.000000,France,France,FR,10.44,29.78,97.77,44.78,opendata.reseaux-energies.fr,false,""
2024-04-06T15:00:00.000000,France,France,FR,9.1,26.64,98.04,39.81,opendata.reseaux-energies.fr,false,""
2024-04-06T16:00:00.000000,France,France,FR,8.3,24.59,98.2,39.6,opendata.reseaux-energies.fr,false,""
2024-04-06T17:00:00.000000,France,France,FR,7.83,23.12,98.28,39.06,opendata.reseaux-energies.fr,false,""
2024-04-06T18:00:00.000000,France,France,FR,8.36,23.3,98.15,38.06,opendata.reseaux-energies.fr,false,""
2024-04-06T19:00:00.000000,France,France,FR,8.38,23.27,98.15,38.21,opendata.reseaux-energies.fr,false,""
2024-04-06T20:00:00.000000,France,France,FR,8.56,23.52,98.11,38.86,opendata.reseaux-energies.fr,false,""
2024-04-06T21:00:00.000000,France,France,FR,8.62,23.62,98.09,39.31,opendata.reseaux-energies.fr,false,""
2024-04-06T22:00:00.000000,France,France,FR,8.28,23.62,98.18,41.93,opendata.reseaux-energies.fr,false,""
2024-04-06T23:00:00.000000,France,France,FR,8.7,24.77,98.11,45.66,opendata.reseaux-energies.fr,false,""
2024-04-07T00:00:00.000000,France,France,FR,10.03,26.77,97.8,45.2,opendata.reseaux-energies.fr,false,""
2024-04-07T01:00:00.000000,France,France,FR,11.02,28.56,97.47,44.54,opendata.reseaux-energies.fr,false,""
2024-04-07T02:00:00.000000,France,France,FR,11.17,28.93,97.46,43.1,opendata.reseaux-energies.fr,false,""
2024-04-07T03:00:00.000000,France,France,FR,11.84,29.84,97.32,42.1,opendata.reseaux-energies.fr,false,""
2024-04-07T04:00:00.000000,France,France,FR,13.17,31.52,97.08,41.95,opendata.reseaux-energies.fr,false,""
2024-04-07T05:00:00.000000,France,France,FR,11.96,29.95,97.3,41.91,opendata.reseaux-energies.fr,false,""
2024-04-07T06:00:00.000000,France,France,FR,11.65,29.69,97.37,42.23,opendata.reseaux-energies.fr,false,""
2024-04-07T07:00:00.000000,France,France,FR,14.17,33.66,97.06,41.49,opendata.reseaux-energies.fr,false,""
2024-04-07T08:00:00.000000,France,France,FR,17.29,38.79,96.55,44.99,opendata.reseaux-energies.fr,false,""
2024-04-07T09:00:00.000000,France,France,FR,18.32,41.48,96.46,49.66,opendata.reseaux-energies.fr,false,""
2024-04-07T10:00:00.000000,France,France,FR,18.56,42.35,96.5,51.31,opendata.reseaux-energies.fr,false,""
2024-04-07T11:00:00.000000,France,France,FR,17.71,41.27,96.67,51.41,opendata.reseaux-energies.fr,false,""
2024-04-07T12:00:00.000000,France,France,FR,18.38,42.13,96.55,51.53,opendata.reseaux-energies.fr,false,""
2024-04-07T13:00:00.000000,France,France,FR,16.34,38.61,96.89,48.1,opendata.reseaux-energies.fr,false,""
2024-04-07T14:00:00.000000,France,France,FR,17.28,39.1,96.5,44.23,opendata.reseaux-energies.fr,false,""
2024-04-07T15:00:00.000000,France,France,FR,9.72,27.86,97.8,39.86,opendata.reseaux-energies.fr,false,""
2024-04-07T16:00:00.000000,France,France,FR,9.37,26.12,97.89,40.06,opendata.reseaux-energies.fr,false,""
2024-04-07T17:00:00.000000,France,France,FR,12.78,29.34,97.3,35.7,opendata.reseaux-energies.fr,false,""
2024-04-07T18:00:00.000000,France,France,FR,9.71,24.63,97.91,33.3,opendata.reseaux-energies.fr,false,""
2024-04-07T19:00:00.000000,France,France,FR,5.56,18.96,98.7,30.83,opendata.reseaux-energies.fr,false,""
2024-04-07T20:00:00.000000,France,France,FR,5.98,19.49,98.62,29.76,opendata.reseaux-energies.fr,false,""
2024-04-07T21:00:00.000000,France,France,FR,7.68,21.52,98.29,29.4,opendata.reseaux-energies.fr,false,""
2024-04-07T22:00:00.000000,France,France,FR,8.24,22.39,98.18,29.22,opendata.reseaux-energies.fr,false,""
2024-04-07T23:00:00.000000,France,France,FR,8.32,22.68,98.17,28.83,opendata.reseaux-energies.fr,false,""
2024-04-08T00:00:00.000000,France,France,FR,8.37,22.68,98.16,27.89,opendata.reseaux-energies.fr,false,""
2024-04-08T01:00:00.000000,France,France,FR,8.46,22.97,98.16,27.7,opendata.reseaux-energies.fr,false,""
2024-04-08T02:00:00.000000,France,France,FR,8.46,23.01,98.18,27.73,opendata.reseaux-energies.fr,false,""
2024-04-08T03:00:00.000000,France,France,FR,8.23,22.59,98.23,27.55,opendata.reseaux-energies.fr,false,""
2024-04-08T04:00:00.000000,France,France,FR,7.31,21.11,98.41,27.25,opendata.reseaux-energies.fr,false,""
2024-04-08T05:00:00.000000,France,France,FR,6.77,20.19,98.51,28.18,opendata.reseaux-energies.fr,false,""
2024-04-08T06:00:00.000000,France,France,FR,7.79,21.54,98.22,28.84,opendata.reseaux-energies.fr,false,""
2024-04-08T07:00:00.000000,France,France,FR,8.13,22.57,98.1,30.13,opendata.reseaux-energies.fr,false,""
2024-04-08T08:00:00.000000,France,France,FR,7.68,22.79,98.21,31.77,opendata.reseaux-energies.fr,false,""
2024-04-08T09:00:00.000000,France,France,FR,7.99,24.03,98.18,35.59,opendata.reseaux-energies.fr,false,""
2024-04-08T10:00:00.000000,France,France,FR,7.54,24.09,98.3,39.45,opendata.reseaux-energies.fr,false,""
2024-04-08T11:00:00.000000,France,France,FR,5.29,21.76,98.82,41.71,opendata.reseaux-energies.fr,false,""
2024-04-08T12:00:00.000000,France,France,FR,4.59,20.97,98.94,42.31,opendata.reseaux-energies.fr,false,""
2024-04-08T13:00:00.000000,France,France,FR,4.53,20.83,98.96,41.85,opendata.reseaux-energies.fr,false,""
2024-04-08T14:00:00.000000,France,France,FR,6.31,22.25,98.6,37.53,opendata.reseaux-energies.fr,false,""
2024-04-08T15:00:00.000000,France,France,FR,6.86,22.39,98.51,37.41,opendata.reseaux-energies.fr,false,""
2024-04-08T16:00:00.000000,France,France,FR,6.58,21.48,98.55,36.84,opendata.reseaux-energies.fr,false,""
2024-04-08T17:00:00.000000,France,France,FR,7.44,21.74,98.33,35.0,opendata.reseaux-energies.fr,false,""
2024-04-08T18:00:00.000000,France,France,FR,7.97,21.96,98.18,34.46,opendata.reseaux-energies.fr,false,""
2024-04-08T19:00:00.000000,France,France,FR,7.95,22.0,98.19,34.32,opendata.reseaux-energies.fr,false,""
2024-04-08T20:00:00.000000,France,France,FR,7.28,21.18,98.38,35.35,opendata.reseaux-energies.fr,false,""
2024-04-08T21:00:00.000000,France,France,FR,7.5,21.38,98.35,35.29,opendata.reseaux-energies.fr,false,""
2024-04-08T22:00:00.000000,France,France,FR,5.4,18.76,98.77,34.61,opendata.reseaux-energies.fr,false,""
2024-04-08T23:00:00.000000,France,France,FR,4.89,18.24,98.87,35.22,opendata.reseaux-energies.fr,false,""
2024-04-09T00:00:00.000000,France,France,FR,5.87,19.48,98.67,33.13,opendata.reseaux-energies.fr,false,""
2024-04-09T01:00:00.000000,France,France,FR,5.72,19.32,98.69,31.72,opendata.reseaux-energies.fr,false,""
2024-04-09T02:00:00.000000,France,France,FR,5.23,18.7,98.79,31.46,opendata.reseaux-energies.fr,false,""
2024-04-09T03:00:00.000000,France,France,FR,5.45,18.94,98.75,32.16,opendata.reseaux-energies.fr,false,""
2024-04-09T04:00:00.000000,France,France,FR,4.94,18.3,98.87,36.17,opendata.reseaux-energies.fr,false,""
2024-04-09T05:00:00.000000,France,France,FR,4.47,17.61,98.98,38.58,opendata.reseaux-energies.fr,false,""
2024-04-09T06:00:00.000000,France,France,FR,5.24,18.6,98.81,38.82,opendata.reseaux-energies.fr,false,""
2024-04-09T07:00:00.000000,France,France,FR,4.92,18.69,98.87,40.47,opendata.reseaux-energies.fr,false,""
2024-04-09T08:00:00.000000,France,France,FR,4.51,18.89,98.95,43.25,opendata.reseaux-energies.fr,false,""
2024-04-09T09:00:00.000000,France,France,FR,5.77,20.89,98.73,41.78,opendata.reseaux-energies.fr,false,""
2024-04-09T10:00:00.000000,France,France,FR,17.3,35.73,97.29,40.85,opendata.reseaux-energies.fr,false,""
2024-04-09T11:00:00.000000,France,France,FR,11.03,28.07,98.06,41.57,opendata.reseaux-energies.fr,false,""
2024-04-09T12:00:00.000000,France,France,FR,6.1,22.03,98.68,42.01,opendata.reseaux-energies.fr,false,""
2024-04-09T13:00:00.000000,France,France,FR,6.01,22.1,98.68,42.6,opendata.reseaux-energies.fr,false,""
2024-04-09T14:00:00.000000,France,France,FR,5.93,21.83,98.7,41.99,opendata.reseaux-energies.fr,false,""
2024-04-09T15:00:00.000000,France,France,FR,6.05,21.63,98.68,40.48,opendata.reseaux-energies.fr,false,""
2024-04-09T16:00:00.000000,France,France,FR,5.94,20.97,98.66,40.9,opendata.reseaux-energies.fr,false,""
2024-04-09T17:00:00.000000,France,France,FR,6.06,20.12,98.62,38.01,opendata.reseaux-energies.fr,false,""
2024-04-09T18:00:00.000000,France,France,FR,5.93,19.13,98.65,33.92,opendata.reseaux-energies.fr,false,""
2024-04-09T19:00:00.000000,France,France,FR,4.75,17.39,98.9,32.4,opendata.reseaux-energies.fr,false,""
2024-04-09T20:00:00.000000,France,France,FR,5.82,18.71,98.67,31.5,opendata.reseaux-energies.fr,false,""
2024-04-09T21:00:00.000000,France,France,FR,7.44,20.8,98.33,32.1,opendata.reseaux-energies.fr,false,""
2024-04-09T22:00:00.000000,France,France,FR,7.69,21.3,98.29,31.72,opendata.reseaux-energies.fr,false,""
2024-04-09T23:00:00.000000,France,France,FR,8.12,21.97,98.21,31.19,opendata.reseaux-energies.fr,false,""
2024-04-10T00:00:00.000000,France,France,FR,8.35,22.21,98.16,30.41,opendata.reseaux-energies.fr,false,""
2024-04-10T01:00:00.000000,France,France,FR,8.42,22.29,98.15,29.76,opendata.reseaux-energies.fr,false,""
2024-04-10T02:00:00.000000,France,France,FR,8.6,22.48,98.12,29.03,opendata.reseaux-energies.fr,false,""
2024-04-10T03:00:00.000000,France,France,FR,8.34,22.02,98.18,28.07,opendata.reseaux-energies.fr,false,""
2024-04-10T04:00:00.000000,France,France,FR,8.11,21.37,98.19,27.43,opendata.reseaux-energies.fr,false,""
2024-04-10T05:00:00.000000,France,France,FR,11.69,25.66,97.46,27.02,opendata.reseaux-energies.fr,false,""
2024-04-10T06:00:00.000000,France,France,FR,13.62,28.51,97.22,27.42,opendata.reseaux-energies.fr,false,""
2024-04-10T07:00:00.000000,France,France,FR,7.82,22.05,98.21,29.31,opendata.reseaux-energies.fr,false,""
2024-04-10T08:00:00.000000,France,France,FR,6.85,21.92,98.45,32.51,opendata.reseaux-energies.fr,false,""
2024-04-10T09:00:00.000000,France,France,FR,5.8,21.32,98.72,34.5,opendata.reseaux-energies.fr,false,""
2024-04-10T10:00:00.000000,France,France,FR,5.56,21.45,98.76,35.89,opendata.reseaux-energies.fr,false,""
2024-04-10T11:00:00.000000,France,France,FR,5.18,21.34,98.83,36.88,opendata.reseaux-energies.fr,false,""
2024-04-10T12:00:00.000000,France,France,FR,5.24,21.76,98.81,37.71,opendata.reseaux-energies.fr,false,""
2024-04-10T13:00:00.000000,France,France,FR,5.59,22.12,98.76,37.71,opendata.reseaux-energies.fr,false,""
2024-04-10T14:00:00.000000,France,France,FR,6.27,22.77,98.61,37.27,opendata.reseaux-energies.fr,false,""
2024-04-10T15:00:00.000000,France,France,FR,6.43,22.62,98.56,36.27,opendata.reseaux-energies.fr,false,""
2024-04-10T16:00:00.000000,France,France,FR,6.99,22.35,98.42,33.4,opendata.reseaux-energies.fr,false,""
2024-04-10T17:00:00.000000,France,France,FR,7.8,22.0,98.22,30.18,opendata.reseaux-energies.fr,false,""
2024-04-10T18:00:00.000000,France,France,FR,8.4,21.88,98.06,27.61,opendata.reseaux-energies.fr,false,""
2024-04-10T19:00:00.000000,France,France,FR,8.24,21.58,98.08,26.76,opendata.reseaux-energies.fr,false,""
2024-04-10T20:00:00.000000,France,France,FR,8.85,22.48,97.95,27.27,opendata.reseaux-energies.fr,false,""
2024-04-10T21:00:00.000000,France,France,FR,9.09,22.85,97.9,27.72,opendata.reseaux-energies.fr,false,""
2024-04-10T22:00:00.000000,France,France,FR,8.94,22.96,97.97,28.44,opendata.reseaux-energies.fr,false,""
2024-04-10T23:00:00.000000,France,France,FR,8.05,22.11,98.23,28.9,opendata.reseaux-energies.fr,false,""
2024-04-11T00:00:00.000000,France,France,FR,8.36,22.52,98.17,28.07,opendata.reseaux-energies.fr,false,""
2024-04-11T01:00:00.000000,France,France,FR,8.36,22.52,98.16,27.0,opendata.reseaux-energies.fr,false,""
2024-04-11T02:00:00.000000,France,France,FR,7.49,21.48,98.32,25.58,opendata.reseaux-energies.fr,false,""
2024-04-11T03:00:00.000000,France,France,FR,7.89,21.73,98.27,25.08,opendata.reseaux-energies.fr,false,""
2024-04-11T04:00:00.000000,France,France,FR,8.32,21.96,98.16,25.26,opendata.reseaux-energies.fr,false,""
2024-04-11T05:00:00.000000,France,France,FR,11.62,25.96,97.52,26.62,opendata.reseaux-energies.fr,false,""
2024-04-11T06:00:00.000000,France,France,FR,16.96,33.13,96.77,27.63,opendata.reseaux-energies.fr,false,""
2024-04-11T07:00:00.000000,France,France,FR,19.23,36.88,96.64,29.39,opendata.reseaux-energies.fr,false,""
2024-04-11T08:00:00.000000,France,France,FR,6.01,20.96,98.66,32.17,opendata.reseaux-energies.fr,false,""
2024-04-11T09:00:00.000000,France,France,FR,5.29,20.99,98.81,34.22,opendata.reseaux-energies.fr,false,""
2024-04-11T10:00:00.000000,France,France,FR,5.06,21.4,98.86,35.92,opendata.reseaux-energies.fr,false,""
2024-04-11T11:00:00.000000,France,France,FR,4.97,21.68,98.88,36.83,opendata.reseaux-energies.fr,false,""
2024-04-11T12:00:00.000000,France,France,FR,4.82,21.72,98.9,37.15,opendata.reseaux-energies.fr,false,""
2024-04-11T13:00:00.000000,France,France,FR,5.04,21.98,98.88,36.77,opendata.reseaux-energies.fr,false,""
2024-04-11T14:00:00.000000,France,France,FR,4.99,21.62,98.87,34.96,opendata.reseaux-energies.fr,false,""
2024-04-11T15:00:00.000000,France,France,FR,5.85,22.15,98.69,33.51,opendata.reseaux-energies.fr,false,""
2024-04-11T16:00:00.000000,France,France,FR,6.94,22.51,98.44,29.92,opendata.reseaux-energies.fr,false,""
2024-04-11T17:00:00.000000,France,France,FR,7.33,21.54,98.33,25.42,opendata.reseaux-energies.fr,false,""
2024-04-11T18:00:00.000000,France,France,FR,10.89,25.17,97.64,22.47,opendata.reseaux-energies.fr,false,""
2024-04-11T19:00:00.000000,France,France,FR,10.2,24.14,97.79,22.44,opendata.reseaux-energies.fr,false,""
2024-04-11T20:00:00.000000,France,France,FR,8.84,22.4,98.03,21.63,opendata.reseaux-energies.fr,false,""
2024-04-11T21:00:00.000000,France,France,FR,8.8,22.3,98.02,22.11,opendata.reseaux-energies.fr,false,""
2024-04-11T22:00:00.000000,France,France,FR,7.83,21.07,98.23,21.26,opendata.reseaux-energies.fr,false,""
2024-04-11T23:00:00.000000,France,France,FR,7.59,21.06,98.3,21.04,opendata.reseaux-energies.fr,false,""
2024-04-12T00:00:00.000000,France,France,FR,7.12,20.54,98.4,20.59,opendata.reseaux-energies.fr,false,""
2024-04-12T01:00:00.000000,France,France,FR,7.41,21.02,98.34,20.54,opendata.reseaux-energies.fr,false,""
2024-04-12T02:00:00.000000,France,France,FR,7.81,21.6,98.24,20.23,opendata.reseaux-energies.fr,false,""
2024-04-12T03:00:00.000000,France,France,FR,8.16,21.96,98.18,20.23,opendata.reseaux-energies.fr,false,""
2024-04-12T04:00:00.000000,France,France,FR,7.59,20.98,98.25,20.34,opendata.reseaux-energies.fr,false,""
2024-04-12T05:00:00.000000,France,France,FR,6.97,19.97,98.32,22.01,opendata.reseaux-energies.fr,false,""
2024-04-12T06:00:00.000000,France,France,FR,7.75,21.36,98.12,25.02,opendata.reseaux-energies.fr,false,""
2024-04-12T07:00:00.000000,France,France,FR,7.22,21.87,98.33,27.55,opendata.reseaux-energies.fr,false,""
2024-04-12T08:00:00.000000,France,France,FR,6.13,21.94,98.64,31.17,opendata.reseaux-energies.fr,false,""
2024-04-12T09:00:00.000000,France,France,FR,5.64,22.54,98.75,35.0,opendata.reseaux-energies.fr,false,""
2024-04-12T10:00:00.000000,France,France,FR,4.57,21.98,98.96,37.5,opendata.reseaux-energies.fr,false,""
2024-04-12T11:00:00.000000,France,France,FR,6.6,24.37,98.58,36.34,opendata.reseaux-energies.fr,false,""
2024-04-12T12:00:00.000000,France,France,FR,8.23,26.72,98.31,36.62,opendata.reseaux-energies.fr,false,""
2024-04-12T13:00:00.000000,France,France,FR,6.52,24.36,98.57,35.09,opendata.reseaux-energies.fr,false,""
2024-04-12T14:00:00.000000,France,France,FR,5.85,23.01,98.7,33.58,opendata.reseaux-energies.fr,false,""
2024-04-12T15:00:00.000000,France,France,FR,6.06,22.71,98.67,32.99,opendata.reseaux-energies.fr,false,""
2024-04-12T16:00:00.000000,France,France,FR,7.12,23.24,98.43,29.98,opendata.reseaux-energies.fr,false,""
2024-04-12T17:00:00.000000,France,France,FR,7.5,22.17,98.32,25.55,opendata.reseaux-energies.fr,false,""
2024-04-12T18:00:00.000000,France,France,FR,20.11,37.1,96.62,21.67,opendata.reseaux-energies.fr,false,""
2024-04-12T19:00:00.000000,France,France,FR,16.58,32.33,97.18,22.29,opendata.reseaux-energies.fr,false,""
2024-04-12T20:00:00.000000,France,France,FR,11.07,25.3,98.08,22.69,opendata.reseaux-energies.fr,false,""
2024-04-12T21:00:00.000000,France,France,FR,6.08,18.98,98.73,23.32,opendata.reseaux-energies.fr,false,""
2024-04-12T22:00:00.000000,France,France,FR,5.01,17.75,98.85,22.73,opendata.reseaux-energies.fr,false,""
2024-04-12T23:00:00.000000,France,France,FR,4.9,17.91,98.88,22.22,opendata.reseaux-energies.fr,false,""
2024-04-13T00:00:00.000000,France,France,FR,4.81,17.96,98.91,22.46,opendata.reseaux-energies.fr,false,""
2024-04-13T01:00:00.000000,France,France,FR,4.93,18.31,98.88,21.98,opendata.reseaux-energies.fr,false,""
2024-04-13T02:00:00.000000,France,France,FR,4.99,18.53,98.87,22.07,opendata.reseaux-energies.fr,false,""
2024-04-13T03:00:00.000000,France,France,FR,5.0,18.52,98.86,22.45,opendata.reseaux-energies.fr,false,""
2024-04-13T04:00:00.000000,France,France,FR,4.91,18.23,98.88,22.57,opendata.reseaux-energies.fr,false,""
2024-04-13T05:00:00.000000,France,France,FR,4.82,18.03,98.91,22.62,opendata.reseaux-energies.fr,false,""
2024-04-13T06:00:00.000000,France,France,FR,6.97,21.4,98.46,25.75,opendata.reseaux-energies.fr,false,""
2024-04-13T07:00:00.000000,France,France,FR,7.35,23.7,98.4,31.91,opendata.reseaux-energies.fr,false,""
2024-04-13T08:00:00.000000,France,France,FR,9.19,27.98,98.23,36.35,opendata.reseaux-energies.fr,false,""
2024-04-13T09:00:00.000000,France,France,FR,10.69,31.42,97.91,40.67,opendata.reseaux-energies.fr,false,""
2024-04-13T10:00:00.000000,France,France,FR,13.31,35.84,97.46,45.77,opendata.reseaux-energies.fr,false,""
2024-04-13T11:00:00.000000,France,France,FR,13.99,37.48,97.33,49.27,opendata.reseaux-energies.fr,false,""
2024-04-13T12:00:00.000000,France,France,FR,13.68,37.27,97.37,50.09,opendata.reseaux-energies.fr,false,""
2024-04-13T13:00:00.000000,France,France,FR,11.26,33.77,97.73,48.05,opendata.reseaux-energies.fr,false,""
2024-04-13T14:00:00.000000,France,France,FR,7.9,28.17,98.27,43.44,opendata.reseaux-energies.fr,false,""
2024-04-13T15:00:00.000000,France,France,FR,7.74,26.56,98.33,39.22,opendata.reseaux-energies.fr,false,""
2024-04-13T16:00:00.000000,France,France,FR,7.84,25.32,98.32,36.34,opendata.reseaux-energies.fr,false,""
2024-04-13T17:00:00.000000,France,France,FR,9.0,25.28,98.04,33.32,opendata.reseaux-energies.fr,false,""
2024-04-13T18:00:00.000000,France,France,FR,6.68,20.97,98.49,29.39,opendata.reseaux-energies.fr,false,""
2024-04-13T19:00:00.000000,France,France,FR,6.04,19.99,98.63,30.34,opendata.reseaux-energies.fr,false,""
2024-04-13T20:00:00.000000,France,France,FR,7.0,21.26,98.45,30.6,opendata.reseaux-energies.fr,false,""
2024-04-13T21:00:00.000000,France,France,FR,8.42,23.31,98.18,31.1,opendata.reseaux-energies.fr,false,""
2024-04-13T22:00:00.000000,France,France,FR,10.55,26.31,97.82,30.61,opendata.reseaux-energies.fr,false,""
2024-04-13T23:00:00.000000,France,France,FR,12.33,29.01,97.51,30.89,opendata.reseaux-energies.fr,false,""
2024-04-14T00:00:00.000000,France,France,FR,10.87,27.34,97.78,28.99,opendata.reseaux-energies.fr,false,""
2024-04-14T01:00:00.000000,France,France,FR,13.23,30.43,97.54,26.56,opendata.reseaux-energies.fr,false,""
2024-04-14T02:00:00.000000,France,France,FR,12.8,29.92,97.65,25.42,opendata.reseaux-energies.fr,false,""
2024-04-14T03:00:00.000000,France,France,FR,15.13,32.87,97.12,25.37,opendata.reseaux-energies.fr,false,""
2024-04-14T04:00:00.000000,France,France,FR,15.74,33.54,97.0,25.36,opendata.reseaux-energies.fr,false,""
2024-04-14T05:00:00.000000,France,France,FR,15.48,33.21,97.05,25.04,opendata.reseaux-energies.fr,false,""
2024-04-14T06:00:00.000000,France,France,FR,16.92,35.72,96.73,27.51,opendata.reseaux-energies.fr,false,""
2024-04-14T07:00:00.000000,France,France,FR,16.46,36.82,96.9,32.77,opendata.reseaux-energies.fr,false,""
2024-04-14T08:00:00.000000,France,France,FR,17.51,39.47,96.83,37.42,opendata.reseaux-energies.fr,false,""
2024-04-14T09:00:00.000000,France,France,FR,16.23,39.34,96.91,43.33,opendata.reseaux-energies.fr,false,""
2024-04-14T10:00:00.000000,France,France,FR,15.41,39.24,96.98,47.16,opendata.reseaux-energies.fr,false,""
2024-04-14T11:00:00.000000,France,France,FR,15.15,39.29,97.02,48.42,opendata.reseaux-energies.fr,false,""
2024-04-14T12:00:00.000000,France,France,FR,15.16,39.69,97.02,49.24,opendata.reseaux-energies.fr,false,""
2024-04-14T13:00:00.000000,France,France,FR,13.09,36.52,97.49,47.63,opendata.reseaux-energies.fr,false,""
2024-04-14T14:00:00.000000,France,France,FR,10.75,32.37,97.88,43.01,opendata.reseaux-energies.fr,false,""
2024-04-14T15:00:00.000000,France,France,FR,6.9,26.09,98.47,38.84,opendata.reseaux-energies.fr,false,""
2024-04-14T16:00:00.000000,France,France,FR,7.21,24.56,98.42,34.24,opendata.reseaux-energies.fr,false,""
2024-04-14T17:00:00.000000,France,France,FR,8.98,24.7,98.03,29.29,opendata.reseaux-energies.fr,false,""
2024-04-14T18:00:00.000000,France,France,FR,6.6,20.35,98.53,26.29,opendata.reseaux-energies.fr,false,""
2024-04-14T19:00:00.000000,France,France,FR,5.0,18.02,98.86,25.84,opendata.reseaux-energies.fr,false,""
2024-04-14T20:00:00.000000,France,France,FR,4.93,17.93,98.88,25.85,opendata.reseaux-energies.fr,false,""
2024-04-14T21:00:00.000000,France,France,FR,4.95,18.03,98.88,26.57,opendata.reseaux-energies.fr,false,""
2024-04-14T22:00:00.000000,France,France,FR,6.74,20.65,98.51,26.92,opendata.reseaux-energies.fr,false,""
2024-04-14T23:00:00.000000,France,France,FR,6.38,20.61,98.59,25.71,opendata.reseaux-energies.fr,false,""
2024-04-15T00:00:00.000000,France,France,FR,6.4,20.97,98.54,26.3,opendata.reseaux-energies.fr,false,""
2024-04-15T01:00:00.000000,France,France,FR,5.98,20.55,98.63,26.89,opendata.reseaux-energies.fr,false,""
2024-04-15T02:00:00.000000,France,France,FR,5.95,20.58,98.64,28.42,opendata.reseaux-energies.fr,false,""
2024-04-15T03:00:00.000000,France,France,FR,5.96,20.49,98.64,29.03,opendata.reseaux-energies.fr,false,""
2024-04-15T04:00:00.000000,France,France,FR,6.21,20.5,98.57,30.08,opendata.reseaux-energies.fr,false,""
2024-04-15T05:00:00.000000,France,France,FR,5.58,19.33,98.73,29.65,opendata.reseaux-energies.fr,false,""
2024-04-15T06:00:00.000000,France,France,FR,6.45,20.44,98.59,31.8,opendata.reseaux-energies.fr,false,""
2024-04-15T07:00:00.000000,France,France,FR,6.73,21.45,98.55,36.23,opendata.reseaux-energies.fr,false,""
2024-04-15T08:00:00.000000,France,France,FR,6.05,21.7,98.75,42.49,opendata.reseaux-energies.fr,false,""
2024-04-15T09:00:00.000000,France,France,FR,4.25,20.05,99.08,47.0,opendata.reseaux-energies.fr,false,""
2024-04-15T10:00:00.000000,France,France,FR,5.44,21.37,98.88,44.43,opendata.reseaux-energies.fr,false,""
2024-04-15T11:00:00.000000,France,France,FR,5.9,21.96,98.81,44.35,opendata.reseaux-energies.fr,false,""
2024-04-15T12:00:00.000000,France,France,FR,6.01,22.27,98.81,44.33,opendata.reseaux-energies.fr,false,""
2024-04-15T13:00:00.000000,France,France,FR,5.83,21.97,98.83,44.41,opendata.reseaux-energies.fr,false,""
2024-04-15T14:00:00.000000,France,France,FR,4.62,20.24,98.99,43.1,opendata.reseaux-energies.fr,false,""
2024-04-15T15:00:00.000000,France,France,FR,5.67,21.38,98.8,43.08,opendata.reseaux-energies.fr,false,""
2024-04-15T16:00:00.000000,France,France,FR,5.43,20.77,98.82,45.73,opendata.reseaux-energies.fr,false,""
2024-04-15T17:00:00.000000,France,France,FR,6.44,21.46,98.6,46.76,opendata.reseaux-energies.fr,false,""
2024-04-15T18:00:00.000000,France,France,FR,5.48,19.56,98.77,43.55,opendata.reseaux-energies.fr,false,""
2024-04-15T19:00:00.000000,France,France,FR,4.21,17.75,99.03,42.26,opendata.reseaux-energies.fr,false,""
2024-04-15T20:00:00.000000,France,France,FR,4.96,18.66,98.82,40.58,opendata.reseaux-energies.fr,false,""
2024-04-15T21:00:00.000000,France,France,FR,7.06,21.35,98.3,40.13,opendata.reseaux-energies.fr,false,""
2024-04-15T22:00:00.000000,France,France,FR,7.02,21.43,98.28,40.13,opendata.reseaux-energies.fr,false,""
2024-04-15T23:00:00.000000,France,France,FR,6.81,21.44,98.33,41.0,opendata.reseaux-energies.fr,false,""
2024-04-16T00:00:00.000000,France,France,FR,6.74,21.34,98.35,40.4,opendata.reseaux-energies.fr,false,""
2024-04-16T01:00:00.000000,France,France,FR,7.25,21.92,98.22,35.5,opendata.reseaux-energies.fr,false,""
2024-04-16T02:00:00.000000,France,France,FR,6.99,21.75,98.29,38.41,opendata.reseaux-energies.fr,false,""
2024-04-16T03:00:00.000000,France,France,FR,6.66,21.36,98.36,41.52,opendata.reseaux-energies.fr,false,""
2024-04-16T04:00:00.000000,France,France,FR,6.49,20.93,98.4,41.25,opendata.reseaux-energies.fr,false,""
2024-04-16T05:00:00.000000,France,France,FR,6.97,21.16,98.32,39.93,opendata.reseaux-energies.fr,false,""
2024-04-16T06:00:00.000000,France,France,FR,7.08,21.4,98.35,40.46,opendata.reseaux-energies.fr,false,""
2024-04-16T07:00:00.000000,France,France,FR,6.17,20.92,98.59,42.05,opendata.reseaux-energies.fr,false,""
2024-04-16T08:00:00.000000,France,France,FR,7.0,22.29,98.46,40.6,opendata.reseaux-energies.fr,false,""
2024-04-16T09:00:00.000000,France,France,FR,6.8,22.75,98.51,42.87,opendata.reseaux-energies.fr,false,""
2024-04-16T10:00:00.000000,France,France,FR,6.4,22.93,98.59,46.55,opendata.reseaux-energies.fr,false,""
2024-04-16T11:00:00.000000,France,France,FR,6.35,23.28,98.6,47.83,opendata.reseaux-energies.fr,false,""
2024-04-16T12:00:00.000000,France,France,FR,7.18,24.02,98.45,43.68,opendata.reseaux-energies.fr,false,""
2024-04-16T13:00:00.000000,France,France,FR,6.54,22.95,98.67,41.72,opendata.reseaux-energies.fr,false,""
2024-04-16T14:00:00.000000,France,France,FR,6.07,22.0,98.78,40.48,opendata.reseaux-energies.fr,false,""
2024-04-16T15:00:00.000000,France,France,FR,6.06,21.68,98.76,39.08,opendata.reseaux-energies.fr,false,""
2024-04-16T16:00:00.000000,France,France,FR,6.13,21.33,98.73,40.26,opendata.reseaux-energies.fr,false,""
2024-04-16T17:00:00.000000,France,France,FR,6.47,20.9,98.62,39.06,opendata.reseaux-energies.fr,false,""
2024-04-16T18:00:00.000000,France,France,FR,6.9,20.61,98.52,35.87,opendata.reseaux-energies.fr,false,""
2024-04-16T19:00:00.000000,France,France,FR,6.72,20.08,98.55,33.74,opendata.reseaux-energies.fr,false,""
2024-04-16T20:00:00.000000,France,France,FR,7.09,20.5,98.45,32.14,opendata.reseaux-energies.fr,false,""
2024-04-16T21:00:00.000000,France,France,FR,7.0,20.35,98.47,31.49,opendata.reseaux-energies.fr,false,""
2024-04-16T22:00:00.000000,France,France,FR,6.44,19.68,98.62,30.5,opendata.reseaux-energies.fr,false,""
2024-04-16T23:00:00.000000,France,France,FR,6.2,19.51,98.68,29.33,opendata.reseaux-energies.fr,false,""
2024-04-17T00:00:00.000000,France,France,FR,6.41,19.78,98.64,28.31,opendata.reseaux-energies.fr,false,""
2024-04-17T01:00:00.000000,France,France,FR,6.64,20.09,98.59,27.92,opendata.reseaux-energies.fr,false,""
2024-04-17T02:00:00.000000,France,France,FR,6.71,20.21,98.58,27.56,opendata.reseaux-energies.fr,false,""
2024-04-17T03:00:00.000000,France,France,FR,6.73,20.15,98.57,27.31,opendata.reseaux-energies.fr,false,""
2024-04-17T04:00:00.000000,France,France,FR,7.09,20.5,98.46,27.35,opendata.reseaux-energies.fr,false,""
2024-04-17T05:00:00.000000,France,France,FR,7.27,20.58,98.39,28.06,opendata.reseaux-energies.fr,false,""
2024-04-17T06:00:00.000000,France,France,FR,7.57,21.21,98.33,30.49,opendata.reseaux-energies.fr,false,""
2024-04-17T07:00:00.000000,France,France,FR,6.93,21.33,98.48,32.42,opendata.reseaux-energies.fr,false,""
2024-04-17T08:00:00.000000,France,France,FR,5.89,20.79,98.75,34.8,opendata.reseaux-energies.fr,false,""
2024-04-17T09:00:00.000000,France,France,FR,5.09,20.39,98.94,36.46,opendata.reseaux-energies.fr,false,""
2024-04-17T10:00:00.000000,France,France,FR,4.9,20.62,98.99,38.65,opendata.reseaux-energies.fr,false,""
2024-04-17T11:00:00.000000,France,France,FR,4.58,20.48,99.06,40.18,opendata.reseaux-energies.fr,false,""
2024-04-17T12:00:00.000000,France,France,FR,4.7,20.79,99.04,41.16,opendata.reseaux-energies.fr,false,""
2024-04-17T13:00:00.000000,France,France,FR,4.72,20.89,99.03,42.39,opendata.reseaux-energies.fr,false,""
2024-04-17T14:00:00.000000,France,France,FR,4.88,20.94,98.99,42.88,opendata.reseaux-energies.fr,false,""
2024-04-17T15:00:00.000000,France,France,FR,5.01,20.54,98.95,40.16,opendata.reseaux-energies.fr,false,""
2024-04-17T16:00:00.000000,France,France,FR,5.47,20.1,98.84,36.93,opendata.reseaux-energies.fr,false,""
2024-04-17T17:00:00.000000,France,France,FR,12.76,28.4,97.7,33.25,opendata.reseaux-energies.fr,false,""
2024-04-17T18:00:00.000000,France,France,FR,21.29,38.63,96.42,29.68,opendata.reseaux-energies.fr,false,""
2024-04-17T19:00:00.000000,France,France,FR,22.07,39.43,96.28,27.77,opendata.reseaux-energies.fr,false,""
2024-04-17T20:00:00.000000,France,France,FR,20.15,36.83,96.85,26.99,opendata.reseaux-energies.fr,false,""
2024-04-17T21:00:00.000000,France,France,FR,19.76,36.26,96.93,27.23,opendata.reseaux-energies.fr,false,""
2024-04-17T22:00:00.000000,France,France,FR,16.58,32.33,97.34,26.97,opendata.reseaux-energies.fr,false,""
2024-04-17T23:00:00.000000,France,France,FR,6.63,19.8,98.56,26.06,opendata.reseaux-energies.fr,false,""
2024-04-18T00:00:00.000000,France,France,FR,6.74,19.97,98.55,25.17,opendata.reseaux-energies.fr,false,""
2024-04-18T01:00:00.000000,France,France,FR,6.8,20.06,98.54,24.96,opendata.reseaux-energies.fr,false,""
2024-04-18T02:00:00.000000,France,France,FR,7.3,20.71,98.41,24.61,opendata.reseaux-energies.fr,false,""
2024-04-18T03:00:00.000000,France,France,FR,8.36,22.06,98.12,24.43,opendata.reseaux-energies.fr,false,""
2024-04-18T04:00:00.000000,France,France,FR,9.16,23.0,97.87,25.59,opendata.reseaux-energies.fr,false,""
2024-04-18T05:00:00.000000,France,France,FR,10.7,24.87,97.43,27.49,opendata.reseaux-energies.fr,false,""
2024-04-18T06:00:00.000000,France,France,FR,12.21,27.24,97.0,29.23,opendata.reseaux-energies.fr,false,""
2024-04-18T07:00:00.000000,France,France,FR,11.57,27.14,97.15,30.3,opendata.reseaux-energies.fr,false,""
2024-04-18T08:00:00.000000,France,France,FR,9.27,25.01,97.77,33.26,opendata.reseaux-energies.fr,false,""
2024-04-18T09:00:00.000000,France,France,FR,8.28,24.29,98.07,35.23,opendata.reseaux-energies.fr,false,""
2024-04-18T10:00:00.000000,France,France,FR,8.15,24.56,98.1,35.63,opendata.reseaux-energies.fr,false,""
2024-04-18T11:00:00.000000,France,France,FR,8.13,24.9,98.13,35.92,opendata.reseaux-energies.fr,false,""
2024-04-18T12:00:00.000000,France,France,FR,8.26,25.37,98.1,36.33,opendata.reseaux-energies.fr,false,""
2024-04-18T13:00:00.000000,France,France,FR,7.17,24.12,98.38,36.42,opendata.reseaux-energies.fr,false,""
2024-04-18T14:00:00.000000,France,France,FR,7.38,24.33,98.34,36.11,opendata.reseaux-energies.fr,false,""
2024-04-18T15:00:00.000000,France,France,FR,7.56,24.14,98.28,34.83,opendata.reseaux-energies.fr,false,""
2024-04-18T16:00:00.000000,France,France,FR,7.75,23.53,98.22,32.63,opendata.reseaux-energies.fr,false,""
2024-04-18T17:00:00.000000,France,France,FR,8.42,22.91,98.05,29.14,opendata.reseaux-energies.fr,false,""
2024-04-18T18:00:00.000000,France,France,FR,9.72,23.64,97.72,27.13,opendata.reseaux-energies.fr,false,""
2024-04-18T19:00:00.000000,France,France,FR,9.33,22.89,97.82,26.37,opendata.reseaux-energies.fr,false,""
2024-04-18T20:00:00.000000,France,France,FR,8.22,21.45,98.14,26.36,opendata.reseaux-energies.fr,false,""
2024-04-18T21:00:00.000000,France,France,FR,7.08,19.98,98.44,26.46,opendata.reseaux-energies.fr,false,""
2024-04-18T22:00:00.000000,France,France,FR,6.5,19.32,98.61,26.99,opendata.reseaux-energies.fr,false,""
2024-04-18T23:00:00.000000,France,France,FR,6.32,19.37,98.67,27.28,opendata.reseaux-energies.fr,false,""
2024-04-19T00:00:00.000000,France,France,FR,6.9,20.33,98.55,28.71,opendata.reseaux-energies.fr,false,""
2024-04-19T01:00:00.000000,France,France,FR,7.13,20.72,98.49,29.6,opendata.reseaux-energies.fr,false,""
2024-04-19T02:00:00.000000,France,France,FR,6.39,19.85,98.64,30.28,opendata.reseaux-energies.fr,false,""
2024-04-19T03:00:00.000000,France,France,FR,6.22,19.59,98.66,31.28,opendata.reseaux-energies.fr,false,""
2024-04-19T04:00:00.000000,France,France,FR,6.44,19.75,98.59,31.84,opendata.reseaux-energies.fr,false,""
2024-04-19T05:00:00.000000,France,France,FR,6.52,19.48,98.58,32.51,opendata.reseaux-energies.fr,false,""
2024-04-19T06:00:00.000000,France,France,FR,6.31,19.58,98.65,34.46,opendata.reseaux-energies.fr,false,""
2024-04-19T07:00:00.000000,France,France,FR,5.84,20.06,98.75,37.07,opendata.reseaux-energies.fr,false,""
2024-04-19T08:00:00.000000,France,France,FR,4.89,19.97,98.98,40.23,opendata.reseaux-energies.fr,false,""
2024-04-19T09:00:00.000000,France,France,FR,4.9,20.75,99.01,43.27,opendata.reseaux-energies.fr,false,""
2024-04-19T10:00:00.000000,France,France,FR,6.37,23.24,98.84,45.67,opendata.reseaux-energies.fr,false,""
2024-04-19T11:00:00.000000,France,France,FR,4.46,21.05,99.08,46.8,opendata.reseaux-energies.fr,false,""
2024-04-19T12:00:00.000000,France,France,FR,4.12,20.88,99.13,47.4,opendata.reseaux-energies.fr,false,""
2024-04-19T13:00:00.000000,France,France,FR,4.53,21.62,99.0,47.75,opendata.reseaux-energies.fr,false,""
2024-04-19T14:00:00.000000,France,France,FR,5.14,22.13,98.86,46.88,opendata.reseaux-energies.fr,false,""
2024-04-19T15:00:00.000000,France,France,FR,5.14,21.52,98.88,44.43,opendata.reseaux-energies.fr,false,""
2024-04-19T16:00:00.000000,France,France,FR,5.77,21.16,98.78,39.71,opendata.reseaux-energies.fr,false,""
2024-04-19T17:00:00.000000,France,France,FR,5.47,19.43,98.81,34.19,opendata.reseaux-energies.fr,false,""
2024-04-19T18:00:00.000000,France,France,FR,4.25,16.89,99.05,31.61,opendata.reseaux-energies.fr,false,""
2024-04-19T19:00:00.000000,France,France,FR,4.04,16.44,99.1,31.48,opendata.reseaux-energies.fr,false,""
2024-04-19T20:00:00.000000,France,France,FR,3.95,16.32,99.13,31.13,opendata.reseaux-energies.fr,false,""
2024-04-19T21:00:00.000000,France,France,FR,5.41,18.11,98.83,30.63,opendata.reseaux-energies.fr,false,""
2024-04-19T22:00:00.000000,France,France,FR,4.83,17.37,98.94,28.54,opendata.reseaux-energies.fr,false,""
2024-04-19T23:00:00.000000,France,France,FR,4.38,16.95,99.04,27.55,opendata.reseaux-energies.fr,false,""
2024-04-20T00:00:00.000000,France,France,FR,5.06,17.93,98.9,27.9,opendata.reseaux-energies.fr,false,""
2024-04-20T01:00:00.000000,France,France,FR,5.38,18.47,98.85,28.29,opendata.reseaux-energies.fr,false,""
2024-04-20T02:00:00.000000,France,France,FR,5.69,18.97,98.78,28.44,opendata.reseaux-energies.fr,false,""
2024-04-20T03:00:00.000000,France,France,FR,6.05,19.44,98.73,28.78,opendata.reseaux-energies.fr,false,""
2024-04-20T04:00:00.000000,France,France,FR,5.9,19.21,98.76,29.16,opendata.reseaux-energies.fr,false,""
2024-04-20T05:00:00.000000,France,France,FR,6.4,19.86,98.66,29.4,opendata.reseaux-energies.fr,false,""
2024-04-20T06:00:00.000000,France,France,FR,6.11,20.12,98.74,31.71,opendata.reseaux-energies.fr,false,""
2024-04-20T07:00:00.000000,France,France,FR,5.32,20.42,98.9,35.79,opendata.reseaux-energies.fr,false,""
2024-04-20T08:00:00.000000,France,France,FR,4.74,20.96,99.02,41.07,opendata.reseaux-energies.fr,false,""
2024-04-20T09:00:00.000000,France,France,FR,4.81,22.0,99.01,44.55,opendata.reseaux-energies.fr,false,""
2024-04-20T10:00:00.000000,France,France,FR,4.8,22.45,99.01,45.91,opendata.reseaux-energies.fr,false,""
2024-04-20T11:00:00.000000,France,France,FR,4.55,22.45,99.06,47.24,opendata.reseaux-energies.fr,false,""
2024-04-20T12:00:00.000000,France,France,FR,3.68,21.55,99.22,47.15,opendata.reseaux-energies.fr,false,""
2024-04-20T13:00:00.000000,France,France,FR,4.92,22.4,98.98,42.75,opendata.reseaux-energies.fr,false,""
2024-04-20T14:00:00.000000,France,France,FR,5.19,22.46,98.92,40.33,opendata.reseaux-energies.fr,false,""
2024-04-20T15:00:00.000000,France,France,FR,5.58,22.45,98.85,38.65,opendata.reseaux-energies.fr,false,""
2024-04-20T16:00:00.000000,France,France,FR,5.74,21.84,98.83,38.81,opendata.reseaux-energies.fr,false,""
2024-04-20T17:00:00.000000,France,France,FR,5.8,20.55,98.8,35.07,opendata.reseaux-energies.fr,false,""
2024-04-20T18:00:00.000000,France,France,FR,6.62,20.36,98.61,31.42,opendata.reseaux-energies.fr,false,""
2024-04-20T19:00:00.000000,France,France,FR,6.8,20.18,98.57,30.66,opendata.reseaux-energies.fr,false,""
2024-04-20T20:00:00.000000,France,France,FR,6.79,20.15,98.57,31.03,opendata.reseaux-energies.fr,false,""
2024-04-20T21:00:00.000000,France,France,FR,6.76,20.07,98.58,31.52,opendata.reseaux-energies.fr,false,""
2024-04-20T22:00:00.000000,France,France,FR,6.89,20.21,98.54,30.35,opendata.reseaux-energies.fr,false,""
2024-04-20T23:00:00.000000,France,France,FR,6.84,20.23,98.55,28.21,opendata.reseaux-energies.fr,false,""
2024-04-21T00:00:00.000000,France,France,FR,7.08,20.61,98.51,27.48,opendata.reseaux-energies.fr,false,""
2024-04-21T01:00:00.000000,France,France,FR,7.45,21.25,98.43,27.4,opendata.reseaux-energies.fr,false,""
2024-04-21T02:00:00.000000,France,France,FR,7.62,21.44,98.4,26.85,opendata.reseaux-energies.fr,false,""
2024-04-21T03:00:00.000000,France,France,FR,7.57,21.36,98.41,26.54,opendata.reseaux-energies.fr,false,""
2024-04-21T04:00:00.000000,France,France,FR,7.45,21.2,98.43,26.56,opendata.reseaux-energies.fr,false,""
2024-04-21T05:00:00.000000,France,France,FR,7.55,21.35,98.42,27.07,opendata.reseaux-energies.fr,false,""
2024-04-21T06:00:00.000000,France,France,FR,7.43,22.05,98.44,29.51,opendata.reseaux-energies.fr,false,""
2024-04-21T07:00:00.000000,France,France,FR,6.57,22.39,98.62,35.22,opendata.reseaux-energies.fr,false,""
2024-04-21T08:00:00.000000,France,France,FR,5.27,22.0,98.89,41.82,opendata.reseaux-energies.fr,false,""
2024-04-21T09:00:00.000000,France,France,FR,6.19,23.35,98.71,40.62,opendata.reseaux-energies.fr,false,""
2024-04-21T10:00:00.000000,France,France,FR,6.06,23.43,98.72,41.02,opendata.reseaux-energies.fr,false,""
2024-04-21T11:00:00.000000,France,France,FR,5.63,23.17,98.78,41.29,opendata.reseaux-energies.fr,false,""
2024-04-21T12:00:00.000000,France,France,FR,4.85,22.41,98.94,42.21,opendata.reseaux-energies.fr,false,""
2024-04-21T13:00:00.000000,France,France,FR,4.35,21.65,99.05,41.87,opendata.reseaux-energies.fr,false,""
2024-04-21T14:00:00.000000,France,France,FR,5.13,22.53,98.93,42.05,opendata.reseaux-energies.fr,false,""
2024-04-21T15:00:00.000000,France,France,FR,5.78,22.61,98.81,40.09,opendata.reseaux-energies.fr,false,""
2024-04-21T16:00:00.000000,France,France,FR,5.68,21.66,98.83,40.78,opendata.reseaux-energies.fr,false,""
2024-04-21T17:00:00.000000,France,France,FR,5.57,20.31,98.85,39.21,opendata.reseaux-energies.fr,false,""
2024-04-21T18:00:00.000000,France,France,FR,6.46,20.13,98.64,34.24,opendata.reseaux-energies.fr,false,""
2024-04-21T19:00:00.000000,France,France,FR,6.38,19.56,98.65,32.87,opendata.reseaux-energies.fr,false,""
2024-04-21T20:00:00.000000,France,France,FR,6.09,19.15,98.72,32.29,opendata.reseaux-energies.fr,false,""
2024-04-21T21:00:00.000000,France,France,FR,6.11,19.09,98.71,31.77,opendata.reseaux-energies.fr,false,""
2024-04-21T22:00:00.000000,France,France,FR,7.05,19.68,98.51,30.25,opendata.reseaux-energies.fr,false,""
2024-04-21T23:00:00.000000,France,France,FR,8.06,20.36,98.31,28.19,opendata.reseaux-energies.fr,false,""
2024-04-22T00:00:00.000000,France,France,FR,8.25,20.6,98.27,27.58,opendata.reseaux-energies.fr,false,""
2024-04-22T01:00:00.000000,France,France,FR,8.62,21.06,98.17,26.78,opendata.reseaux-energies.fr,false,""
2024-04-22T02:00:00.000000,France,France,FR,9.02,21.58,98.07,26.49,opendata.reseaux-energies.fr,false,""
2024-04-22T03:00:00.000000,France,France,FR,9.86,22.62,97.82,26.89,opendata.reseaux-energies.fr,false,""
2024-04-22T04:00:00.000000,France,France,FR,10.6,23.55,97.51,27.45,opendata.reseaux-energies.fr,false,""
2024-04-22T05:00:00.000000,France,France,FR,11.61,24.94,97.17,27.75,opendata.reseaux-energies.fr,false,""
2024-04-22T06:00:00.000000,France,France,FR,12.0,26.01,97.07,29.08,opendata.reseaux-energies.fr,false,""
2024-04-22T07:00:00.000000,France,France,FR,11.02,25.87,97.3,31.54,opendata.reseaux-energies.fr,false,""
2024-04-22T08:00:00.000000,France,France,FR,7.04,21.78,98.4,34.57,opendata.reseaux-energies.fr,false,""
2024-04-22T09:00:00.000000,France,France,FR,5.22,20.0,98.9,37.11,opendata.reseaux-energies.fr,false,""
2024-04-22T10:00:00.000000,France,France,FR,7.47,22.94,98.54,37.82,opendata.reseaux-energies.fr,false,""
2024-04-22T11:00:00.000000,France,France,FR,11.48,27.86,97.84,36.7,opendata.reseaux-energies.fr,false,""
2024-04-22T12:00:00.000000,France,France,FR,11.64,27.87,97.79,35.57,opendata.reseaux-energies.fr,false,""
2024-04-22T13:00:00.000000,France,France,FR,6.8,21.45,98.48,34.52,opendata.reseaux-energies.fr,false,""
2024-04-22T14:00:00.000000,France,France,FR,5.54,19.61,98.8,34.4,opendata.reseaux-energies.fr,false,""
2024-04-22T15:00:00.000000,France,France,FR,6.1,19.9,98.65,33.28,opendata.reseaux-energies.fr,false,""
2024-04-22T16:00:00.000000,France,France,FR,9.19,23.25,97.85,31.78,opendata.reseaux-energies.fr,false,""
2024-04-22T17:00:00.000000,France,France,FR,12.1,26.15,97.09,30.32,opendata.reseaux-energies.fr,false,""
2024-04-22T18:00:00.000000,France,France,FR,14.9,29.14,96.35,28.63,opendata.reseaux-energies.fr,false,""
2024-04-22T19:00:00.000000,France,France,FR,16.32,30.69,95.98,27.23,opendata.reseaux-energies.fr,false,""
2024-04-22T20:00:00.000000,France,France,FR,15.36,29.41,96.24,26.61,opendata.reseaux-energies.fr,false,""
2024-04-22T21:00:00.000000,France,France,FR,14.26,27.97,96.53,26.17,opendata.reseaux-energies.fr,false,""
2024-04-22T22:00:00.000000,France,France,FR,12.77,27.34,96.88,26.99,opendata.reseaux-energies.fr,false,""
2024-04-22T23:00:00.000000,France,France,FR,9.3,23.0,97.83,26.21,opendata.reseaux-energies.fr,false,""
2024-04-23T00:00:00.000000,France,France,FR,6.94,19.94,98.5,26.34,opendata.reseaux-energies.fr,false,""
2024-04-23T01:00:00.000000,France,France,FR,7.99,21.42,98.22,26.13,opendata.reseaux-energies.fr,false,""
2024-04-23T02:00:00.000000,France,France,FR,9.61,23.51,97.77,25.81,opendata.reseaux-energies.fr,false,""
2024-04-23T03:00:00.000000,France,France,FR,11.7,26.14,97.2,25.84,opendata.reseaux-energies.fr,false,""
2024-04-23T04:00:00.000000,France,France,FR,19.22,35.8,95.11,26.07,opendata.reseaux-energies.fr,false,""
2024-04-23T05:00:00.000000,France,France,FR,24.67,42.8,93.59,26.44,opendata.reseaux-energies.fr,false,""
2024-04-23T06:00:00.000000,France,France,FR,24.72,43.26,93.57,27.11,opendata.reseaux-energies.fr,false,""
2024-04-23T07:00:00.000000,France,France,FR,23.59,42.89,93.87,28.97,opendata.reseaux-energies.fr,false,""
2024-04-23T08:00:00.000000,France,France,FR,17.01,35.47,95.68,32.61,opendata.reseaux-energies.fr,false,""
2024-04-23T09:00:00.000000,France,France,FR,12.0,29.56,97.08,35.47,opendata.reseaux-energies.fr,false,""
2024-04-23T10:00:00.000000,France,France,FR,7.29,23.51,98.38,36.11,opendata.reseaux-energies.fr,false,""
2024-04-23T11:00:00.000000,France,France,FR,7.31,23.58,98.36,36.02,opendata.reseaux-energies.fr,false,""
2024-04-23T12:00:00.000000,France,France,FR,7.46,23.83,98.32,35.56,opendata.reseaux-energies.fr,false,""
2024-04-23T13:00:00.000000,France,France,FR,6.98,23.17,98.45,35.39,opendata.reseaux-energies.fr,false,""
2024-04-23T14:00:00.000000,France,France,FR,7.53,23.73,98.3,35.34,opendata.reseaux-energies.fr,false,""
2024-04-23T15:00:00.000000,France,France,FR,8.37,24.41,98.07,34.37,opendata.reseaux-energies.fr,false,""
2024-04-23T16:00:00.000000,France,France,FR,10.13,25.93,97.6,32.36,opendata.reseaux-energies.fr,false,""
2024-04-23T17:00:00.000000,France,France,FR,16.91,33.75,95.77,30.41,opendata.reseaux-energies.fr,false,""
2024-04-23T18:00:00.000000,France,France,FR,19.4,36.16,95.08,27.17,opendata.reseaux-energies.fr,false,""
2024-04-23T19:00:00.000000,France,France,FR,20.03,36.73,94.91,26.27,opendata.reseaux-energies.fr,false,""
2024-04-23T20:00:00.000000,France,France,FR,19.58,36.19,95.03,26.36,opendata.reseaux-energies.fr,false,""
2024-04-23T21:00:00.000000,France,France,FR,18.63,35.03,95.31,26.25,opendata.reseaux-energies.fr,false,""
2024-04-23T22:00:00.000000,France,France,FR,17.63,33.75,95.58,26.15,opendata.reseaux-energies.fr,false,""
2024-04-23T23:00:00.000000,France,France,FR,9.56,23.3,97.83,26.19,opendata.reseaux-energies.fr,false,""
2024-04-24T00:00:00.000000,France,France,FR,9.8,23.65,97.76,26.12,opendata.reseaux-energies.fr,false,""
2024-04-24T01:00:00.000000,France,France,FR,9.66,23.54,97.81,25.62,opendata.reseaux-energies.fr,false,""
2024-04-24T02:00:00.000000,France,France,FR,9.33,23.11,97.9,25.97,opendata.reseaux-energies.fr,false,""
2024-04-24T03:00:00.000000,France,France,FR,10.63,24.82,97.53,25.71,opendata.reseaux-energies.fr,false,""
2024-04-24T04:00:00.000000,France,France,FR,13.21,28.07,96.76,25.36,opendata.reseaux-energies.fr,false,""
2024-04-24T05:00:00.000000,France,France,FR,17.52,33.62,95.54,26.68,opendata.reseaux-energies.fr,false,""
2024-04-24T06:00:00.000000,France,France,FR,19.0,35.78,95.14,28.13,opendata.reseaux-energies.fr,false,""
2024-04-24T07:00:00.000000,France,France,FR,19.69,37.32,95.05,29.79,opendata.reseaux-energies.fr,false,""
2024-04-24T08:00:00.000000,France,France,FR,17.35,34.94,95.78,32.28,opendata.reseaux-energies.fr,false,""
2024-04-24T09:00:00.000000,France,France,FR,13.04,29.92,96.76,34.04,opendata.reseaux-energies.fr,false,""
2024-04-24T10:00:00.000000,France,France,FR,11.59,28.43,97.22,35.49,opendata.reseaux-energies.fr,false,""
2024-04-24T11:00:00.000000,France,France,FR,8.05,24.09,98.17,36.48,opendata.reseaux-energies.fr,false,""
2024-04-24T12:00:00.000000,France,France,FR,5.51,20.86,98.85,36.35,opendata.reseaux-energies.fr,false,""
2024-04-24T13:00:00.000000,France,France,FR,5.74,21.07,98.8,36.19,opendata.reseaux-energies.fr,false,""
2024-04-24T14:00:00.000000,France,France,FR,5.07,19.87,98.95,34.63,opendata.reseaux-energies.fr,false,""
2024-04-24T15:00:00.000000,France,France,FR,5.05,19.4,98.94,33.28,opendata.reseaux-energies.fr,false,""
2024-04-24T16:00:00.000000,France,France,FR,7.5,22.0,98.31,31.31,opendata.reseaux-energies.fr,false,""
2024-04-24T17:00:00.000000,France,France,FR,27.58,47.12,94.31,28.47,opendata.reseaux-energies.fr,false,""
2024-04-24T18:00:00.000000,France,France,FR,28.58,47.93,93.63,26.26,opendata.reseaux-energies.fr,false,""
2024-04-24T19:00:00.000000,France,France,FR,21.6,38.71,94.62,25.59,opendata.reseaux-energies.fr,false,""
2024-04-24T20:00:00.000000,France,France,FR,20.62,37.44,94.8,24.84,opendata.reseaux-energies.fr,false,""
2024-04-24T21:00:00.000000,France,France,FR,20.34,37.12,94.85,24.14,opendata.reseaux-energies.fr,false,""
2024-04-24T22:00:00.000000,France,France,FR,19.42,35.93,95.11,22.79,opendata.reseaux-energies.fr,false,""
2024-04-24T23:00:00.000000,France,France,FR,17.74,33.77,95.57,21.64,opendata.reseaux-energies.fr,false,""
2024-04-25T00:00:00.000000,France,France,FR,14.07,29.01,96.6,21.15,opendata.reseaux-energies.fr,false,""
2024-04-25T01:00:00.000000,France,France,FR,13.48,28.28,96.77,20.23,opendata.reseaux-energies.fr,false,""
2024-04-25T02:00:00.000000,France,France,FR,14.42,29.53,96.52,19.51,opendata.reseaux-energies.fr,false,""
2024-04-25T03:00:00.000000,France,France,FR,16.15,31.71,96.05,19.37,opendata.reseaux-energies.fr,false,""
2024-04-25T04:00:00.000000,France,France,FR,19.32,35.76,95.16,20.19,opendata.reseaux-energies.fr,false,""
2024-04-25T05:00:00.000000,France,France,FR,26.23,44.82,93.21,21.3,opendata.reseaux-energies.fr,false,""
2024-04-25T06:00:00.000000,France,France,FR,27.56,47.07,92.87,24.01,opendata.reseaux-energies.fr,false,""
2024-04-25T07:00:00.000000,France,France,FR,25.6,45.24,93.36,25.79,opendata.reseaux-energies.fr,false,""
2024-04-25T08:00:00.000000,France,France,FR,22.51,42.1,94.17,28.4,opendata.reseaux-energies.fr,false,""
2024-04-25T09:00:00.000000,France,France,FR,15.23,33.16,96.18,30.85,opendata.reseaux-energies.fr,false,""
2024-04-25T10:00:00.000000,France,France,FR,9.91,26.49,97.67,32.03,opendata.reseaux-energies.fr,false,""
2024-04-25T11:00:00.000000,France,France,FR,9.91,26.66,97.65,32.15,opendata.reseaux-energies.fr,false,""
2024-04-25T12:00:00.000000,France,France,FR,9.6,26.33,97.71,31.85,opendata.reseaux-energies.fr,false,""
2024-04-25T13:00:00.000000,France,France,FR,7.64,23.75,98.25,32.04,opendata.reseaux-energies.fr,false,""
2024-04-25T14:00:00.000000,France,France,FR,7.61,23.46,98.24,30.86,opendata.reseaux-energies.fr,false,""
2024-04-25T15:00:00.000000,France,France,FR,8.25,23.79,98.08,29.23,opendata.reseaux-energies.fr,false,""
2024-04-25T16:00:00.000000,France,France,FR,13.31,29.63,96.68,26.36,opendata.reseaux-energies.fr,false,""
2024-04-25T17:00:00.000000,France,France,FR,17.59,34.4,95.56,25.3,opendata.reseaux-energies.fr,false,""
2024-04-25T18:00:00.000000,France,France,FR,21.88,39.37,94.38,23.59,opendata.reseaux-energies.fr,false,""
2024-04-25T19:00:00.000000,France,France,FR,21.26,38.45,94.4,22.3,opendata.reseaux-energies.fr,false,""
2024-04-25T20:00:00.000000,France,France,FR,21.31,38.56,94.37,21.48,opendata.reseaux-energies.fr,false,""
2024-04-25T21:00:00.000000,France,France,FR,23.61,41.55,93.9,22.52,opendata.reseaux-energies.fr,false,""
2024-04-25T22:00:00.000000,France,France,FR,22.82,40.55,94.13,22.1,opendata.reseaux-energies.fr,false,""
2024-04-25T23:00:00.000000,France,France,FR,19.02,35.69,95.22,22.07,opendata.reseaux-energies.fr,false,""
2024-04-26T00:00:00.000000,France,France,FR,19.71,36.62,95.08,21.91,opendata.reseaux-energies.fr,false,""
2024-04-26T01:00:00.000000,France,France,FR,18.89,35.63,95.29,21.12,opendata.reseaux-energies.fr,false,""
2024-04-26T02:00:00.000000,France,France,FR,20.92,38.24,94.75,20.74,opendata.reseaux-energies.fr,false,""
2024-04-26T03:00:00.000000,France,France,FR,21.49,38.93,94.59,21.01,opendata.reseaux-energies.fr,false,""
2024-04-26T04:00:00.000000,France,France,FR,21.14,38.41,94.66,22.01,opendata.reseaux-energies.fr,false,""
2024-04-26T05:00:00.000000,France,France,FR,20.71,37.99,94.6,23.14,opendata.reseaux-energies.fr,false,""
2024-04-26T06:00:00.000000,France,France,FR,19.97,37.6,94.76,25.37,opendata.reseaux-energies.fr,false,""
2024-04-26T07:00:00.000000,France,France,FR,20.58,38.79,94.71,26.28,opendata.reseaux-energies.fr,false,""
2024-04-26T08:00:00.000000,France,France,FR,16.89,34.81,95.75,28.12,opendata.reseaux-energies.fr,false,""
2024-04-26T09:00:00.000000,France,France,FR,10.8,27.53,97.47,29.77,opendata.reseaux-energies.fr,false,""
2024-04-26T10:00:00.000000,France,France,FR,9.7,26.39,97.78,31.22,opendata.reseaux-energies.fr,false,""
2024-04-26T11:00:00.000000,France,France,FR,9.05,25.71,97.94,32.66,opendata.reseaux-energies.fr,false,""
2024-04-26T12:00:00.000000,France,France,FR,8.49,25.04,98.08,32.63,opendata.reseaux-energies.fr,false,""
2024-04-26T13:00:00.000000,France,France,FR,8.63,25.24,98.06,32.5,opendata.reseaux-energies.fr,false,""
2024-04-26T14:00:00.000000,France,France,FR,9.36,25.94,97.86,31.66,opendata.reseaux-energies.fr,false,""
2024-04-26T15:00:00.000000,France,France,FR,9.38,25.46,97.83,30.19,opendata.reseaux-energies.fr,false,""
2024-04-26T16:00:00.000000,France,France,FR,14.8,31.75,96.37,28.53,opendata.reseaux-energies.fr,false,""
2024-04-26T17:00:00.000000,France,France,FR,21.14,39.27,94.63,27.38,opendata.reseaux-energies.fr,false,""
2024-04-26T18:00:00.000000,France,France,FR,23.04,41.22,94.14,26.19,opendata.reseaux-energies.fr,false,""
2024-04-26T19:00:00.000000,France,France,FR,22.48,40.29,94.23,25.2,opendata.reseaux-energies.fr,false,""
2024-04-26T20:00:00.000000,France,France,FR,22.84,40.81,94.17,26.17,opendata.reseaux-energies.fr,false,""
2024-04-26T21:00:00.000000,France,France,FR,22.75,40.87,94.19,27.33,opendata.reseaux-energies.fr,false,""
2024-04-26T22:00:00.000000,France,France,FR,22.09,40.23,94.43,28.4,opendata.reseaux-energies.fr,false,""
2024-04-26T23:00:00.000000,France,France,FR,20.98,38.96,94.95,28.54,opendata.reseaux-energies.fr,false,""
2024-04-27T00:00:00.000000,France,France,FR,18.14,35.47,95.45,28.91,opendata.reseaux-energies.fr,false,""
2024-04-27T01:00:00.000000,France,France,FR,10.98,26.26,97.44,28.99,opendata.reseaux-energies.fr,false,""
2024-04-27T02:00:00.000000,France,France,FR,8.98,23.68,98.0,27.42,opendata.reseaux-energies.fr,false,""
2024-04-27T03:00:00.000000,France,France,FR,9.16,23.83,97.95,26.63,opendata.reseaux-energies.fr,false,""
2024-04-27T04:00:00.000000,France,France,FR,9.13,23.74,97.96,27.16,opendata.reseaux-energies.fr,false,""
2024-04-27T05:00:00.000000,France,France,FR,9.06,23.65,97.99,27.79,opendata.reseaux-energies.fr,false,""
2024-04-27T06:00:00.000000,France,France,FR,8.92,23.86,98.02,29.33,opendata.reseaux-energies.fr,false,""
2024-04-27T07:00:00.000000,France,France,FR,7.76,23.06,98.28,31.55,opendata.reseaux-energies.fr,false,""
2024-04-27T08:00:00.000000,France,France,FR,5.81,21.3,98.77,33.83,opendata.reseaux-energies.fr,false,""
2024-04-27T09:00:00.000000,France,France,FR,6.76,23.46,98.61,37.49,opendata.reseaux-energies.fr,false,""
2024-04-27T10:00:00.000000,France,France,FR,11.28,30.61,97.88,43.03,opendata.reseaux-energies.fr,false,""
2024-04-27T11:00:00.000000,France,France,FR,11.26,31.06,97.89,45.12,opendata.reseaux-energies.fr,false,""
2024-04-27T12:00:00.000000,France,France,FR,10.78,30.68,97.96,46.97,opendata.reseaux-energies.fr,false,""
2024-04-27T13:00:00.000000,France,France,FR,7.18,25.44,98.52,45.41,opendata.reseaux-energies.fr,false,""
2024-04-27T14:00:00.000000,France,France,FR,6.08,23.17,98.73,42.77,opendata.reseaux-energies.fr,false,""
2024-04-27T15:00:00.000000,France,France,FR,6.0,22.19,98.75,39.53,opendata.reseaux-energies.fr,false,""
2024-04-27T16:00:00.000000,France,France,FR,7.5,23.09,98.46,34.83,opendata.reseaux-energies.fr,false,""
2024-04-27T17:00:00.000000,France,France,FR,16.68,34.12,97.14,32.18,opendata.reseaux-energies.fr,false,""
2024-04-27T18:00:00.000000,France,France,FR,21.69,40.0,96.5,31.05,opendata.reseaux-energies.fr,false,""
2024-04-27T19:00:00.000000,France,France,FR,16.28,32.88,97.35,32.19,opendata.reseaux-energies.fr,false,""
2024-04-27T20:00:00.000000,France,France,FR,7.29,21.35,98.67,33.03,opendata.reseaux-energies.fr,false,""
2024-04-27T21:00:00.000000,France,France,FR,5.18,18.56,98.88,33.39,opendata.reseaux-energies.fr,false,""
2024-04-27T22:00:00.000000,France,France,FR,4.11,17.25,99.1,33.6,opendata.reseaux-energies.fr,false,""
2024-04-27T23:00:00.000000,France,France,FR,3.78,16.89,99.18,32.77,opendata.reseaux-energies.fr,false,""
2024-04-28T00:00:00.000000,France,France,FR,3.79,16.94,99.17,32.9,opendata.reseaux-energies.fr,false,""
2024-04-28T01:00:00.000000,France,France,FR,3.9,17.22,99.15,33.48,opendata.reseaux-energies.fr,false,""
2024-04-28T02:00:00.000000,France,France,FR,3.96,17.46,99.14,33.64,opendata.reseaux-energies.fr,false,""
2024-04-28T03:00:00.000000,France,France,FR,4.04,17.63,99.12,34.0,opendata.reseaux-energies.fr,false,""
2024-04-28T04:00:00.000000,France,France,FR,4.09,17.65,99.1,33.94,opendata.reseaux-energies.fr,false,""
2024-04-28T05:00:00.000000,France,France,FR,4.12,17.83,99.09,34.92,opendata.reseaux-energies.fr,false,""
2024-04-28T06:00:00.000000,France,France,FR,6.48,21.14,98.59,31.37,opendata.reseaux-energies.fr,false,""
2024-04-28T07:00:00.000000,France,France,FR,11.56,28.88,97.68,35.97,opendata.reseaux-energies.fr,false,""
2024-04-28T08:00:00.000000,France,France,FR,12.27,30.76,97.6,39.74,opendata.reseaux-energies.fr,false,""
2024-04-28T09:00:00.000000,France,France,FR,13.31,32.74,97.48,41.76,opendata.reseaux-energies.fr,false,""
2024-04-28T10:00:00.000000,France,France,FR,12.99,32.75,97.57,42.77,opendata.reseaux-energies.fr,false,""
2024-04-28T11:00:00.000000,France,France,FR,13.43,33.61,97.53,44.09,opendata.reseaux-energies.fr,false,""
2024-04-28T12:00:00.000000,France,France,FR,12.91,33.17,97.62,44.06,opendata.reseaux-energies.fr,false,""
2024-04-28T13:00:00.000000,France,France,FR,11.84,31.51,97.79,41.79,opendata.reseaux-energies.fr,false,""
2024-04-28T14:00:00.000000,France,France,FR,8.48,26.21,98.3,35.91,opendata.reseaux-energies.fr,false,""
2024-04-28T15:00:00.000000,France,France,FR,5.88,21.87,98.74,31.27,opendata.reseaux-energies.fr,false,""
2024-04-28T16:00:00.000000,France,France,FR,6.57,22.01,98.61,29.84,opendata.reseaux-energies.fr,false,""
2024-04-28T17:00:00.000000,France,France,FR,6.87,21.67,98.54,29.35,opendata.reseaux-energies.fr,false,""
2024-04-28T18:00:00.000000,France,France,FR,7.27,21.32,98.43,28.14,opendata.reseaux-energies.fr,false,""
2024-04-28T19:00:00.000000,France,France,FR,6.5,19.97,98.59,27.61,opendata.reseaux-energies.fr,false,""
2024-04-28T20:00:00.000000,France,France,FR,7.57,21.3,98.36,28.16,opendata.reseaux-energies.fr,false,""
2024-04-28T21:00:00.000000,France,France,FR,8.14,22.0,98.25,27.8,opendata.reseaux-energies.fr,false,""
2024-04-28T22:00:00.000000,France,France,FR,8.85,22.95,98.07,27.06,opendata.reseaux-energies.fr,false,""
2024-04-28T23:00:00.000000,France,France,FR,8.45,22.49,98.15,25.55,opendata.reseaux-energies.fr,false,""
2024-04-29T00:00:00.000000,France,France,FR,9.68,23.95,97.76,24.07,opendata.reseaux-energies.fr,false,""
2024-04-29T01:00:00.000000,France,France,FR,9.64,24.01,97.74,23.33,opendata.reseaux-energies.fr,false,""
2024-04-29T02:00:00.000000,France,France,FR,8.02,21.92,98.1,22.5,opendata.reseaux-energies.fr,false,""
2024-04-29T03:00:00.000000,France,France,FR,7.43,21.03,98.21,22.59,opendata.reseaux-energies.fr,false,""
2024-04-29T04:00:00.000000,France,France,FR,8.8,22.6,97.9,24.46,opendata.reseaux-energies.fr,false,""
2024-04-29T05:00:00.000000,France,France,FR,11.32,25.71,97.33,26.09,opendata.reseaux-energies.fr,false,""
2024-04-29T06:00:00.000000,France,France,FR,12.63,27.73,97.0,27.97,opendata.reseaux-energies.fr,false,""
2024-04-29T07:00:00.000000,France,France,FR,11.39,26.81,97.3,29.38,opendata.reseaux-energies.fr,false,""
2024-04-29T08:00:00.000000,France,France,FR,12.38,28.88,97.04,31.05,opendata.reseaux-energies.fr,false,""
2024-04-29T09:00:00.000000,France,France,FR,10.58,27.24,97.56,31.79,opendata.reseaux-energies.fr,false,""
2024-04-29T10:00:00.000000,France,France,FR,8.13,24.51,98.19,33.36,opendata.reseaux-energies.fr,false,""
2024-04-29T11:00:00.000000,France,France,FR,7.11,23.2,98.39,33.7,opendata.reseaux-energies.fr,false,""
2024-04-29T12:00:00.000000,France,France,FR,7.03,23.05,98.37,33.3,opendata.reseaux-energies.fr,false,""
2024-04-29T13:00:00.000000,France,France,FR,6.05,21.63,98.55,32.81,opendata.reseaux-energies.fr,false,""
2024-04-29T14:00:00.000000,France,France,FR,6.54,22.07,98.46,32.37,opendata.reseaux-energies.fr,false,""
2024-04-29T15:00:00.000000,France,France,FR,8.15,23.73,98.15,31.56,opendata.reseaux-energies.fr,false,""
2024-04-29T16:00:00.000000,France,France,FR,8.91,24.18,97.98,30.28,opendata.reseaux-energies.fr,false,""
2024-04-29T17:00:00.000000,France,France,FR,10.42,25.42,97.57,28.89,opendata.reseaux-energies.fr,false,""
2024-04-29T18:00:00.000000,France,France,FR,8.19,22.04,98.05,27.03,opendata.reseaux-energies.fr,false,""
2024-04-29T19:00:00.000000,France,France,FR,6.55,19.82,98.43,26.57,opendata.reseaux-energies.fr,false,""
2024-04-29T20:00:00.000000,France,France,FR,6.23,19.41,98.52,26.7,opendata.reseaux-energies.fr,false,""
2024-04-29T21:00:00.000000,France,France,FR,7.19,20.59,98.31,26.87,opendata.reseaux-energies.fr,false,""
2024-04-29T22:00:00.000000,France,France,FR,7.04,20.52,98.32,26.33,opendata.reseaux-energies.fr,false,""
2024-04-29T23:00:00.000000,France,France,FR,6.08,19.45,98.55,26.08,opendata.reseaux-energies.fr,false,""
2024-04-30T00:00:00.000000,France,France,FR,5.94,19.3,98.58,25.59,opendata.reseaux-energies.fr,false,""
2024-04-30T01:00:00.000000,France,France,FR,6.66,20.4,98.39,24.67,opendata.reseaux-energies.fr,false,""
2024-04-30T02:00:00.000000,France,France,FR,7.2,21.01,98.24,23.86,opendata.reseaux-energies.fr,false,""
2024-04-30T03:00:00.000000,France,France,FR,7.18,20.86,98.25,23.39,opendata.reseaux-energies.fr,false,""
2024-04-30T04:00:00.000000,France,France,FR,6.71,20.15,98.4,24.38,opendata.reseaux-energies.fr,false,""
2024-04-30T05:00:00.000000,France,France,FR,7.96,21.6,98.11,27.32,opendata.reseaux-energies.fr,false,""
2024-04-30T06:00:00.000000,France,France,FR,9.05,23.23,97.9,29.77,opendata.reseaux-energies.fr,false,""
2024-04-30T07:00:00.000000,France,France,FR,9.07,23.9,97.89,30.96,opendata.reseaux-energies.fr,false,""
2024-04-30T08:00:00.000000,France,France,FR,7.8,23.03,98.2,32.34,opendata.reseaux-energies.fr,false,""
2024-04-30T09:00:00.000000,France,France,FR,5.48,20.7,98.78,33.74,opendata.reseaux-energies.fr,false,""
2024-04-30T10:00:00.000000,France,France,FR,3.81,18.93,99.17,34.18,opendata.reseaux-energies.fr,false,""
2024-04-30T11:00:00.000000,France,France,FR,3.68,19.05,99.19,34.89,opendata.reseaux-energies.fr,false,""
2024-04-30T12:00:00.000000,France,France,FR,3.67,19.18,99.19,34.67,opendata.reseaux-energies.fr,false,""
2024-04-30T13:00:00.000000,France,France,FR,3.87,19.39,99.14,34.54,opendata.reseaux-energies.fr,false,""
2024-04-30T14:00:00.000000,France,France,FR,5.39,21.07,98.86,34.7,opendata.reseaux-energies.fr,false,""
2024-04-30T15:00:00.000000,France,France,FR,6.24,21.74,98.68,34.23,opendata.reseaux-energies.fr,false,""
2024-04-30T16:00:00.000000,France,France,FR,6.21,21.09,98.66,32.39,opendata.reseaux-energies.fr,false,""
2024-04-30T17:00:00.000000,France,France,FR,6.36,20.54,98.61,30.2,opendata.reseaux-energies.fr,false,""
2024-04-30T18:00:00.000000,France,France,FR,5.12,18.22,98.85,27.45,opendata.reseaux-energies.fr,false,""
2024-04-30T19:00:00.000000,France,France,FR,4.39,17.05,99.02,26.69,opendata.reseaux-energies.fr,false,""
2024-04-30T20:00:00.000000,France,France,FR,5.82,18.89,98.73,27.34,opendata.reseaux-energies.fr,false,""
2024-04-30T21:00:00.000000,France,France,FR,6.95,20.39,98.49,26.96,opendata.reseaux-energies.fr,false,""
2024-04-30T22:00:00.000000,France,France,FR,7.14,20.78,98.48,26.42,opendata.reseaux-energies.fr,false,""
2024-04-30T23:00:00.000000,France,France,FR,6.81,20.61,98.57,26.24,opendata.reseaux-energies.fr,false,""
2024-05-01T00:00:00.000000,France,France,FR,7.37,21.36,98.43,24.7,opendata.reseaux-energies.fr,false,""
2024-05-01T01:00:00.000000,France,France,FR,6.54,20.37,98.6,23.35,opendata.reseaux-energies.fr,false,""
2024-05-01T02:00:00.000000,France,France,FR,4.91,18.46,98.94,22.85,opendata.reseaux-energies.fr,false,""
2024-05-01T03:00:00.000000,France,France,FR,5.22,18.91,98.88,23.37,opendata.reseaux-energies.fr,false,""
2024-05-01T04:00:00.000000,France,France,FR,5.96,19.81,98.73,24.55,opendata.reseaux-energies.fr,false,""
2024-05-01T05:00:00.000000,France,France,FR,6.66,20.72,98.58,25.19,opendata.reseaux-energies.fr,false,""
2024-05-01T06:00:00.000000,France,France,FR,7.31,21.95,98.43,26.39,opendata.reseaux-energies.fr,false,""
2024-05-01T07:00:00.000000,France,France,FR,7.91,23.5,98.3,28.17,opendata.reseaux-energies.fr,false,""
2024-05-01T08:00:00.000000,France,France,FR,13.79,32.42,97.45,31.18,opendata.reseaux-energies.fr,false,""
2024-05-01T09:00:00.000000,France,France,FR,14.95,35.04,97.16,33.77,opendata.reseaux-energies.fr,false,""
2024-05-01T10:00:00.000000,France,France,FR,15.61,36.49,97.04,36.72,opendata.reseaux-energies.fr,false,""
2024-05-01T11:00:00.000000,France,France,FR,15.86,37.04,97.0,38.15,opendata.reseaux-energies.fr,false,""
2024-05-01T12:00:00.000000,France,France,FR,16.45,37.98,96.87,38.74,opendata.reseaux-energies.fr,false,""
2024-05-01T13:00:00.000000,France,France,FR,15.18,35.78,97.06,36.6,opendata.reseaux-energies.fr,false,""
2024-05-01T14:00:00.000000,France,France,FR,12.99,32.1,97.4,33.78,opendata.reseaux-energies.fr,false,""
2024-05-01T15:00:00.000000,France,France,FR,8.05,24.46,98.27,30.23,opendata.reseaux-energies.fr,false,""
2024-05-01T16:00:00.000000,France,France,FR,6.97,22.22,98.52,32.06,opendata.reseaux-energies.fr,false,""
2024-05-01T17:00:00.000000,France,France,FR,6.55,20.96,98.61,32.25,opendata.reseaux-energies.fr,false,""
2024-05-01T18:00:00.000000,France,France,FR,6.52,20.44,98.62,30.78,opendata.reseaux-energies.fr,false,""
2024-05-01T19:00:00.000000,France,France,FR,4.89,18.13,98.95,29.24,opendata.reseaux-energies.fr,false,""
2024-05-01T20:00:00.000000,France,France,FR,4.22,17.35,99.07,30.49,opendata.reseaux-energies.fr,false,""
2024-05-01T21:00:00.000000,France,France,FR,5.17,18.65,98.89,32.07,opendata.reseaux-energies.fr,false,""
2024-05-01T22:00:00.000000,France,France,FR,4.7,18.2,98.98,32.49,opendata.reseaux-energies.fr,false,""
2024-05-01T23:00:00.000000,France,France,FR,4.45,18.0,99.03,30.52,opendata.reseaux-energies.fr,false,""
2024-05-02T00:00:00.000000,France,France,FR,5.36,19.03,98.82,28.72,opendata.reseaux-energies.fr,false,""
2024-05-02T01:00:00.000000,France,France,FR,5.42,19.29,98.78,28.5,opendata.reseaux-energies.fr,false,""
2024-05-02T02:00:00.000000,France,France,FR,5.22,19.08,98.82,29.53,opendata.reseaux-energies.fr,false,""
2024-05-02T03:00:00.000000,France,France,FR,5.52,19.39,98.76,29.68,opendata.reseaux-energies.fr,false,""
2024-05-02T04:00:00.000000,France,France,FR,5.27,18.76,98.81,30.58,opendata.reseaux-energies.fr,false,""
2024-05-02T05:00:00.000000,France,France,FR,5.33,18.51,98.82,31.19,opendata.reseaux-energies.fr,false,""
2024-05-02T06:00:00.000000,France,France,FR,6.1,19.62,98.69,32.99,opendata.reseaux-energies.fr,false,""
2024-05-02T07:00:00.000000,France,France,FR,5.9,19.94,98.75,35.09,opendata.reseaux-energies.fr,false,""
2024-05-02T08:00:00.000000,France,France,FR,5.29,19.91,98.88,37.09,opendata.reseaux-energies.fr,false,""
2024-05-02T09:00:00.000000,France,France,FR,5.14,20.38,98.94,39.48,opendata.reseaux-energies.fr,false,""
2024-05-02T10:00:00.000000,France,France,FR,5.89,21.91,98.8,42.66,opendata.reseaux-energies.fr,false,""
2024-05-02T11:00:00.000000,France,France,FR,5.32,21.62,98.92,45.59,opendata.reseaux-energies.fr,false,""
2024-05-02T12:00:00.000000,France,France,FR,5.05,21.48,98.98,46.42,opendata.reseaux-energies.fr,false,""
2024-05-02T13:00:00.000000,France,France,FR,4.89,21.32,99.0,47.9,opendata.reseaux-energies.fr,false,""
2024-05-02T14:00:00.000000,France,France,FR,5.31,21.69,98.92,48.66,opendata.reseaux-energies.fr,false,""
2024-05-02T15:00:00.000000,France,France,FR,4.34,19.98,99.09,46.82,opendata.reseaux-energies.fr,false,""
2024-05-02T16:00:00.000000,France,France,FR,4.1,19.01,99.13,44.1,opendata.reseaux-energies.fr,false,""
2024-05-02T17:00:00.000000,France,France,FR,4.06,18.01,99.11,40.79,opendata.reseaux-energies.fr,false,""
2024-05-02T18:00:00.000000,France,France,FR,4.06,17.24,99.1,38.24,opendata.reseaux-energies.fr,false,""
2024-05-02T19:00:00.000000,France,France,FR,4.07,16.95,99.1,36.86,opendata.reseaux-energies.fr,false,""
2024-05-02T20:00:00.000000,France,France,FR,4.01,16.88,99.12,36.06,opendata.reseaux-energies.fr,false,""
2024-05-02T21:00:00.000000,France,France,FR,4.16,17.03,99.08,35.76,opendata.reseaux-energies.fr,false,""
2024-05-02T22:00:00.000000,France,France,FR,4.15,17.12,99.08,35.11,opendata.reseaux-energies.fr,false,""
2024-05-02T23:00:00.000000,France,France,FR,3.99,17.09,99.12,34.82,opendata.reseaux-energies.fr,false,""
2024-05-03T00:00:00.000000,France,France,FR,3.94,17.05,99.14,33.93,opendata.reseaux-energies.fr,false,""
2024-05-03T01:00:00.000000,France,France,FR,4.36,17.65,99.02,33.71,opendata.reseaux-energies.fr,false,""
2024-05-03T02:00:00.000000,France,France,FR,4.34,17.54,99.03,33.41,opendata.reseaux-energies.fr,false,""
2024-05-03T03:00:00.000000,France,France,FR,4.33,17.49,99.03,34.01,opendata.reseaux-energies.fr,false,""
2024-05-03T04:00:00.000000,France,France,FR,4.28,17.26,99.04,33.5,opendata.reseaux-energies.fr,false,""
2024-05-03T05:00:00.000000,France,France,FR,3.8,16.47,99.18,33.7,opendata.reseaux-energies.fr,false,""
2024-05-03T06:00:00.000000,France,France,FR,3.92,17.11,99.14,34.8,opendata.reseaux-energies.fr,false,""
2024-05-03T07:00:00.000000,France,France,FR,4.33,18.72,99.06,37.51,opendata.reseaux-energies.fr,false,""
2024-05-03T08:00:00.000000,France,France,FR,4.63,20.27,99.03,41.59,opendata.reseaux-energies.fr,false,""
2024-05-03T09:00:00.000000,France,France,FR,4.56,20.96,99.05,44.65,opendata.reseaux-energies.fr,false,""
2024-05-03T10:00:00.000000,France,France,FR,4.71,21.47,99.03,46.02,opendata.reseaux-energies.fr,false,""
2024-05-03T11:00:00.000000,France,France,FR,4.79,21.77,99.01,45.97,opendata.reseaux-energies.fr,false,""
2024-05-03T12:00:00.000000,France,France,FR,4.94,22.23,98.98,46.6,opendata.reseaux-energies.fr,false,""
2024-05-03T13:00:00.000000,France,France,FR,5.26,22.74,98.93,45.94,opendata.reseaux-energies.fr,false,""
2024-05-03T14:00:00.000000,France,France,FR,5.43,22.69,98.88,43.35,opendata.reseaux-energies.fr,false,""
2024-05-03T15:00:00.000000,France,France,FR,5.79,22.35,98.79,39.77,opendata.reseaux-energies.fr,false,""
2024-05-03T16:00:00.000000,France,France,FR,5.71,21.18,98.79,35.25,opendata.reseaux-energies.fr,false,""
2024-05-03T17:00:00.000000,France,France,FR,6.46,20.96,98.63,31.06,opendata.reseaux-energies.fr,false,""
2024-05-03T18:00:00.000000,France,France,FR,5.79,19.18,98.76,28.15,opendata.reseaux-energies.fr,false,""
2024-05-03T19:00:00.000000,France,France,FR,4.47,17.17,99.03,26.85,opendata.reseaux-energies.fr,false,""
2024-05-03T20:00:00.000000,France,France,FR,6.44,19.65,98.6,28.04,opendata.reseaux-energies.fr,false,""
2024-05-03T21:00:00.000000,France,France,FR,7.93,21.55,98.29,29.2,opendata.reseaux-energies.fr,false,""
2024-05-03T22:00:00.000000,France,France,FR,7.49,21.08,98.4,29.17,opendata.reseaux-energies.fr,false,""
2024-05-03T23:00:00.000000,France,France,FR,7.16,20.82,98.5,28.68,opendata.reseaux-energies.fr,false,""
2024-05-04T00:00:00.000000,France,France,FR,7.2,20.96,98.48,28.42,opendata.reseaux-energies.fr,false,""
2024-05-04T01:00:00.000000,France,France,FR,7.23,21.07,98.48,26.85,opendata.reseaux-energies.fr,false,""
2024-05-04T02:00:00.000000,France,France,FR,7.29,21.24,98.47,26.02,opendata.reseaux-energies.fr,false,""
2024-05-04T03:00:00.000000,France,France,FR,7.36,21.29,98.46,25.46,opendata.reseaux-energies.fr,false,""
2024-05-04T04:00:00.000000,France,France,FR,7.03,20.71,98.53,26.0,opendata.reseaux-energies.fr,false,""
2024-05-04T05:00:00.000000,France,France,FR,7.27,21.15,98.47,27.93,opendata.reseaux-energies.fr,false,""
2024-05-04T06:00:00.000000,France,France,FR,6.87,21.26,98.55,31.3,opendata.reseaux-energies.fr,false,""
2024-05-04T07:00:00.000000,France,France,FR,6.21,21.38,98.68,34.87,opendata.reseaux-energies.fr,false,""
2024-05-04T08:00:00.000000,France,France,FR,5.76,21.63,98.78,37.6,opendata.reseaux-energies.fr,false,""
2024-05-04T09:00:00.000000,France,France,FR,5.65,22.16,98.81,40.26,opendata.reseaux-energies.fr,false,""
2024-05-04T10:00:00.000000,France,France,FR,5.46,22.27,98.85,41.88,opendata.reseaux-energies.fr,false,""
2024-05-04T11:00:00.000000,France,France,FR,5.72,22.78,98.81,42.57,opendata.reseaux-energies.fr,false,""
2024-05-04T12:00:00.000000,France,France,FR,5.84,23.12,98.78,42.86,opendata.reseaux-energies.fr,false,""
2024-05-04T13:00:00.000000,France,France,FR,6.03,23.28,98.73,42.14,opendata.reseaux-energies.fr,false,""
2024-05-04T14:00:00.000000,France,France,FR,6.25,23.05,98.68,40.26,opendata.reseaux-energies.fr,false,""
2024-05-04T15:00:00.000000,France,France,FR,6.27,22.3,98.68,36.94,opendata.reseaux-energies.fr,false,""
2024-05-04T16:00:00.000000,France,France,FR,6.42,21.83,98.64,34.91,opendata.reseaux-energies.fr,false,""
2024-05-04T17:00:00.000000,France,France,FR,6.77,21.54,98.55,32.71,opendata.reseaux-energies.fr,false,""
2024-05-04T18:00:00.000000,France,France,FR,7.68,22.05,98.33,31.09,opendata.reseaux-energies.fr,false,""
2024-05-04T19:00:00.000000,France,France,FR,7.06,20.87,98.46,30.07,opendata.reseaux-energies.fr,false,""
2024-05-04T20:00:00.000000,France,France,FR,7.41,21.26,98.38,31.08,opendata.reseaux-energies.fr,false,""
2024-05-04T21:00:00.000000,France,France,FR,8.12,22.1,98.25,32.15,opendata.reseaux-energies.fr,false,""
2024-05-04T22:00:00.000000,France,France,FR,8.64,22.79,98.14,31.87,opendata.reseaux-energies.fr,false,""
2024-05-04T23:00:00.000000,France,France,FR,8.59,22.97,98.16,31.35,opendata.reseaux-energies.fr,false,""
2024-05-05T00:00:00.000000,France,France,FR,8.71,23.24,98.14,30.49,opendata.reseaux-energies.fr,false,""
2024-05-05T01:00:00.000000,France,France,FR,9.15,24.0,98.03,29.64,opendata.reseaux-energies.fr,false,""
2024-05-05T02:00:00.000000,France,France,FR,9.64,24.6,97.92,27.77,opendata.reseaux-energies.fr,false,""
2024-05-05T03:00:00.000000,France,France,FR,9.42,24.32,97.98,27.06,opendata.reseaux-energies.fr,false,""
2024-05-05T04:00:00.000000,France,France,FR,9.05,23.79,98.08,26.8,opendata.reseaux-energies.fr,false,""
2024-05-05T05:00:00.000000,France,France,FR,9.29,24.17,98.04,27.52,opendata.reseaux-energies.fr,false,""
2024-05-05T06:00:00.000000,France,France,FR,8.87,24.35,98.13,29.42,opendata.reseaux-energies.fr,false,""
2024-05-05T07:00:00.000000,France,France,FR,7.98,24.19,98.32,32.95,opendata.reseaux-energies.fr,false,""
2024-05-05T08:00:00.000000,France,France,FR,6.77,23.6,98.57,36.37,opendata.reseaux-energies.fr,false,""
2024-05-05T09:00:00.000000,France,France,FR,5.82,23.68,98.77,40.94,opendata.reseaux-energies.fr,false,""
2024-05-05T10:00:00.000000,France,France,FR,7.48,26.71,98.5,43.46,opendata.reseaux-energies.fr,false,""
2024-05-05T11:00:00.000000,France,France,FR,10.0,30.21,98.11,43.54,opendata.reseaux-energies.fr,false,""
2024-05-05T12:00:00.000000,France,France,FR,10.81,31.08,97.97,42.31,opendata.reseaux-energies.fr,false,""
2024-05-05T13:00:00.000000,France,France,FR,8.25,27.03,98.38,38.48,opendata.reseaux-energies.fr,false,""
2024-05-05T14:00:00.000000,France,France,FR,6.36,24.02,98.64,38.03,opendata.reseaux-energies.fr,false,""
2024-05-05T15:00:00.000000,France,France,FR,6.98,23.62,98.52,36.39,opendata.reseaux-energies.fr,false,""
2024-05-05T16:00:00.000000,France,France,FR,7.0,22.36,98.53,32.73,opendata.reseaux-energies.fr,false,""
2024-05-05T17:00:00.000000,France,France,FR,7.2,21.89,98.48,31.05,opendata.reseaux-energies.fr,false,""
2024-05-05T18:00:00.000000,France,France,FR,8.3,22.74,98.22,29.38,opendata.reseaux-energies.fr,false,""
2024-05-05T19:00:00.000000,France,France,FR,9.55,23.96,97.92,28.93,opendata.reseaux-energies.fr,false,""
2024-05-05T20:00:00.000000,France,France,FR,9.78,24.2,97.87,29.67,opendata.reseaux-energies.fr,false,""
2024-05-05T21:00:00.000000,France,France,FR,8.78,22.84,98.11,29.75,opendata.reseaux-energies.fr,false,""
2024-05-05T22:00:00.000000,France,France,FR,8.87,22.9,98.1,29.71,opendata.reseaux-energies.fr,false,""
2024-05-05T23:00:00.000000,France,France,FR,8.25,22.41,98.24,30.01,opendata.reseaux-energies.fr,false,""
2024-05-06T00:00:00.000000,France,France,FR,7.72,21.78,98.36,29.67,opendata.reseaux-energies.fr,false,""
2024-05-06T01:00:00.000000,France,France,FR,7.45,21.5,98.42,29.31,opendata.reseaux-energies.fr,false,""
2024-05-06T02:00:00.000000,France,France,FR,5.73,19.34,98.77,28.5,opendata.reseaux-energies.fr,false,""
2024-05-06T03:00:00.000000,France,France,FR,4.53,17.7,99.02,27.89,opendata.reseaux-energies.fr,false,""
2024-05-06T04:00:00.000000,France,France,FR,4.01,16.92,99.12,27.6,opendata.reseaux-energies.fr,false,""
2024-05-06T05:00:00.000000,France,France,FR,4.74,17.69,98.96,28.85,opendata.reseaux-energies.fr,false,""
2024-05-06T06:00:00.000000,France,France,FR,6.55,20.19,98.54,31.09,opendata.reseaux-energies.fr,false,""
2024-05-06T07:00:00.000000,France,France,FR,7.01,21.24,98.44,33.59,opendata.reseaux-energies.fr,false,""
2024-05-06T08:00:00.000000,France,France,FR,7.06,21.79,98.45,35.89,opendata.reseaux-energies.fr,false,""
2024-05-06T09:00:00.000000,France,France,FR,6.68,21.82,98.56,38.76,opendata.reseaux-energies.fr,false,""
2024-05-06T10:00:00.000000,France,France,FR,5.97,21.34,98.71,39.77,opendata.reseaux-energies.fr,false,""
2024-05-06T11:00:00.000000,France,France,FR,5.88,21.52,98.73,40.53,opendata.reseaux-energies.fr,false,""
2024-05-06T12:00:00.000000,France,France,FR,5.52,21.31,98.8,40.66,opendata.reseaux-energies.fr,false,""
2024-05-06T13:00:00.000000,France,France,FR,5.82,21.57,98.75,40.18,opendata.reseaux-energies.fr,false,""
2024-05-06T14:00:00.000000,France,France,FR,5.8,21.57,98.76,40.06,opendata.reseaux-energies.fr,false,""
2024-05-06T15:00:00.000000,France,France,FR,6.45,22.38,98.6,40.31,opendata.reseaux-energies.fr,false,""
2024-05-06T16:00:00.000000,France,France,FR,7.15,22.81,98.44,38.71,opendata.reseaux-energies.fr,false,""
2024-05-06T17:00:00.000000,France,France,FR,16.31,33.51,97.02,34.63,opendata.reseaux-energies.fr,false,""
2024-05-06T18:00:00.000000,France,France,FR,15.27,31.37,97.24,30.35,opendata.reseaux-energies.fr,false,""
2024-05-06T19:00:00.000000,France,France,FR,11.27,25.91,97.75,29.34,opendata.reseaux-energies.fr,false,""
2024-05-06T20:00:00.000000,France,France,FR,7.77,21.26,98.25,29.36,opendata.reseaux-energies.fr,false,""
2024-05-06T21:00:00.000000,France,France,FR,7.54,20.96,98.3,29.52,opendata.reseaux-energies.fr,false,""
2024-05-06T22:00:00.000000,France,France,FR,5.87,18.93,98.67,28.97,opendata.reseaux-energies.fr,false,""
2024-05-06T23:00:00.000000,France,France,FR,6.19,19.44,98.61,28.18,opendata.reseaux-energies.fr,false,""
2024-05-07T00:00:00.000000,France,France,FR,6.09,19.37,98.64,27.8,opendata.reseaux-energies.fr,false,""
2024-05-07T01:00:00.000000,France,France,FR,5.14,18.21,98.84,26.84,opendata.reseaux-energies.fr,false,""
2024-05-07T02:00:00.000000,France,France,FR,5.12,18.22,98.82,26.35,opendata.reseaux-energies.fr,false,""
2024-05-07T03:00:00.000000,France,France,FR,7.01,20.63,98.35,26.99,opendata.reseaux-energies.fr,false,""
2024-05-07T04:00:00.000000,France,France,FR,8.92,22.93,97.9,27.51,opendata.reseaux-energies.fr,false,""
2024-05-07T05:00:00.000000,France,France,FR,10.45,24.88,97.53,28.58,opendata.reseaux-energies.fr,false,""
2024-05-07T06:00:00.000000,France,France,FR,10.47,25.47,97.54,30.97,opendata.reseaux-energies.fr,false,""
2024-05-07T07:00:00.000000,France,France,FR,9.56,25.05,97.75,33.44,opendata.reseaux-energies.fr,false,""
2024-05-07T08:00:00.000000,France,France,FR,6.9,22.24,98.45,35.47,opendata.reseaux-energies.fr,false,""
2024-05-07T09:00:00.000000,France,France,FR,5.39,20.86,98.85,37.19,opendata.reseaux-energies.fr,false,""
2024-05-07T10:00:00.000000,France,France,FR,5.36,21.15,98.88,38.11,opendata.reseaux-energies.fr,false,""
2024-05-07T11:00:00.000000,France,France,FR,5.24,21.26,98.9,39.3,opendata.reseaux-energies.fr,false,""
2024-05-07T12:00:00.000000,France,France,FR,5.35,21.72,98.87,40.25,opendata.reseaux-energies.fr,false,""
2024-05-07T13:00:00.000000,France,France,FR,5.58,22.04,98.83,40.2,opendata.reseaux-energies.fr,false,""
2024-05-07T14:00:00.000000,France,France,FR,5.8,22.2,98.78,40.46,opendata.reseaux-energies.fr,false,""
2024-05-07T15:00:00.000000,France,France,FR,5.7,21.82,98.79,39.74,opendata.reseaux-energies.fr,false,""
2024-05-07T16:00:00.000000,France,France,FR,6.18,21.81,98.68,38.78,opendata.reseaux-energies.fr,false,""
2024-05-07T17:00:00.000000,France,France,FR,7.2,22.32,98.46,36.59,opendata.reseaux-energies.fr,false,""
2024-05-07T18:00:00.000000,France,France,FR,5.16,18.82,98.87,32.82,opendata.reseaux-energies.fr,false,""
2024-05-07T19:00:00.000000,France,France,FR,4.06,16.91,99.09,31.19,opendata.reseaux-energies.fr,false,""
2024-05-07T20:00:00.000000,France,France,FR,4.3,17.14,99.04,32.07,opendata.reseaux-energies.fr,false,""
2024-05-07T21:00:00.000000,France,France,FR,5.67,18.85,98.76,33.02,opendata.reseaux-energies.fr,false,""
2024-05-07T22:00:00.000000,France,France,FR,5.58,18.84,98.79,33.27,opendata.reseaux-energies.fr,false,""
2024-05-07T23:00:00.000000,France,France,FR,4.9,18.23,98.93,32.9,opendata.reseaux-energies.fr,false,""
2024-05-08T00:00:00.000000,France,France,FR,5.46,19.09,98.81,32.88,opendata.reseaux-energies.fr,false,""
2024-05-08T01:00:00.000000,France,France,FR,5.15,18.71,98.88,32.15,opendata.reseaux-energies.fr,false,""
2024-05-08T02:00:00.000000,France,France,FR,5.18,18.7,98.86,31.01,opendata.reseaux-energies.fr,false,""
2024-05-08T03:00:00.000000,France,France,FR,4.59,17.91,98.98,29.82,opendata.reseaux-energies.fr,false,""
2024-05-08T04:00:00.000000,France,France,FR,4.1,17.25,99.08,29.86,opendata.reseaux-energies.fr,false,""
2024-05-08T05:00:00.000000,France,France,FR,4.09,17.35,99.09,30.72,opendata.reseaux-energies.fr,false,""
2024-05-08T06:00:00.000000,France,France,FR,4.08,17.93,99.08,32.12,opendata.reseaux-energies.fr,false,""
2024-05-08T07:00:00.000000,France,France,FR,5.32,20.53,98.85,35.49,opendata.reseaux-energies.fr,false,""
2024-05-08T08:00:00.000000,France,France,FR,5.94,22.41,98.75,39.45,opendata.reseaux-energies.fr,false,""
2024-05-08T09:00:00.000000,France,France,FR,5.92,23.18,98.76,42.02,opendata.reseaux-energies.fr,false,""
2024-05-08T10:00:00.000000,France,France,FR,5.8,23.4,98.8,43.28,opendata.reseaux-energies.fr,false,""
2024-05-08T11:00:00.000000,France,France,FR,5.56,23.13,98.85,43.68,opendata.reseaux-energies.fr,false,""
2024-05-08T12:00:00.000000,France,France,FR,5.86,23.81,98.77,44.78,opendata.reseaux-energies.fr,false,""
2024-05-08T13:00:00.000000,France,France,FR,6.07,24.1,98.73,45.09,opendata.reseaux-energies.fr,false,""
2024-05-08T14:00:00.000000,France,France,FR,6.12,24.11,98.72,44.85,opendata.reseaux-energies.fr,false,""
2024-05-08T15:00:00.000000,France,France,FR,6.25,23.77,98.7,43.13,opendata.reseaux-energies.fr,false,""
2024-05-08T16:00:00.000000,France,France,FR,6.42,23.08,98.64,39.95,opendata.reseaux-energies.fr,false,""
2024-05-08T17:00:00.000000,France,France,FR,5.77,20.86,98.74,34.5,opendata.reseaux-energies.fr,false,""
2024-05-08T18:00:00.000000,France,France,FR,4.73,18.18,98.93,30.4,opendata.reseaux-energies.fr,false,""
2024-05-08T19:00:00.000000,France,France,FR,4.64,17.58,98.95,29.48,opendata.reseaux-energies.fr,false,""
2024-05-08T20:00:00.000000,France,France,FR,4.57,17.48,98.96,30.09,opendata.reseaux-energies.fr,false,""
2024-05-08T21:00:00.000000,France,France,FR,4.87,17.86,98.9,30.59,opendata.reseaux-energies.fr,false,""
2024-05-08T22:00:00.000000,France,France,FR,4.66,17.65,98.94,31.15,opendata.reseaux-energies.fr,false,""
2024-05-08T23:00:00.000000,France,France,FR,4.38,17.42,99.0,30.44,opendata.reseaux-energies.fr,false,""
2024-05-09T00:00:00.000000,France,France,FR,4.4,17.49,99.0,29.39,opendata.reseaux-energies.fr,false,""
2024-05-09T01:00:00.000000,France,France,FR,4.42,17.66,99.0,29.46,opendata.reseaux-energies.fr,false,""
2024-05-09T02:00:00.000000,France,France,FR,4.4,17.76,99.0,29.26,opendata.reseaux-energies.fr,false,""
2024-05-09T03:00:00.000000,France,France,FR,4.35,17.64,99.02,28.7,opendata.reseaux-energies.fr,false,""
2024-05-09T04:00:00.000000,France,France,FR,4.49,17.58,98.99,28.48,opendata.reseaux-energies.fr,false,""
2024-05-09T05:00:00.000000,France,France,FR,4.38,17.51,99.01,29.09,opendata.reseaux-energies.fr,false,""
2024-05-09T06:00:00.000000,France,France,FR,4.36,18.32,99.01,30.66,opendata.reseaux-energies.fr,false,""
2024-05-09T07:00:00.000000,France,France,FR,4.15,19.34,99.06,34.14,opendata.reseaux-energies.fr,false,""
2024-05-09T08:00:00.000000,France,France,FR,4.05,20.61,99.08,38.68,opendata.reseaux-energies.fr,false,""
2024-05-09T09:00:00.000000,France,France,FR,5.42,24.36,98.81,45.66,opendata.reseaux-energies.fr,false,""
2024-05-09T10:00:00.000000,France,France,FR,7.68,27.57,98.42,46.08,opendata.reseaux-energies.fr,false,""
2024-05-09T11:00:00.000000,France,France,FR,6.24,25.57,98.65,45.42,opendata.reseaux-energies.fr,false,""
2024-05-09T12:00:00.000000,France,France,FR,5.38,24.31,98.81,45.03,opendata.reseaux-energies.fr,false,""
2024-05-09T13:00:00.000000,France,France,FR,5.04,23.84,98.87,45.11,opendata.reseaux-energies.fr,false,""
2024-05-09T14:00:00.000000,France,France,FR,4.38,22.87,99.01,46.17,opendata.reseaux-energies.fr,false,""
2024-05-09T15:00:00.000000,France,France,FR,4.18,22.03,99.05,44.64,opendata.reseaux-energies.fr,false,""
2024-05-09T16:00:00.000000,France,France,FR,4.1,20.18,99.06,37.86,opendata.reseaux-energies.fr,false,""
2024-05-09T17:00:00.000000,France,France,FR,4.15,18.65,99.05,32.77,opendata.reseaux-energies.fr,false,""
2024-05-09T18:00:00.000000,France,France,FR,4.43,17.77,98.99,29.02,opendata.reseaux-energies.fr,false,""
2024-05-09T19:00:00.000000,France,France,FR,4.44,17.45,98.99,28.74,opendata.reseaux-energies.fr,false,""
2024-05-09T20:00:00.000000,France,France,FR,4.24,17.12,99.03,29.83,opendata.reseaux-energies.fr,false,""
2024-05-09T21:00:00.000000,France,France,FR,4.3,17.12,99.01,30.55,opendata.reseaux-energies.fr,false,""
2024-05-09T22:00:00.000000,France,France,FR,4.31,17.2,99.02,30.47,opendata.reseaux-energies.fr,false,""
2024-05-09T23:00:00.000000,France,France,FR,4.11,17.32,99.08,31.12,opendata.reseaux-energies.fr,false,""
2024-05-10T00:00:00.000000,France,France,FR,4.14,17.42,99.07,30.9,opendata.reseaux-energies.fr,false,""
2024-05-10T01:00:00.000000,France,France,FR,4.13,17.55,99.07,31.09,opendata.reseaux-energies.fr,false,""
2024-05-10T02:00:00.000000,France,France,FR,4.2,17.66,99.06,30.65,opendata.reseaux-energies.fr,false,""
2024-05-10T03:00:00.000000,France,France,FR,4.19,17.58,99.06,30.18,opendata.reseaux-energies.fr,false,""
2024-05-10T04:00:00.000000,France,France,FR,4.28,17.59,99.04,30.19,opendata.reseaux-energies.fr,false,""
2024-05-10T05:00:00.000000,France,France,FR,4.36,17.76,99.02,31.37,opendata.reseaux-energies.fr,false,""
2024-05-10T06:00:00.000000,France,France,FR,4.46,18.67,98.99,33.94,opendata.reseaux-energies.fr,false,""
2024-05-10T07:00:00.000000,France,France,FR,4.32,19.84,99.02,37.0,opendata.reseaux-energies.fr,false,""
2024-05-10T08:00:00.000000,France,France,FR,4.0,20.92,99.1,41.25,opendata.reseaux-energies.fr,false,""
2024-05-10T09:00:00.000000,France,France,FR,3.92,22.21,99.11,46.48,opendata.reseaux-energies.fr,false,""
2024-05-10T10:00:00.000000,France,France,FR,3.93,22.92,99.11,49.51,opendata.reseaux-energies.fr,false,""
2024-05-10T11:00:00.000000,France,France,FR,3.91,23.01,99.12,50.29,opendata.reseaux-energies.fr,false,""
2024-05-10T12:00:00.000000,France,France,FR,3.98,23.05,99.1,49.92,opendata.reseaux-energies.fr,false,""
2024-05-10T13:00:00.000000,France,France,FR,4.06,23.0,99.08,48.94,opendata.reseaux-energies.fr,false,""
2024-05-10T14:00:00.000000,France,France,FR,4.8,23.61,98.93,47.92,opendata.reseaux-energies.fr,false,""
2024-05-10T15:00:00.000000,France,France,FR,5.18,23.13,98.86,44.94,opendata.reseaux-energies.fr,false,""
2024-05-10T16:00:00.000000,France,France,FR,4.83,21.21,98.92,39.45,opendata.reseaux-energies.fr,false,""
2024-05-10T17:00:00.000000,France,France,FR,4.55,19.36,98.97,35.05,opendata.reseaux-energies.fr,false,""
2024-05-10T18:00:00.000000,France,France,FR,4.94,18.7,98.88,32.53,opendata.reseaux-energies.fr,false,""
2024-05-10T19:00:00.000000,France,France,FR,4.87,18.27,98.89,33.12,opendata.reseaux-energies.fr,false,""
2024-05-10T20:00:00.000000,France,France,FR,4.59,17.85,98.96,33.99,opendata.reseaux-energies.fr,false,""
2024-05-10T21:00:00.000000,France,France,FR,4.48,17.64,98.99,34.56,opendata.reseaux-energies.fr,false,""
2024-05-10T22:00:00.000000,France,France,FR,4.42,17.72,99.0,34.47,opendata.reseaux-energies.fr,false,""
2024-05-10T23:00:00.000000,France,France,FR,4.45,18.13,99.0,34.97,opendata.reseaux-energies.fr,false,""
2024-05-11T00:00:00.000000,France,France,FR,4.68,18.5,98.95,34.61,opendata.reseaux-energies.fr,false,""
2024-05-11T01:00:00.000000,France,France,FR,4.72,18.68,98.94,33.58,opendata.reseaux-energies.fr,false,""
2024-05-11T02:00:00.000000,France,France,FR,4.74,18.8,98.94,32.8,opendata.reseaux-energies.fr,false,""
2024-05-11T03:00:00.000000,France,France,FR,4.67,18.67,98.95,32.31,opendata.reseaux-energies.fr,false,""
2024-05-11T04:00:00.000000,France,France,FR,4.63,18.5,98.95,31.89,opendata.reseaux-energies.fr,false,""
2024-05-11T05:00:00.000000,France,France,FR,4.52,18.59,98.97,32.74,opendata.reseaux-energies.fr,false,""
2024-05-11T06:00:00.000000,France,France,FR,4.37,19.44,99.01,35.1,opendata.reseaux-energies.fr,false,""
2024-05-11T07:00:00.000000,France,France,FR,4.28,20.93,99.03,38.56,opendata.reseaux-energies.fr,false,""
2024-05-11T08:00:00.000000,France,France,FR,4.49,23.02,98.98,43.31,opendata.reseaux-energies.fr,false,""
2024-05-11T09:00:00.000000,France,France,FR,7.42,27.95,98.46,45.77,opendata.reseaux-energies.fr,false,""
2024-05-11T10:00:00.000000,France,France,FR,10.03,32.32,98.02,49.89,opendata.reseaux-energies.fr,false,""
2024-05-11T11:00:00.000000,France,France,FR,9.82,32.46,98.12,52.58,opendata.reseaux-energies.fr,false,""
2024-05-11T12:00:00.000000,France,France,FR,9.61,32.39,98.13,53.46,opendata.reseaux-energies.fr,false,""
2024-05-11T13:00:00.000000,France,France,FR,8.09,29.91,98.28,51.28,opendata.reseaux-energies.fr,false,""
2024-05-11T14:00:00.000000,France,France,FR,6.32,26.54,98.61,46.93,opendata.reseaux-energies.fr,false,""
2024-05-11T15:00:00.000000,France,France,FR,6.01,25.02,98.7,45.02,opendata.reseaux-energies.fr,false,""
2024-05-11T16:00:00.000000,France,France,FR,6.83,24.81,98.55,42.46,opendata.reseaux-energies.fr,false,""
2024-05-11T17:00:00.000000,France,France,FR,6.78,22.66,98.54,35.54,opendata.reseaux-energies.fr,false,""
2024-05-11T18:00:00.000000,France,France,FR,5.06,18.94,98.87,30.23,opendata.reseaux-energies.fr,false,""
2024-05-11T19:00:00.000000,France,France,FR,4.49,17.72,98.98,29.6,opendata.reseaux-energies.fr,false,""
2024-05-11T20:00:00.000000,France,France,FR,4.55,17.62,98.96,30.55,opendata.reseaux-energies.fr,false,""
2024-05-11T21:00:00.000000,France,France,FR,4.51,17.49,98.98,31.34,opendata.reseaux-energies.fr,false,""
2024-05-11T22:00:00.000000,France,France,FR,4.51,17.58,98.97,30.95,opendata.reseaux-energies.fr,false,""
2024-05-11T23:00:00.000000,France,France,FR,4.38,17.72,99.0,30.88,opendata.reseaux-energies.fr,false,""
2024-05-12T00:00:00.000000,France,France,FR,4.52,18.05,98.97,30.7,opendata.reseaux-energies.fr,false,""
2024-05-12T01:00:00.000000,France,France,FR,6.81,21.13,98.68,30.83,opendata.reseaux-energies.fr,false,""
2024-05-12T02:00:00.000000,France,France,FR,7.12,21.68,98.63,30.09,opendata.reseaux-energies.fr,false,""
2024-05-12T03:00:00.000000,France,France,FR,7.18,21.79,98.62,29.83,opendata.reseaux-energies.fr,false,""
2024-05-12T04:00:00.000000,France,France,FR,7.17,21.75,98.62,29.47,opendata.reseaux-energies.fr,false,""
2024-05-12T05:00:00.000000,France,France,FR,7.45,22.71,98.57,30.99,opendata.reseaux-energies.fr,false,""
2024-05-12T06:00:00.000000,France,France,FR,7.81,24.62,98.5,35.38,opendata.reseaux-energies.fr,false,""
2024-05-12T07:00:00.000000,France,France,FR,9.34,27.53,98.26,35.72,opendata.reseaux-energies.fr,false,""
2024-05-12T08:00:00.000000,France,France,FR,11.63,32.22,97.82,41.87,opendata.reseaux-energies.fr,false,""
2024-05-12T09:00:00.000000,France,France,FR,12.8,34.7,97.65,45.34,opendata.reseaux-energies.fr,false,""
2024-05-12T10:00:00.000000,France,France,FR,14.88,38.04,97.3,48.17,opendata.reseaux-energies.fr,false,""
2024-05-12T11:00:00.000000,France,France,FR,14.8,38.17,97.31,49.03,opendata.reseaux-energies.fr,false,""
2024-05-12T12:00:00.000000,France,France,FR,13.79,36.6,97.46,47.73,opendata.reseaux-energies.fr,false,""
2024-05-12T13:00:00.000000,France,France,FR,13.47,35.77,97.48,46.7,opendata.reseaux-energies.fr,false,""
2024-05-12T14:00:00.000000,France,France,FR,10.2,30.42,98.0,42.07,opendata.reseaux-energies.fr,false,""
2024-05-12T15:00:00.000000,France,France,FR,5.28,22.64,98.81,39.29,opendata.reseaux-energies.fr,false,""
2024-05-12T16:00:00.000000,France,France,FR,7.27,23.71,98.45,39.67,opendata.reseaux-energies.fr,false,""
2024-05-12T17:00:00.000000,France,France,FR,5.88,20.59,98.71,35.67,opendata.reseaux-energies.fr,false,""
2024-05-12T18:00:00.000000,France,France,FR,4.37,17.82,99.01,31.64,opendata.reseaux-energies.fr,false,""
2024-05-12T19:00:00.000000,France,France,FR,4.53,17.44,98.97,28.02,opendata.reseaux-energies.fr,false,""
2024-05-12T20:00:00.000000,France,France,FR,4.66,17.46,98.94,28.38,opendata.reseaux-energies.fr,false,""
2024-05-12T21:00:00.000000,France,France,FR,4.64,17.34,98.94,28.54,opendata.reseaux-energies.fr,false,""
2024-05-12T22:00:00.000000,France,France,FR,4.59,17.33,98.96,27.56,opendata.reseaux-energies.fr,false,""
2024-05-12T23:00:00.000000,France,France,FR,4.53,17.39,98.97,26.0,opendata.reseaux-energies.fr,false,""
2024-05-13T00:00:00.000000,France,France,FR,4.04,16.82,99.11,25.32,opendata.reseaux-energies.fr,false,""
2024-05-13T01:00:00.000000,France,France,FR,3.71,16.38,99.2,24.93,opendata.reseaux-energies.fr,false,""
2024-05-13T02:00:00.000000,France,France,FR,3.76,16.52,99.19,24.74,opendata.reseaux-energies.fr,false,""
2024-05-13T03:00:00.000000,France,France,FR,3.74,16.42,99.19,24.41,opendata.reseaux-energies.fr,false,""
2024-05-13T04:00:00.000000,France,France,FR,3.74,16.23,99.19,24.83,opendata.reseaux-energies.fr,false,""
2024-05-13T05:00:00.000000,France,France,FR,3.76,16.16,99.18,26.22,opendata.reseaux-energies.fr,false,""
2024-05-13T06:00:00.000000,France,France,FR,5.31,18.71,98.85,29.22,opendata.reseaux-energies.fr,false,""
2024-05-13T07:00:00.000000,France,France,FR,5.25,19.72,98.88,33.22,opendata.reseaux-energies.fr,false,""
2024-05-13T08:00:00.000000,France,France,FR,3.62,18.74,99.21,36.3,opendata.reseaux-energies.fr,false,""
2024-05-13T09:00:00.000000,France,France,FR,3.2,19.13,99.29,39.03,opendata.reseaux-energies.fr,false,""
2024-05-13T10:00:00.000000,France,France,FR,4.48,20.81,99.03,37.94,opendata.reseaux-energies.fr,false,""
2024-05-13T11:00:00.000000,France,France,FR,5.28,22.2,98.89,38.5,opendata.reseaux-energies.fr,false,""
2024-05-13T12:00:00.000000,France,France,FR,4.59,21.42,99.03,38.93,opendata.reseaux-energies.fr,false,""
2024-05-13T13:00:00.000000,France,France,FR,3.08,19.43,99.33,40.32,opendata.reseaux-energies.fr,false,""
2024-05-13T14:00:00.000000,France,France,FR,3.49,19.77,99.26,41.25,opendata.reseaux-energies.fr,false,""
2024-05-13T15:00:00.000000,France,France,FR,3.96,19.52,99.17,38.55,opendata.reseaux-energies.fr,false,""
2024-05-13T16:00:00.000000,France,France,FR,4.93,19.71,99.0,35.87,opendata.reseaux-energies.fr,false,""
2024-05-13T17:00:00.000000,France,France,FR,5.67,19.6,98.83,33.45,opendata.reseaux-energies.fr,false,""
2024-05-13T18:00:00.000000,France,France,FR,5.59,18.76,98.82,29.97,opendata.reseaux-energies.fr,false,""
2024-05-13T19:00:00.000000,France,France,FR,3.89,16.44,99.15,28.26,opendata.reseaux-energies.fr,false,""
2024-05-13T20:00:00.000000,France,France,FR,3.92,16.49,99.15,29.54,opendata.reseaux-energies.fr,false,""
2024-05-13T21:00:00.000000,France,France,FR,4.04,16.68,99.13,30.7,opendata.reseaux-energies.fr,false,""
2024-05-13T22:00:00.000000,France,France,FR,3.48,16.2,99.24,31.47,opendata.reseaux-energies.fr,false,""
2024-05-13T23:00:00.000000,France,France,FR,3.28,16.13,99.27,31.23,opendata.reseaux-energies.fr,false,""
2024-05-14T00:00:00.000000,France,France,FR,3.24,15.93,99.28,31.73,opendata.reseaux-energies.fr,false,""
2024-05-14T01:00:00.000000,France,France,FR,3.28,16.07,99.27,32.03,opendata.reseaux-energies.fr,false,""
2024-05-14T02:00:00.000000,France,France,FR,3.3,16.29,99.26,32.51,opendata.reseaux-energies.fr,false,""
2024-05-14T03:00:00.000000,France,France,FR,3.27,16.19,99.27,32.05,opendata.reseaux-energies.fr,false,""
2024-05-14T04:00:00.000000,France,France,FR,3.26,16.11,99.27,31.84,opendata.reseaux-energies.fr,false,""
2024-05-14T05:00:00.000000,France,France,FR,3.36,16.08,99.25,30.62,opendata.reseaux-energies.fr,false,""
2024-05-14T06:00:00.000000,France,France,FR,5.11,18.5,98.86,31.5,opendata.reseaux-energies.fr,false,""
2024-05-14T07:00:00.000000,France,France,FR,5.74,19.75,98.72,32.7,opendata.reseaux-energies.fr,false,""
2024-05-14T08:00:00.000000,France,France,FR,6.48,21.24,98.58,31.99,opendata.reseaux-energies.fr,false,""
2024-05-14T09:00:00.000000,France,France,FR,7.52,23.27,98.36,33.03,opendata.reseaux-energies.fr,false,""
2024-05-14T10:00:00.000000,France,France,FR,8.41,24.9,98.27,35.01,opendata.reseaux-energies.fr,false,""
2024-05-14T11:00:00.000000,France,France,FR,7.96,24.38,98.32,35.53,opendata.reseaux-energies.fr,false,""
2024-05-14T12:00:00.000000,France,France,FR,8.44,25.11,98.25,35.82,opendata.reseaux-energies.fr,false,""
2024-05-14T13:00:00.000000,France,France,FR,7.0,22.93,98.48,33.69,opendata.reseaux-energies.fr,false,""
2024-05-14T14:00:00.000000,France,France,FR,4.81,19.74,98.95,33.29,opendata.reseaux-energies.fr,false,""
2024-05-14T15:00:00.000000,France,France,FR,4.71,19.34,99.01,34.49,opendata.reseaux-energies.fr,false,""
2024-05-14T16:00:00.000000,France,France,FR,3.84,17.66,99.16,33.99,opendata.reseaux-energies.fr,false,""
2024-05-14T17:00:00.000000,France,France,FR,3.87,17.03,99.14,32.26,opendata.reseaux-energies.fr,false,""
2024-05-14T18:00:00.000000,France,France,FR,4.2,16.86,99.06,29.89,opendata.reseaux-energies.fr,false,""
2024-05-14T19:00:00.000000,France,France,FR,3.82,16.2,99.15,28.29,opendata.reseaux-energies.fr,false,""
2024-05-14T20:00:00.000000,France,France,FR,4.25,16.71,99.06,28.31,opendata.reseaux-energies.fr,false,""
2024-05-14T21:00:00.000000,France,France,FR,4.37,16.84,99.04,28.15,opendata.reseaux-energies.fr,false,""
2024-05-14T22:00:00.000000,France,France,FR,3.93,16.35,99.13,27.0,opendata.reseaux-energies.fr,false,""
2024-05-14T23:00:00.000000,France,France,FR,3.57,16.15,99.21,26.0,opendata.reseaux-energies.fr,false,""
2024-05-15T00:00:00.000000,France,France,FR,3.64,16.33,99.2,25.86,opendata.reseaux-energies.fr,false,""
2024-05-15T01:00:00.000000,France,France,FR,3.62,16.21,99.2,25.3,opendata.reseaux-energies.fr,false,""
2024-05-15T02:00:00.000000,France,France,FR,3.6,16.14,99.21,25.0,opendata.reseaux-energies.fr,false,""
2024-05-15T03:00:00.000000,France,France,FR,3.62,16.14,99.2,24.95,opendata.reseaux-energies.fr,false,""
2024-05-15T04:00:00.000000,France,France,FR,3.67,16.21,99.19,25.12,opendata.reseaux-energies.fr,false,""
2024-05-15T05:00:00.000000,France,France,FR,3.8,16.31,99.16,26.32,opendata.reseaux-energies.fr,false,""
2024-05-15T06:00:00.000000,France,France,FR,4.35,17.31,99.04,27.74,opendata.reseaux-energies.fr,false,""
2024-05-15T07:00:00.000000,France,France,FR,4.96,18.78,98.94,29.38,opendata.reseaux-energies.fr,false,""
2024-05-15T08:00:00.000000,France,France,FR,4.71,19.28,99.02,31.92,opendata.reseaux-energies.fr,false,""
2024-05-15T09:00:00.000000,France,France,FR,4.03,18.83,99.15,33.04,opendata.reseaux-energies.fr,false,""
2024-05-15T10:00:00.000000,France,France,FR,3.94,19.26,99.17,34.54,opendata.reseaux-energies.fr,false,""
2024-05-15T11:00:00.000000,France,France,FR,4.14,19.82,99.13,35.98,opendata.reseaux-energies.fr,false,""
2024-05-15T12:00:00.000000,France,France,FR,4.32,20.38,99.1,37.27,opendata.reseaux-energies.fr,false,""
2024-05-15T13:00:00.000000,France,France,FR,4.81,21.03,99.05,37.35,opendata.reseaux-energies.fr,false,""
2024-05-15T14:00:00.000000,France,France,FR,5.09,21.0,99.02,35.71,opendata.reseaux-energies.fr,false,""
2024-05-15T15:00:00.000000,France,France,FR,5.09,20.5,99.02,33.98,opendata.reseaux-energies.fr,false,""
2024-05-15T16:00:00.000000,France,France,FR,4.6,19.23,99.07,32.53,opendata.reseaux-energies.fr,false,""
2024-05-15T17:00:00.000000,France,France,FR,4.91,18.57,98.9,30.29,opendata.reseaux-energies.fr,false,""
2024-05-15T18:00:00.000000,France,France,FR,6.95,20.52,98.35,27.98,opendata.reseaux-energies.fr,false,""
2024-05-15T19:00:00.000000,France,France,FR,6.47,19.63,98.43,25.77,opendata.reseaux-energies.fr,false,""
2024-05-15T20:00:00.000000,France,France,FR,6.77,20.0,98.38,25.59,opendata.reseaux-energies.fr,false,""
2024-05-15T21:00:00.000000,France,France,FR,6.03,19.04,98.61,25.93,opendata.reseaux-energies.fr,false,""
2024-05-15T22:00:00.000000,France,France,FR,4.32,16.99,99.06,25.69,opendata.reseaux-energies.fr,false,""
2024-05-15T23:00:00.000000,France,France,FR,3.78,16.46,99.17,24.64,opendata.reseaux-energies.fr,false,""
2024-05-16T00:00:00.000000,France,France,FR,3.69,16.35,99.19,24.21,opendata.reseaux-energies.fr,false,""
2024-05-16T01:00:00.000000,France,France,FR,3.68,16.39,99.19,24.14,opendata.reseaux-energies.fr,false,""
2024-05-16T02:00:00.000000,France,France,FR,3.72,16.48,99.19,23.97,opendata.reseaux-energies.fr,false,""
2024-05-16T03:00:00.000000,France,France,FR,3.73,16.43,99.18,23.5,opendata.reseaux-energies.fr,false,""
2024-05-16T04:00:00.000000,France,France,FR,3.78,16.32,99.17,24.08,opendata.reseaux-energies.fr,false,""
2024-05-16T05:00:00.000000,France,France,FR,3.9,16.54,99.14,26.09,opendata.reseaux-energies.fr,false,""
2024-05-16T06:00:00.000000,France,France,FR,5.68,19.32,98.77,28.68,opendata.reseaux-energies.fr,false,""
2024-05-16T07:00:00.000000,France,France,FR,5.88,20.38,98.74,30.84,opendata.reseaux-energies.fr,false,""
2024-05-16T08:00:00.000000,France,France,FR,5.25,20.54,98.87,33.72,opendata.reseaux-energies.fr,false,""
2024-05-16T09:00:00.000000,France,France,FR,5.19,21.12,98.9,36.35,opendata.reseaux-energies.fr,false,""
2024-05-16T10:00:00.000000,France,France,FR,5.44,21.9,98.85,38.24,opendata.reseaux-energies.fr,false,""
2024-05-16T11:00:00.000000,France,France,FR,5.94,22.64,98.7,37.85,opendata.reseaux-energies.fr,false,""
2024-05-16T12:00:00.000000,France,France,FR,5.98,22.77,98.69,37.71,opendata.reseaux-energies.fr,false,""
2024-05-16T13:00:00.000000,France,France,FR,5.99,22.62,98.69,36.71,opendata.reseaux-energies.fr,false,""
2024-05-16T14:00:00.000000,France,France,FR,7.11,23.8,98.53,35.59,opendata.reseaux-energies.fr,false,""
2024-05-16T15:00:00.000000,France,France,FR,7.29,23.45,98.47,33.54,opendata.reseaux-energies.fr,false,""
2024-05-16T16:00:00.000000,France,France,FR,7.69,23.3,98.28,31.54,opendata.reseaux-energies.fr,false,""
2024-05-16T17:00:00.000000,France,France,FR,8.85,23.72,97.93,28.79,opendata.reseaux-energies.fr,false,""
2024-05-16T18:00:00.000000,France,France,FR,8.98,23.15,97.87,26.4,opendata.reseaux-energies.fr,false,""
2024-05-16T19:00:00.000000,France,France,FR,7.59,21.08,98.15,24.44,opendata.reseaux-energies.fr,false,""
2024-05-16T20:00:00.000000,France,France,FR,6.41,19.48,98.46,24.2,opendata.reseaux-energies.fr,false,""
2024-05-16T21:00:00.000000,France,France,FR,4.95,17.63,98.86,24.59,opendata.reseaux-energies.fr,false,""
2024-05-16T22:00:00.000000,France,France,FR,4.84,17.41,98.89,24.44,opendata.reseaux-energies.fr,false,""
2024-05-16T23:00:00.000000,France,France,FR,4.79,17.5,98.91,23.97,opendata.reseaux-energies.fr,false,""
2024-05-17T00:00:00.000000,France,France,FR,4.67,17.4,98.93,23.55,opendata.reseaux-energies.fr,false,""
2024-05-17T01:00:00.000000,France,France,FR,4.32,17.16,99.03,23.63,opendata.reseaux-energies.fr,false,""
2024-05-17T02:00:00.000000,France,France,FR,4.2,17.07,99.06,24.0,opendata.reseaux-energies.fr,false,""
2024-05-17T03:00:00.000000,France,France,FR,4.16,16.93,99.07,24.15,opendata.reseaux-energies.fr,false,""
2024-05-17T04:00:00.000000,France,France,FR,4.19,16.74,99.06,24.71,opendata.reseaux-energies.fr,false,""
2024-05-17T05:00:00.000000,France,France,FR,4.48,17.17,98.98,26.25,opendata.reseaux-energies.fr,false,""
2024-05-17T06:00:00.000000,France,France,FR,4.52,17.8,98.97,28.05,opendata.reseaux-energies.fr,false,""
2024-05-17T07:00:00.000000,France,France,FR,4.41,18.45,99.0,30.26,opendata.reseaux-energies.fr,false,""
2024-05-17T08:00:00.000000,France,France,FR,4.12,18.94,99.05,32.58,opendata.reseaux-energies.fr,false,""
2024-05-17T09:00:00.000000,France,France,FR,4.07,19.53,99.06,34.16,opendata.reseaux-energies.fr,false,""
2024-05-17T10:00:00.000000,France,France,FR,4.02,19.84,99.07,35.5,opendata.reseaux-energies.fr,false,""
2024-05-17T11:00:00.000000,France,France,FR,4.06,20.13,99.06,36.24,opendata.reseaux-energies.fr,false,""
2024-05-17T12:00:00.000000,France,France,FR,4.03,20.19,99.07,36.12,opendata.reseaux-energies.fr,false,""
2024-05-17T13:00:00.000000,France,France,FR,4.12,20.06,99.07,35.36,opendata.reseaux-energies.fr,false,""
2024-05-17T14:00:00.000000,France,France,FR,4.7,20.49,98.97,34.25,opendata.reseaux-energies.fr,false,""
2024-05-17T15:00:00.000000,France,France,FR,5.04,20.54,98.9,32.79,opendata.reseaux-energies.fr,false,""
2024-05-17T16:00:00.000000,France,France,FR,5.43,20.45,98.82,31.43,opendata.reseaux-energies.fr,false,""
2024-05-17T17:00:00.000000,France,France,FR,6.4,20.78,98.61,29.15,opendata.reseaux-energies.fr,false,""
2024-05-17T18:00:00.000000,France,France,FR,5.31,18.59,98.8,26.27,opendata.reseaux-energies.fr,false,""
2024-05-17T19:00:00.000000,France,France,FR,4.75,17.46,98.91,24.51,opendata.reseaux-energies.fr,false,""
2024-05-17T20:00:00.000000,France,France,FR,4.77,17.38,98.9,23.82,opendata.reseaux-energies.fr,false,""
2024-05-17T21:00:00.000000,France,France,FR,4.86,17.45,98.88,23.5,opendata.reseaux-energies.fr,false,""
2024-05-17T22:00:00.000000,France,France,FR,4.23,16.73,99.06,23.72,opendata.reseaux-energies.fr,false,""
2024-05-17T23:00:00.000000,France,France,FR,3.68,16.16,99.21,23.15,opendata.reseaux-energies.fr,false,""
2024-05-18T00:00:00.000000,France,France,FR,3.73,16.25,99.2,22.58,opendata.reseaux-energies.fr,false,""
2024-05-18T01:00:00.000000,France,France,FR,3.88,16.52,99.15,22.12,opendata.reseaux-energies.fr,false,""
2024-05-18T02:00:00.000000,France,France,FR,4.09,16.85,99.09,21.3,opendata.reseaux-energies.fr,false,""
2024-05-18T03:00:00.000000,France,France,FR,4.14,16.81,99.07,20.45,opendata.reseaux-energies.fr,false,""
2024-05-18T04:00:00.000000,France,France,FR,4.3,17.04,99.03,20.96,opendata.reseaux-energies.fr,false,""
2024-05-18T05:00:00.000000,France,France,FR,4.26,17.16,99.04,22.04,opendata.reseaux-energies.fr,false,""
2024-05-18T06:00:00.000000,France,France,FR,4.18,17.66,99.06,24.21,opendata.reseaux-energies.fr,false,""
2024-05-18T07:00:00.000000,France,France,FR,4.07,18.54,99.08,27.86,opendata.reseaux-energies.fr,false,""
2024-05-18T08:00:00.000000,France,France,FR,4.06,19.52,99.08,30.96,opendata.reseaux-energies.fr,false,""
2024-05-18T09:00:00.000000,France,France,FR,4.22,20.85,99.05,34.64,opendata.reseaux-energies.fr,false,""
2024-05-18T10:00:00.000000,France,France,FR,6.06,23.7,98.76,36.42,opendata.reseaux-energies.fr,false,""
2024-05-18T11:00:00.000000,France,France,FR,6.42,24.29,98.69,36.54,opendata.reseaux-energies.fr,false,""
2024-05-18T12:00:00.000000,France,France,FR,5.02,22.48,98.89,35.2,opendata.reseaux-energies.fr,false,""
2024-05-18T13:00:00.000000,France,France,FR,4.57,21.63,98.97,34.25,opendata.reseaux-energies.fr,false,""
2024-05-18T14:00:00.000000,France,France,FR,5.64,23.34,98.79,36.47,opendata.reseaux-energies.fr,false,""
2024-05-18T15:00:00.000000,France,France,FR,5.39,22.71,98.84,36.65,opendata.reseaux-energies.fr,false,""
2024-05-18T16:00:00.000000,France,France,FR,5.8,21.83,98.76,32.74,opendata.reseaux-energies.fr,false,""
2024-05-18T17:00:00.000000,France,France,FR,5.38,19.99,98.83,28.13,opendata.reseaux-energies.fr,false,""
2024-05-18T18:00:00.000000,France,France,FR,4.61,18.05,98.97,25.5,opendata.reseaux-energies.fr,false,""
2024-05-18T19:00:00.000000,France,France,FR,4.6,17.53,98.97,24.64,opendata.reseaux-energies.fr,false,""
2024-05-18T20:00:00.000000,France,France,FR,4.46,17.11,99.0,24.57,opendata.reseaux-energies.fr,false,""
2024-05-18T21:00:00.000000,France,France,FR,4.31,16.88,99.04,24.3,opendata.reseaux-energies.fr,false,""
2024-05-18T22:00:00.000000,France,France,FR,4.41,16.96,99.01,23.68,opendata.reseaux-energies.fr,false,""
2024-05-18T23:00:00.000000,France,France,FR,4.52,17.15,98.99,22.28,opendata.reseaux-energies.fr,false,""
2024-05-19T00:00:00.000000,France,France,FR,4.62,17.42,98.96,22.03,opendata.reseaux-energies.fr,false,""
2024-05-19T01:00:00.000000,France,France,FR,4.67,17.68,98.95,21.24,opendata.reseaux-energies.fr,false,""
2024-05-19T02:00:00.000000,France,France,FR,4.65,17.74,98.96,20.53,opendata.reseaux-energies.fr,false,""
2024-05-19T03:00:00.000000,France,France,FR,4.64,17.76,98.96,20.7,opendata.reseaux-energies.fr,false,""
2024-05-19T04:00:00.000000,France,France,FR,4.63,17.73,98.97,20.74,opendata.reseaux-energies.fr,false,""
2024-05-19T05:00:00.000000,France,France,FR,4.58,17.93,98.98,21.47,opendata.reseaux-energies.fr,false,""
2024-05-19T06:00:00.000000,France,France,FR,4.49,18.57,99.0,24.35,opendata.reseaux-energies.fr,false,""
2024-05-19T07:00:00.000000,France,France,FR,4.5,19.85,98.99,28.92,opendata.reseaux-energies.fr,false,""
2024-05-19T08:00:00.000000,France,France,FR,4.71,21.03,98.95,32.06,opendata.reseaux-energies.fr,false,""
2024-05-19T09:00:00.000000,France,France,FR,5.71,23.32,98.81,34.56,opendata.reseaux-energies.fr,false,""
2024-05-19T10:00:00.000000,France,France,FR,6.2,24.49,98.71,36.58,opendata.reseaux-energies.fr,false,""
2024-05-19T11:00:00.000000,France,France,FR,7.73,26.95,98.42,38.47,opendata.reseaux-energies.fr,false,""
2024-05-19T12:00:00.000000,France,France,FR,8.06,27.78,98.37,39.39,opendata.reseaux-energies.fr,false,""
2024-05-19T13:00:00.000000,France,France,FR,5.2,23.53,98.85,37.2,opendata.reseaux-energies.fr,false,""
2024-05-19T14:00:00.000000,France,France,FR,5.11,22.8,98.86,34.99,opendata.reseaux-energies.fr,false,""
2024-05-19T15:00:00.000000,France,France,FR,7.13,24.6,98.5,34.39,opendata.reseaux-energies.fr,false,""
2024-05-19T16:00:00.000000,France,France,FR,6.73,23.07,98.57,32.23,opendata.reseaux-energies.fr,false,""
2024-05-19T17:00:00.000000,France,France,FR,6.22,21.06,98.66,28.56,opendata.reseaux-energies.fr,false,""
2024-05-19T18:00:00.000000,France,France,FR,5.12,18.71,98.86,26.34,opendata.reseaux-energies.fr,false,""
2024-05-19T19:00:00.000000,France,France,FR,4.84,17.82,98.91,25.24,opendata.reseaux-energies.fr,false,""
2024-05-19T20:00:00.000000,France,France,FR,4.8,17.7,98.92,25.57,opendata.reseaux-energies.fr,false,""
2024-05-19T21:00:00.000000,France,France,FR,4.8,17.61,98.92,25.76,opendata.reseaux-energies.fr,false,""
2024-05-19T22:00:00.000000,France,France,FR,4.71,17.48,98.94,24.57,opendata.reseaux-energies.fr,false,""
2024-05-19T23:00:00.000000,France,France,FR,4.09,16.89,99.1,23.43,opendata.reseaux-energies.fr,false,""
2024-05-20T00:00:00.000000,France,France,FR,3.79,16.57,99.19,23.01,opendata.reseaux-energies.fr,false,""
2024-05-20T01:00:00.000000,France,France,FR,4.03,17.08,99.13,23.14,opendata.reseaux-energies.fr,false,""
2024-05-20T02:00:00.000000,France,France,FR,4.41,17.54,99.02,22.92,opendata.reseaux-energies.fr,false,""
2024-05-20T03:00:00.000000,France,France,FR,4.62,17.74,98.97,22.21,opendata.reseaux-energies.fr,false,""
2024-05-20T04:00:00.000000,France,France,FR,4.64,17.78,98.96,22.44,opendata.reseaux-energies.fr,false,""
2024-05-20T05:00:00.000000,France,France,FR,4.49,17.72,99.0,23.42,opendata.reseaux-energies.fr,false,""
2024-05-20T06:00:00.000000,France,France,FR,4.36,18.06,99.02,25.64,opendata.reseaux-energies.fr,false,""
2024-05-20T07:00:00.000000,France,France,FR,4.24,18.43,99.04,27.74,opendata.reseaux-energies.fr,false,""
2024-05-20T08:00:00.000000,France,France,FR,4.23,19.38,99.05,31.17,opendata.reseaux-energies.fr,false,""
2024-05-20T09:00:00.000000,France,France,FR,4.44,20.74,99.0,35.1,opendata.reseaux-energies.fr,false,""
2024-05-20T10:00:00.000000,France,France,FR,5.61,22.81,98.78,37.32,opendata.reseaux-energies.fr,false,""
2024-05-20T11:00:00.000000,France,France,FR,5.5,22.95,98.79,38.4,opendata.reseaux-energies.fr,false,""
2024-05-20T12:00:00.000000,France,France,FR,5.52,23.2,98.78,39.33,opendata.reseaux-energies.fr,false,""
2024-05-20T13:00:00.000000,France,France,FR,5.23,22.5,98.83,38.38,opendata.reseaux-energies.fr,false,""
2024-05-20T14:00:00.000000,France,France,FR,4.53,21.1,98.98,37.23,opendata.reseaux-energies.fr,false,""
2024-05-20T15:00:00.000000,France,France,FR,4.38,20.06,99.02,34.43,opendata.reseaux-energies.fr,false,""
2024-05-20T16:00:00.000000,France,France,FR,4.76,19.7,98.94,32.2,opendata.reseaux-energies.fr,false,""
2024-05-20T17:00:00.000000,France,France,FR,4.21,17.98,99.05,29.23,opendata.reseaux-energies.fr,false,""
2024-05-20T18:00:00.000000,France,France,FR,4.26,17.25,99.04,28.47,opendata.reseaux-energies.fr,false,""
2024-05-20T19:00:00.000000,France,France,FR,4.31,16.79,99.03,26.41,opendata.reseaux-energies.fr,false,""
2024-05-20T20:00:00.000000,France,France,FR,4.25,16.64,99.05,26.73,opendata.reseaux-energies.fr,false,""
2024-05-20T21:00:00.000000,France,France,FR,4.34,16.63,99.02,26.7,opendata.reseaux-energies.fr,false,""
2024-05-20T22:00:00.000000,France,France,FR,4.28,16.58,99.04,25.81,opendata.reseaux-energies.fr,false,""
2024-05-20T23:00:00.000000,France,France,FR,4.32,16.91,99.03,25.36,opendata.reseaux-energies.fr,false,""
2024-05-21T00:00:00.000000,France,France,FR,4.31,16.95,99.04,24.55,opendata.reseaux-energies.fr,false,""
2024-05-21T01:00:00.000000,France,France,FR,4.37,17.05,99.03,23.37,opendata.reseaux-energies.fr,false,""
2024-05-21T02:00:00.000000,France,France,FR,4.45,17.21,99.01,22.43,opendata.reseaux-energies.fr,false,""
2024-05-21T03:00:00.000000,France,France,FR,4.38,17.02,99.02,22.14,opendata.reseaux-energies.fr,false,""
2024-05-21T04:00:00.000000,France,France,FR,4.35,16.87,99.03,23.04,opendata.reseaux-energies.fr,false,""
2024-05-21T05:00:00.000000,France,France,FR,4.3,16.69,99.04,24.74,opendata.reseaux-energies.fr,false,""
2024-05-21T06:00:00.000000,France,France,FR,4.65,17.55,98.96,26.44,opendata.reseaux-energies.fr,false,""
2024-05-21T07:00:00.000000,France,France,FR,4.65,18.23,98.95,28.39,opendata.reseaux-energies.fr,false,""
2024-05-21T08:00:00.000000,France,France,FR,4.49,18.79,98.98,30.63,opendata.reseaux-energies.fr,false,""
2024-05-21T09:00:00.000000,France,France,FR,4.74,19.66,98.9,31.96,opendata.reseaux-energies.fr,false,""
2024-05-21T10:00:00.000000,France,France,FR,4.83,20.02,98.87,32.82,opendata.reseaux-energies.fr,false,""
2024-05-21T11:00:00.000000,France,France,FR,4.81,20.15,98.88,33.42,opendata.reseaux-energies.fr,false,""
2024-05-21T12:00:00.000000,France,France,FR,4.95,20.51,98.84,33.92,opendata.reseaux-energies.fr,false,""
2024-05-21T13:00:00.000000,France,France,FR,5.03,20.6,98.83,34.09,opendata.reseaux-energies.fr,false,""
2024-05-21T14:00:00.000000,France,France,FR,5.55,21.31,98.73,34.23,opendata.reseaux-energies.fr,false,""
2024-05-21T15:00:00.000000,France,France,FR,5.3,20.48,98.77,32.69,opendata.reseaux-energies.fr,false,""
2024-05-21T16:00:00.000000,France,France,FR,6.07,20.94,98.61,31.84,opendata.reseaux-energies.fr,false,""
2024-05-21T17:00:00.000000,France,France,FR,5.67,19.5,98.68,30.25,opendata.reseaux-energies.fr,false,""
2024-05-21T18:00:00.000000,France,France,FR,5.68,18.77,98.67,28.81,opendata.reseaux-energies.fr,false,""
2024-05-21T19:00:00.000000,France,France,FR,5.69,18.53,98.68,27.77,opendata.reseaux-energies.fr,false,""
2024-05-21T20:00:00.000000,France,France,FR,5.63,18.38,98.69,27.93,opendata.reseaux-energies.fr,false,""
2024-05-21T21:00:00.000000,France,France,FR,5.58,18.28,98.7,28.62,opendata.reseaux-energies.fr,false,""
2024-05-21T22:00:00.000000,France,France,FR,5.38,18.05,98.76,28.24,opendata.reseaux-energies.fr,false,""
2024-05-21T23:00:00.000000,France,France,FR,4.28,16.88,99.06,27.89,opendata.reseaux-energies.fr,false,""
2024-05-22T00:00:00.000000,France,France,FR,4.16,16.77,99.08,27.55,opendata.reseaux-energies.fr,false,""
2024-05-22T01:00:00.000000,France,France,FR,4.21,16.97,99.07,26.35,opendata.reseaux-energies.fr,false,""
2024-05-22T02:00:00.000000,France,France,FR,4.3,17.13,99.05,26.29,opendata.reseaux-energies.fr,false,""
2024-05-22T03:00:00.000000,France,France,FR,4.48,17.3,99.0,25.96,opendata.reseaux-energies.fr,false,""
2024-05-22T04:00:00.000000,France,France,FR,4.87,17.73,98.89,26.14,opendata.reseaux-energies.fr,false,""
2024-05-22T05:00:00.000000,France,France,FR,5.35,18.44,98.75,28.66,opendata.reseaux-energies.fr,false,""
2024-05-22T06:00:00.000000,France,France,FR,6.05,19.82,98.56,30.77,opendata.reseaux-energies.fr,false,""
2024-05-22T07:00:00.000000,France,France,FR,4.87,19.01,98.87,32.92,opendata.reseaux-energies.fr,false,""
2024-05-22T08:00:00.000000,France,France,FR,3.82,18.52,99.15,35.44,opendata.reseaux-energies.fr,false,""
2024-05-22T09:00:00.000000,France,France,FR,3.8,19.29,99.15,38.1,opendata.reseaux-energies.fr,false,""
2024-05-22T10:00:00.000000,France,France,FR,3.69,19.58,99.17,40.14,opendata.reseaux-energies.fr,false,""
2024-05-22T11:00:00.000000,France,France,FR,3.66,19.73,99.19,41.53,opendata.reseaux-energies.fr,false,""
2024-05-22T12:00:00.000000,France,France,FR,3.72,19.83,99.17,41.12,opendata.reseaux-energies.fr,false,""
2024-05-22T13:00:00.000000,France,France,FR,3.82,20.08,99.15,40.6,opendata.reseaux-energies.fr,false,""
2024-05-22T14:00:00.000000,France,France,FR,3.89,20.04,99.14,40.18,opendata.reseaux-energies.fr,false,""
2024-05-22T15:00:00.000000,France,France,FR,4.03,19.57,99.11,38.06,opendata.reseaux-energies.fr,false,""
2024-05-22T16:00:00.000000,France,France,FR,4.07,18.58,99.1,34.14,opendata.reseaux-energies.fr,false,""
2024-05-22T17:00:00.000000,France,France,FR,4.32,17.88,99.04,30.55,opendata.reseaux-energies.fr,false,""
2024-05-22T18:00:00.000000,France,France,FR,4.54,17.42,98.99,28.26,opendata.reseaux-energies.fr,false,""
2024-05-22T19:00:00.000000,France,France,FR,4.57,17.13,98.98,26.98,opendata.reseaux-energies.fr,false,""
2024-05-22T20:00:00.000000,France,France,FR,4.56,17.05,98.99,26.49,opendata.reseaux-energies.fr,false,""
2024-05-22T21:00:00.000000,France,France,FR,4.49,16.86,99.0,26.35,opendata.reseaux-energies.fr,false,""
2024-05-22T22:00:00.000000,France,France,FR,4.46,16.83,99.01,26.19,opendata.reseaux-energies.fr,false,""
2024-05-22T23:00:00.000000,France,France,FR,4.31,16.92,99.05,25.64,opendata.reseaux-energies.fr,false,""
2024-05-23T00:00:00.000000,France,France,FR,4.29,16.89,99.06,24.27,opendata.reseaux-energies.fr,false,""
2024-05-23T01:00:00.000000,France,France,FR,4.36,17.11,99.04,24.18,opendata.reseaux-energies.fr,false,""
2024-05-23T02:00:00.000000,France,France,FR,4.42,17.26,99.03,23.81,opendata.reseaux-energies.fr,false,""
2024-05-23T03:00:00.000000,France,France,FR,4.43,17.28,99.02,23.59,opendata.reseaux-energies.fr,false,""
2024-05-23T04:00:00.000000,France,France,FR,4.34,16.98,99.04,23.29,opendata.reseaux-energies.fr,false,""
2024-05-23T05:00:00.000000,France,France,FR,4.45,17.2,99.01,25.68,opendata.reseaux-energies.fr,false,""
2024-05-23T06:00:00.000000,France,France,FR,4.55,17.81,98.98,27.86,opendata.reseaux-energies.fr,false,""
2024-05-23T07:00:00.000000,France,France,FR,4.82,18.81,98.96,29.73,opendata.reseaux-energies.fr,false,""
2024-05-23T08:00:00.000000,France,France,FR,4.66,19.21,99.02,31.51,opendata.reseaux-energies.fr,false,""
2024-05-23T09:00:00.000000,France,France,FR,4.01,18.95,99.11,33.59,opendata.reseaux-energies.fr,false,""
2024-05-23T10:00:00.000000,France,France,FR,3.95,19.18,99.12,34.58,opendata.reseaux-energies.fr,false,""
2024-05-23T11:00:00.000000,France,France,FR,3.84,19.32,99.15,35.11,opendata.reseaux-energies.fr,false,""
2024-05-23T12:00:00.000000,France,France,FR,3.74,19.29,99.17,35.04,opendata.reseaux-energies.fr,false,""
2024-05-23T13:00:00.000000,France,France,FR,3.68,19.16,99.19,34.12,opendata.reseaux-energies.fr,false,""
2024-05-23T14:00:00.000000,France,France,FR,3.68,19.1,99.19,33.78,opendata.reseaux-energies.fr,false,""
2024-05-23T15:00:00.000000,France,France,FR,3.72,18.58,99.18,31.98,opendata.reseaux-energies.fr,false,""
2024-05-23T16:00:00.000000,France,France,FR,3.93,18.17,99.14,30.14,opendata.reseaux-energies.fr,false,""
2024-05-23T17:00:00.000000,France,France,FR,4.9,18.53,98.91,28.29,opendata.reseaux-energies.fr,false,""
2024-05-23T18:00:00.000000,France,France,FR,5.08,18.01,98.84,26.31,opendata.reseaux-energies.fr,false,""
2024-05-23T19:00:00.000000,France,France,FR,5.14,17.72,98.83,24.37,opendata.reseaux-energies.fr,false,""
2024-05-23T20:00:00.000000,France,France,FR,5.14,17.74,98.82,24.03,opendata.reseaux-energies.fr,false,""
2024-05-23T21:00:00.000000,France,France,FR,5.17,17.77,98.82,24.56,opendata.reseaux-energies.fr,false,""
2024-05-23T22:00:00.000000,France,France,FR,5.18,17.85,98.82,24.16,opendata.reseaux-energies.fr,false,""
2024-05-23T23:00:00.000000,France,France,FR,5.09,17.92,98.85,23.58,opendata.reseaux-energies.fr,false,""
2024-05-24T00:00:00.000000,France,France,FR,5.06,17.87,98.85,22.69,opendata.reseaux-energies.fr,false,""
2024-05-24T01:00:00.000000,France,France,FR,5.05,17.88,98.86,22.15,opendata.reseaux-energies.fr,false,""
2024-05-24T02:00:00.000000,France,France,FR,4.94,17.77,98.88,21.38,opendata.reseaux-energies.fr,false,""
2024-05-24T03:00:00.000000,France,France,FR,4.92,17.73,98.89,21.05,opendata.reseaux-energies.fr,false,""
2024-05-24T04:00:00.000000,France,France,FR,5.08,17.81,98.84,22.03,opendata.reseaux-energies.fr,false,""
2024-05-24T05:00:00.000000,France,France,FR,5.25,18.17,98.8,23.94,opendata.reseaux-energies.fr,false,""
2024-05-24T06:00:00.000000,France,France,FR,5.31,18.87,98.77,26.66,opendata.reseaux-energies.fr,false,""
2024-05-24T07:00:00.000000,France,France,FR,5.12,19.51,98.81,29.13,opendata.reseaux-energies.fr,false,""
2024-05-24T08:00:00.000000,France,France,FR,4.66,19.59,98.93,30.96,opendata.reseaux-energies.fr,false,""
2024-05-24T09:00:00.000000,France,France,FR,4.13,19.35,99.07,31.72,opendata.reseaux-energies.fr,false,""
2024-05-24T10:00:00.000000,France,France,FR,3.94,19.38,99.13,32.82,opendata.reseaux-energies.fr,false,""
2024-05-24T11:00:00.000000,France,France,FR,3.86,19.38,99.14,33.28,opendata.reseaux-energies.fr,false,""
2024-05-24T12:00:00.000000,France,France,FR,3.81,19.36,99.15,33.3,opendata.reseaux-energies.fr,false,""
2024-05-24T13:00:00.000000,France,France,FR,3.81,19.42,99.15,33.81,opendata.reseaux-energies.fr,false,""
2024-05-24T14:00:00.000000,France,France,FR,3.91,19.42,99.13,33.49,opendata.reseaux-energies.fr,false,""
2024-05-24T15:00:00.000000,France,France,FR,3.98,19.25,99.12,32.94,opendata.reseaux-energies.fr,false,""
2024-05-24T16:00:00.000000,France,France,FR,5.37,20.5,98.8,31.19,opendata.reseaux-energies.fr,false,""
2024-05-24T17:00:00.000000,France,France,FR,5.34,19.49,98.77,29.01,opendata.reseaux-energies.fr,false,""
2024-05-24T18:00:00.000000,France,France,FR,5.36,18.59,98.76,26.33,opendata.reseaux-energies.fr,false,""
2024-05-24T19:00:00.000000,France,France,FR,5.52,18.41,98.72,24.43,opendata.reseaux-energies.fr,false,""
2024-05-24T20:00:00.000000,France,France,FR,5.53,18.45,98.72,24.62,opendata.reseaux-energies.fr,false,""
2024-05-24T21:00:00.000000,France,France,FR,5.56,18.38,98.71,24.0,opendata.reseaux-energies.fr,false,""
2024-05-24T22:00:00.000000,France,France,FR,4.86,17.55,98.9,24.15,opendata.reseaux-energies.fr,false,""
2024-05-24T23:00:00.000000,France,France,FR,4.6,17.34,98.97,23.77,opendata.reseaux-energies.fr,false,""
2024-05-25T00:00:00.000000,France,France,FR,4.74,17.59,98.94,24.06,opendata.reseaux-energies.fr,false,""
2024-05-25T01:00:00.000000,France,France,FR,4.84,17.81,98.91,23.4,opendata.reseaux-energies.fr,false,""
2024-05-25T02:00:00.000000,France,France,FR,4.74,17.74,98.94,22.67,opendata.reseaux-energies.fr,false,""
2024-05-25T03:00:00.000000,France,France,FR,4.72,17.79,98.95,22.4,opendata.reseaux-energies.fr,false,""
2024-05-25T04:00:00.000000,France,France,FR,4.75,17.78,98.93,22.33,opendata.reseaux-energies.fr,false,""
2024-05-25T05:00:00.000000,France,France,FR,4.62,17.84,98.97,23.27,opendata.reseaux-energies.fr,false,""
2024-05-25T06:00:00.000000,France,France,FR,4.36,18.34,99.03,26.16,opendata.reseaux-energies.fr,false,""
2024-05-25T07:00:00.000000,France,France,FR,4.2,19.4,99.07,30.22,opendata.reseaux-energies.fr,false,""
2024-05-25T08:00:00.000000,France,France,FR,4.59,21.2,98.99,34.5,opendata.reseaux-energies.fr,false,""
2024-05-25T09:00:00.000000,France,France,FR,5.0,22.86,98.91,39.06,opendata.reseaux-energies.fr,false,""
2024-05-25T10:00:00.000000,France,France,FR,5.79,24.47,98.76,42.25,opendata.reseaux-energies.fr,false,""
2024-05-25T11:00:00.000000,France,France,FR,5.11,23.92,98.89,43.24,opendata.reseaux-energies.fr,false,""
2024-05-25T12:00:00.000000,France,France,FR,5.16,24.15,98.88,43.72,opendata.reseaux-energies.fr,false,""
2024-05-25T13:00:00.000000,France,France,FR,5.71,24.76,98.77,43.41,opendata.reseaux-energies.fr,false,""
2024-05-25T14:00:00.000000,France,France,FR,6.27,24.77,98.68,41.44,opendata.reseaux-energies.fr,false,""
2024-05-25T15:00:00.000000,France,France,FR,6.35,23.89,98.65,37.69,opendata.reseaux-energies.fr,false,""
2024-05-25T16:00:00.000000,France,France,FR,6.2,22.48,98.67,33.15,opendata.reseaux-energies.fr,false,""
2024-05-25T17:00:00.000000,France,France,FR,6.33,21.3,98.62,29.01,opendata.reseaux-energies.fr,false,""
2024-05-25T18:00:00.000000,France,France,FR,5.69,19.31,98.71,26.68,opendata.reseaux-energies.fr,false,""
2024-05-25T19:00:00.000000,France,France,FR,5.43,18.48,98.76,26.36,opendata.reseaux-energies.fr,false,""
2024-05-25T20:00:00.000000,France,France,FR,5.72,18.79,98.75,26.4,opendata.reseaux-energies.fr,false,""
2024-05-25T21:00:00.000000,France,France,FR,20.18,37.31,96.86,26.89,opendata.reseaux-energies.fr,false,""
2024-05-25T22:00:00.000000,France,France,FR,19.85,36.96,96.96,27.04,opendata.reseaux-energies.fr,false,""
2024-05-25T23:00:00.000000,France,France,FR,6.6,20.22,98.7,27.39,opendata.reseaux-energies.fr,false,""
2024-05-26T00:00:00.000000,France,France,FR,4.51,17.71,99.01,27.86,opendata.reseaux-energies.fr,false,""
2024-05-26T01:00:00.000000,France,France,FR,4.6,18.07,98.99,28.49,opendata.reseaux-energies.fr,false,""
2024-05-26T02:00:00.000000,France,France,FR,4.63,18.25,98.98,29.49,opendata.reseaux-energies.fr,false,""
2024-05-26T03:00:00.000000,France,France,FR,4.66,18.31,98.97,28.93,opendata.reseaux-energies.fr,false,""
2024-05-26T04:00:00.000000,France,France,FR,4.81,18.59,98.95,28.2,opendata.reseaux-energies.fr,false,""
2024-05-26T05:00:00.000000,France,France,FR,4.77,18.87,98.95,29.34,opendata.reseaux-energies.fr,false,""
2024-05-26T06:00:00.000000,France,France,FR,4.77,19.59,98.96,31.5,opendata.reseaux-energies.fr,false,""
2024-05-26T07:00:00.000000,France,France,FR,4.71,20.4,98.97,34.12,opendata.reseaux-energies.fr,false,""
2024-05-26T08:00:00.000000,France,France,FR,5.5,22.61,98.87,38.97,opendata.reseaux-energies.fr,false,""
2024-05-26T09:00:00.000000,France,France,FR,7.35,25.38,98.64,39.46,opendata.reseaux-energies.fr,false,""
2024-05-26T10:00:00.000000,France,France,FR,7.19,25.2,98.68,39.91,opendata.reseaux-energies.fr,false,""
2024-05-26T11:00:00.000000,France,France,FR,5.47,22.95,98.9,40.43,opendata.reseaux-energies.fr,false,""
2024-05-26T12:00:00.000000,France,France,FR,4.68,21.93,98.98,40.41,opendata.reseaux-energies.fr,false,""
2024-05-26T13:00:00.000000,France,France,FR,4.66,21.87,98.99,40.83,opendata.reseaux-energies.fr,false,""
2024-05-26T14:00:00.000000,France,France,FR,4.57,21.3,99.01,39.35,opendata.reseaux-energies.fr,false,""
2024-05-26T15:00:00.000000,France,France,FR,4.98,21.72,98.93,40.29,opendata.reseaux-energies.fr,false,""
2024-05-26T16:00:00.000000,France,France,FR,6.23,22.69,98.68,39.61,opendata.reseaux-energies.fr,false,""
2024-05-26T17:00:00.000000,France,France,FR,7.08,22.66,98.5,35.1,opendata.reseaux-energies.fr,false,""
2024-05-26T18:00:00.000000,France,France,FR,5.6,19.64,98.8,29.96,opendata.reseaux-energies.fr,false,""
2024-05-26T19:00:00.000000,France,France,FR,4.58,17.58,99.0,26.73,opendata.reseaux-energies.fr,false,""
2024-05-26T20:00:00.000000,France,France,FR,4.33,17.01,99.05,26.38,opendata.reseaux-energies.fr,false,""
2024-05-26T21:00:00.000000,France,France,FR,4.32,17.01,99.05,25.81,opendata.reseaux-energies.fr,false,""
2024-05-26T22:00:00.000000,France,France,FR,4.4,17.16,99.04,24.68,opendata.reseaux-energies.fr,false,""
2024-05-26T23:00:00.000000,France,France,FR,4.34,17.24,99.05,23.77,opendata.reseaux-energies.fr,false,""
2024-05-27T00:00:00.000000,France,France,FR,4.42,17.37,99.04,23.33,opendata.reseaux-energies.fr,false,""
2024-05-27T01:00:00.000000,France,France,FR,4.5,17.49,99.02,22.98,opendata.reseaux-energies.fr,false,""
2024-05-27T02:00:00.000000,France,France,FR,4.59,17.72,99.0,22.77,opendata.reseaux-energies.fr,false,""
2024-05-27T03:00:00.000000,France,France,FR,4.51,17.51,99.02,22.26,opendata.reseaux-energies.fr,false,""
2024-05-27T04:00:00.000000,France,France,FR,4.55,17.44,99.0,22.78,opendata.reseaux-energies.fr,false,""
2024-05-27T05:00:00.000000,France,France,FR,4.66,17.45,98.96,23.35,opendata.reseaux-energies.fr,false,""
2024-05-27T06:00:00.000000,France,France,FR,4.66,17.84,98.96,25.17,opendata.reseaux-energies.fr,false,""
2024-05-27T07:00:00.000000,France,France,FR,4.56,18.27,98.98,27.11,opendata.reseaux-energies.fr,false,""
2024-05-27T08:00:00.000000,France,France,FR,4.46,18.52,99.01,28.65,opendata.reseaux-energies.fr,false,""
2024-05-27T09:00:00.000000,France,France,FR,4.33,18.7,99.04,29.95,opendata.reseaux-energies.fr,false,""
2024-05-27T10:00:00.000000,France,France,FR,4.28,18.92,99.06,31.64,opendata.reseaux-energies.fr,false,""
2024-05-27T11:00:00.000000,France,France,FR,4.44,19.3,99.04,32.89,opendata.reseaux-energies.fr,false,""
2024-05-27T12:00:00.000000,France,France,FR,4.28,19.3,99.07,33.61,opendata.reseaux-energies.fr,false,""
2024-05-27T13:00:00.000000,France,France,FR,4.16,19.12,99.09,33.83,opendata.reseaux-energies.fr,false,""
2024-05-27T14:00:00.000000,France,France,FR,4.23,19.12,99.07,33.83,opendata.reseaux-energies.fr,false,""
2024-05-27T15:00:00.000000,France,France,FR,4.55,19.42,99.0,34.11,opendata.reseaux-energies.fr,false,""
2024-05-27T16:00:00.000000,France,France,FR,4.9,19.33,98.93,32.11,opendata.reseaux-energies.fr,false,""
2024-05-27T17:00:00.000000,France,France,FR,4.9,18.57,98.9,29.17,opendata.reseaux-energies.fr,false,""
2024-05-27T18:00:00.000000,France,France,FR,4.9,17.79,98.89,25.64,opendata.reseaux-energies.fr,false,""
2024-05-27T19:00:00.000000,France,France,FR,4.98,17.45,98.87,23.65,opendata.reseaux-energies.fr,false,""
2024-05-27T20:00:00.000000,France,France,FR,5.0,17.35,98.86,23.48,opendata.reseaux-energies.fr,false,""
2024-05-27T21:00:00.000000,France,France,FR,4.84,17.14,98.9,24.32,opendata.reseaux-energies.fr,false,""
2024-05-27T22:00:00.000000,France,France,FR,4.51,16.73,98.99,25.26,opendata.reseaux-energies.fr,false,""
2024-05-27T23:00:00.000000,France,France,FR,4.34,16.61,99.04,24.64,opendata.reseaux-energies.fr,false,""
2024-05-28T00:00:00.000000,France,France,FR,4.5,16.96,99.01,25.27,opendata.reseaux-energies.fr,false,""
2024-05-28T01:00:00.000000,France,France,FR,4.3,16.82,99.05,24.92,opendata.reseaux-energies.fr,false,""
2024-05-28T02:00:00.000000,France,France,FR,4.35,16.93,99.05,24.87,opendata.reseaux-energies.fr,false,""
2024-05-28T03:00:00.000000,France,France,FR,4.34,16.9,99.05,25.08,opendata.reseaux-energies.fr,false,""
2024-05-28T04:00:00.000000,France,France,FR,4.07,16.41,99.12,25.89,opendata.reseaux-energies.fr,false,""
2024-05-28T05:00:00.000000,France,France,FR,4.12,16.58,99.1,27.83,opendata.reseaux-energies.fr,false,""
2024-05-28T06:00:00.000000,France,France,FR,4.2,17.45,99.07,30.45,opendata.reseaux-energies.fr,false,""
2024-05-28T07:00:00.000000,France,France,FR,4.05,18.42,99.1,34.23,opendata.reseaux-energies.fr,false,""
2024-05-28T08:00:00.000000,France,France,FR,3.92,19.08,99.13,37.71,opendata.reseaux-energies.fr,false,""
2024-05-28T09:00:00.000000,France,France,FR,3.84,19.45,99.15,40.02,opendata.reseaux-energies.fr,false,""
2024-05-28T10:00:00.000000,France,France,FR,3.48,19.3,99.25,41.3,opendata.reseaux-energies.fr,false,""
2024-05-28T11:00:00.000000,France,France,FR,3.44,19.56,99.25,42.7,opendata.reseaux-energies.fr,false,""
2024-05-28T12:00:00.000000,France,France,FR,3.45,19.65,99.25,42.72,opendata.reseaux-energies.fr,false,""
2024-05-28T13:00:00.000000,France,France,FR,3.5,19.67,99.24,42.58,opendata.reseaux-energies.fr,false,""
2024-05-28T14:00:00.000000,France,France,FR,3.55,19.55,99.22,42.31,opendata.reseaux-energies.fr,false,""
2024-05-28T15:00:00.000000,France,France,FR,3.83,19.4,99.16,40.59,opendata.reseaux-energies.fr,false,""
2024-05-28T16:00:00.000000,France,France,FR,3.92,18.6,99.14,37.27,opendata.reseaux-energies.fr,false,""
2024-05-28T17:00:00.000000,France,France,FR,4.09,17.76,99.09,33.88,opendata.reseaux-energies.fr,false,""
2024-05-28T18:00:00.000000,France,France,FR,4.66,17.73,98.98,31.66,opendata.reseaux-energies.fr,false,""
2024-05-28T19:00:00.000000,France,France,FR,4.46,17.13,99.02,30.59,opendata.reseaux-energies.fr,false,""
2024-05-28T20:00:00.000000,France,France,FR,4.58,17.23,99.0,30.85,opendata.reseaux-energies.fr,false,""
2024-05-28T21:00:00.000000,France,France,FR,4.46,17.1,99.02,31.55,opendata.reseaux-energies.fr,false,""
2024-05-28T22:00:00.000000,France,France,FR,4.34,17.05,99.04,31.57,opendata.reseaux-energies.fr,false,""
2024-05-28T23:00:00.000000,France,France,FR,4.28,17.2,99.06,32.11,opendata.reseaux-energies.fr,false,""
2024-05-29T00:00:00.000000,France,France,FR,4.3,17.3,99.06,32.1,opendata.reseaux-energies.fr,false,""
2024-05-29T01:00:00.000000,France,France,FR,4.34,17.42,99.05,30.95,opendata.reseaux-energies.fr,false,""
2024-05-29T02:00:00.000000,France,France,FR,4.4,17.48,99.04,30.15,opendata.reseaux-energies.fr,false,""
2024-05-29T03:00:00.000000,France,France,FR,4.42,17.49,99.03,29.74,opendata.reseaux-energies.fr,false,""
2024-05-29T04:00:00.000000,France,France,FR,4.34,17.26,99.05,28.93,opendata.reseaux-energies.fr,false,""
2024-05-29T05:00:00.000000,France,France,FR,4.29,17.14,99.05,29.93,opendata.reseaux-energies.fr,false,""
2024-05-29T06:00:00.000000,France,France,FR,4.38,17.4,99.03,31.05,opendata.reseaux-energies.fr,false,""
2024-05-29T07:00:00.000000,France,France,FR,4.38,17.88,99.03,32.61,opendata.reseaux-energies.fr,false,""
2024-05-29T08:00:00.000000,France,France,FR,4.08,18.06,99.1,34.07,opendata.reseaux-energies.fr,false,""
2024-05-29T09:00:00.000000,France,France,FR,3.86,18.22,99.15,35.58,opendata.reseaux-energies.fr,false,""
2024-05-29T10:00:00.000000,France,France,FR,3.77,18.55,99.16,37.31,opendata.reseaux-energies.fr,false,""
2024-05-29T11:00:00.000000,France,France,FR,3.75,18.81,99.17,38.51,opendata.reseaux-energies.fr,false,""
2024-05-29T12:00:00.000000,France,France,FR,3.81,18.96,99.16,38.65,opendata.reseaux-energies.fr,false,""
2024-05-29T13:00:00.000000,France,France,FR,3.89,18.85,99.14,37.84,opendata.reseaux-energies.fr,false,""
2024-05-29T14:00:00.000000,France,France,FR,4.01,18.77,99.11,36.9,opendata.reseaux-energies.fr,false,""
2024-05-29T15:00:00.000000,France,France,FR,4.58,19.05,98.99,34.88,opendata.reseaux-energies.fr,false,""
2024-05-29T16:00:00.000000,France,France,FR,5.8,20.17,98.74,34.0,opendata.reseaux-energies.fr,false,""
2024-05-29T17:00:00.000000,France,France,FR,5.48,18.94,98.79,32.16,opendata.reseaux-energies.fr,false,""
2024-05-29T18:00:00.000000,France,France,FR,5.13,18.07,98.82,30.92,opendata.reseaux-energies.fr,false,""
2024-05-29T19:00:00.000000,France,France,FR,5.12,17.88,98.82,30.18,opendata.reseaux-energies.fr,false,""
2024-05-29T20:00:00.000000,France,France,FR,4.87,17.57,98.89,30.48,opendata.reseaux-energies.fr,false,""
2024-05-29T21:00:00.000000,France,France,FR,4.74,17.36,98.92,30.91,opendata.reseaux-energies.fr,false,""
2024-05-29T22:00:00.000000,France,France,FR,4.48,17.01,99.0,30.44,opendata.reseaux-energies.fr,false,""
2024-05-29T23:00:00.000000,France,France,FR,4.33,16.92,99.04,28.83,opendata.reseaux-energies.fr,false,""
2024-05-30T00:00:00.000000,France,France,FR,4.39,17.09,99.03,28.19,opendata.reseaux-energies.fr,false,""
2024-05-30T01:00:00.000000,France,France,FR,4.38,17.1,99.04,26.48,opendata.reseaux-energies.fr,false,""
2024-05-30T02:00:00.000000,France,France,FR,4.39,17.13,99.04,25.04,opendata.reseaux-energies.fr,false,""
2024-05-30T03:00:00.000000,France,France,FR,4.37,17.03,99.04,24.13,opendata.reseaux-energies.fr,false,""
2024-05-30T04:00:00.000000,France,France,FR,4.39,16.97,99.03,25.26,opendata.reseaux-energies.fr,false,""
2024-05-30T05:00:00.000000,France,France,FR,4.48,17.05,99.01,27.17,opendata.reseaux-energies.fr,false,""
2024-05-30T06:00:00.000000,France,France,FR,4.79,17.75,98.93,28.3,opendata.reseaux-energies.fr,false,""
2024-05-30T07:00:00.000000,France,France,FR,5.12,18.83,98.87,30.57,opendata.reseaux-energies.fr,false,""
2024-05-30T08:00:00.000000,France,France,FR,4.92,19.27,98.92,32.62,opendata.reseaux-energies.fr,false,""
2024-05-30T09:00:00.000000,France,France,FR,5.02,19.99,98.92,34.68,opendata.reseaux-energies.fr,false,""
2024-05-30T10:00:00.000000,France,France,FR,5.04,20.5,98.92,36.73,opendata.reseaux-energies.fr,false,""
2024-05-30T11:00:00.000000,France,France,FR,4.39,19.92,99.04,38.23,opendata.reseaux-energies.fr,false,""
2024-05-30T12:00:00.000000,France,France,FR,4.21,19.91,99.06,39.64,opendata.reseaux-energies.fr,false,""
2024-05-30T13:00:00.000000,France,France,FR,4.15,19.94,99.07,40.7,opendata.reseaux-energies.fr,false,""
2024-05-30T14:00:00.000000,France,France,FR,3.95,19.66,99.13,41.94,opendata.reseaux-energies.fr,false,""
2024-05-30T15:00:00.000000,France,France,FR,3.97,19.47,99.13,41.53,opendata.reseaux-energies.fr,false,""
2024-05-30T16:00:00.000000,France,France,FR,5.15,20.51,98.89,40.19,opendata.reseaux-energies.fr,false,""
2024-05-30T17:00:00.000000,France,France,FR,5.52,20.17,98.81,38.38,opendata.reseaux-energies.fr,false,""
2024-05-30T18:00:00.000000,France,France,FR,5.77,19.54,98.75,34.56,opendata.reseaux-energies.fr,false,""
2024-05-30T19:00:00.000000,France,France,FR,4.88,17.87,98.93,31.48,opendata.reseaux-energies.fr,false,""
2024-05-30T20:00:00.000000,France,France,FR,5.9,19.03,98.71,30.9,opendata.reseaux-energies.fr,false,""
2024-05-30T21:00:00.000000,France,France,FR,6.05,19.24,98.69,31.43,opendata.reseaux-energies.fr,false,""
2024-05-30T22:00:00.000000,France,France,FR,5.64,18.79,98.78,30.64,opendata.reseaux-energies.fr,false,""
2024-05-30T23:00:00.000000,France,France,FR,6.03,19.67,98.72,30.65,opendata.reseaux-energies.fr,false,""
2024-05-31T00:00:00.000000,France,France,FR,6.61,20.57,98.61,31.29,opendata.reseaux-energies.fr,false,""
2024-05-31T01:00:00.000000,France,France,FR,6.28,20.17,98.68,30.57,opendata.reseaux-energies.fr,false,""
2024-05-31T02:00:00.000000,France,France,FR,5.71,19.44,98.8,29.9,opendata.reseaux-energies.fr,false,""
2024-05-31T03:00:00.000000,France,France,FR,6.22,20.07,98.72,30.77,opendata.reseaux-energies.fr,false,""
2024-05-31T04:00:00.000000,France,France,FR,5.98,19.71,98.8,31.31,opendata.reseaux-energies.fr,false,""
2024-05-31T05:00:00.000000,France,France,FR,5.43,18.99,98.89,31.85,opendata.reseaux-energies.fr,false,""
2024-05-31T06:00:00.000000,France,France,FR,5.55,19.59,98.85,34.4,opendata.reseaux-energies.fr,false,""
2024-05-31T07:00:00.000000,France,France,FR,4.7,19.29,99.03,36.76,opendata.reseaux-energies.fr,false,""
2024-05-31T08:00:00.000000,France,France,FR,4.54,19.95,99.07,39.45,opendata.reseaux-energies.fr,false,""
2024-05-31T09:00:00.000000,France,France,FR,4.26,20.02,99.13,40.67,opendata.reseaux-energies.fr,false,""
2024-05-31T10:00:00.000000,France,France,FR,4.12,20.0,99.17,41.47,opendata.reseaux-energies.fr,false,""
2024-05-31T11:00:00.000000,France,France,FR,4.11,20.09,99.17,42.19,opendata.reseaux-energies.fr,false,""
2024-05-31T12:00:00.000000,France,France,FR,4.29,19.88,99.13,38.36,opendata.reseaux-energies.fr,false,""
2024-05-31T13:00:00.000000,France,France,FR,4.55,20.02,99.07,36.99,opendata.reseaux-energies.fr,false,""
2024-05-31T14:00:00.000000,France,France,FR,5.35,21.25,98.9,37.65,opendata.reseaux-energies.fr,false,""
2024-05-31T15:00:00.000000,France,France,FR,5.37,21.27,98.9,37.5,opendata.reseaux-energies.fr,false,""
2024-05-31T16:00:00.000000,France,France,FR,4.41,19.78,99.1,38.48,opendata.reseaux-energies.fr,false,""
2024-05-31T17:00:00.000000,France,France,FR,4.13,18.59,99.16,38.21,opendata.reseaux-energies.fr,false,""
2024-05-31T18:00:00.000000,France,France,FR,4.15,17.84,99.15,35.3,opendata.reseaux-energies.fr,false,""
2024-05-31T19:00:00.000000,France,France,FR,4.19,17.57,99.15,34.31,opendata.reseaux-energies.fr,false,""
2024-05-31T20:00:00.000000,France,France,FR,4.41,17.79,99.1,34.16,opendata.reseaux-energies.fr,false,""
2024-05-31T21:00:00.000000,France,France,FR,4.72,18.05,99.03,33.84,opendata.reseaux-energies.fr,false,""
2024-05-31T22:00:00.000000,France,France,FR,5.05,18.6,98.98,33.36,opendata.reseaux-energies.fr,false,""
2024-05-31T23:00:00.000000,France,France,FR,5.16,19.09,98.97,32.92,opendata.reseaux-energies.fr,false,""
2024-06-01T00:00:00.000000,France,France,FR,5.49,19.56,98.91,32.57,opendata.reseaux-energies.fr,false,""
2024-06-01T01:00:00.000000,France,France,FR,5.35,19.52,98.89,31.4,opendata.reseaux-energies.fr,false,""
2024-06-01T02:00:00.000000,France,France,FR,4.91,19.09,98.96,31.22,opendata.reseaux-energies.fr,false,""
2024-06-01T03:00:00.000000,France,France,FR,6.13,20.69,98.73,32.64,opendata.reseaux-energies.fr,false,""
2024-06-01T04:00:00.000000,France,France,FR,6.58,21.33,98.65,32.99,opendata.reseaux-energies.fr,false,""
2024-06-01T05:00:00.000000,France,France,FR,7.01,22.05,98.57,34.46,opendata.reseaux-energies.fr,false,""
2024-06-01T06:00:00.000000,France,France,FR,6.34,22.01,98.69,36.91,opendata.reseaux-energies.fr,false,""
2024-06-01T07:00:00.000000,France,France,FR,5.65,21.98,98.83,40.27,opendata.reseaux-energies.fr,false,""
2024-06-01T08:00:00.000000,France,France,FR,5.61,22.24,98.84,40.73,opendata.reseaux-energies.fr,false,""
2024-06-01T09:00:00.000000,France,France,FR,5.81,22.74,98.78,41.12,opendata.reseaux-energies.fr,false,""
2024-06-01T10:00:00.000000,France,France,FR,6.04,23.35,98.74,43.33,opendata.reseaux-energies.fr,false,""
2024-06-01T11:00:00.000000,France,France,FR,6.29,23.8,98.69,42.84,opendata.reseaux-energies.fr,false,""
2024-06-01T12:00:00.000000,France,France,FR,6.49,24.01,98.64,41.18,opendata.reseaux-energies.fr,false,""
2024-06-01T13:00:00.000000,France,France,FR,6.19,23.51,98.71,40.67,opendata.reseaux-energies.fr,false,""
2024-06-01T14:00:00.000000,France,France,FR,6.17,23.35,98.72,40.15,opendata.reseaux-energies.fr,false,""
2024-06-01T15:00:00.000000,France,France,FR,6.56,23.36,98.65,38.51,opendata.reseaux-energies.fr,false,""
2024-06-01T16:00:00.000000,France,France,FR,6.18,22.33,98.72,39.17,opendata.reseaux-energies.fr,false,""
2024-06-01T17:00:00.000000,France,France,FR,5.83,21.32,98.8,39.45,opendata.reseaux-energies.fr,false,""
2024-06-01T18:00:00.000000,France,France,FR,5.94,20.77,98.78,37.99,opendata.reseaux-energies.fr,false,""
2024-06-01T19:00:00.000000,France,France,FR,6.26,20.71,98.7,36.41,opendata.reseaux-energies.fr,false,""
2024-06-01T20:00:00.000000,France,France,FR,6.58,20.93,98.64,35.66,opendata.reseaux-energies.fr,false,""
2024-06-01T21:00:00.000000,France,France,FR,6.91,21.29,98.56,35.34,opendata.reseaux-energies.fr,false,""
2024-06-01T22:00:00.000000,France,France,FR,6.96,21.41,98.55,34.97,opendata.reseaux-energies.fr,false,""
2024-06-01T23:00:00.000000,France,France,FR,6.87,21.36,98.58,34.18,opendata.reseaux-energies.fr,false,""
2024-06-02T00:00:00.000000,France,France,FR,7.07,21.67,98.54,33.94,opendata.reseaux-energies.fr,false,""
2024-06-02T01:00:00.000000,France,France,FR,7.35,22.27,98.49,34.04,opendata.reseaux-energies.fr,false,""
2024-06-02T02:00:00.000000,France,France,FR,7.61,22.66,98.43,33.41,opendata.reseaux-energies.fr,false,""
2024-06-02T03:00:00.000000,France,France,FR,7.71,22.81,98.41,33.03,opendata.reseaux-energies.fr,false,""
2024-06-02T04:00:00.000000,France,France,FR,7.73,22.89,98.4,32.94,opendata.reseaux-energies.fr,false,""
2024-06-02T05:00:00.000000,France,France,FR,7.63,22.95,98.42,33.68,opendata.reseaux-energies.fr,false,""
2024-06-02T06:00:00.000000,France,France,FR,6.84,22.68,98.59,36.27,opendata.reseaux-energies.fr,false,""
2024-06-02T07:00:00.000000,France,France,FR,6.61,22.89,98.63,35.67,opendata.reseaux-energies.fr,false,""
2024-06-02T08:00:00.000000,France,France,FR,6.34,23.0,98.69,36.67,opendata.reseaux-energies.fr,false,""
2024-06-02T09:00:00.000000,France,France,FR,5.81,22.56,98.79,36.77,opendata.reseaux-energies.fr,false,""
2024-06-02T10:00:00.000000,France,France,FR,6.19,23.14,98.72,37.22,opendata.reseaux-energies.fr,false,""
2024-06-02T11:00:00.000000,France,France,FR,7.07,24.46,98.51,37.56,opendata.reseaux-energies.fr,false,""
2024-06-02T12:00:00.000000,France,France,FR,6.38,23.64,98.64,36.0,opendata.reseaux-energies.fr,false,""
2024-06-02T13:00:00.000000,France,France,FR,5.85,23.05,98.76,36.23,opendata.reseaux-energies.fr,false,""
2024-06-02T14:00:00.000000,France,France,FR,6.07,23.36,98.77,37.45,opendata.reseaux-energies.fr,false,""
2024-06-02T15:00:00.000000,France,France,FR,6.51,23.48,98.68,36.9,opendata.reseaux-energies.fr,false,""
2024-06-02T16:00:00.000000,France,France,FR,6.14,22.26,98.75,36.92,opendata.reseaux-energies.fr,false,""
2024-06-02T17:00:00.000000,France,France,FR,9.39,25.73,98.38,36.96,opendata.reseaux-energies.fr,false,""
2024-06-02T18:00:00.000000,France,France,FR,20.2,38.4,97.01,32.84,opendata.reseaux-energies.fr,false,""
2024-06-02T19:00:00.000000,France,France,FR,20.91,38.53,96.95,29.01,opendata.reseaux-energies.fr,false,""
2024-06-02T20:00:00.000000,France,France,FR,16.67,32.94,97.42,28.54,opendata.reseaux-energies.fr,false,""
2024-06-02T21:00:00.000000,France,France,FR,17.44,33.86,97.26,28.63,opendata.reseaux-energies.fr,false,""
2024-06-02T22:00:00.000000,France,France,FR,19.24,36.19,97.21,26.08,opendata.reseaux-energies.fr,false,""
2024-06-02T23:00:00.000000,France,France,FR,4.56,17.48,99.02,24.77,opendata.reseaux-energies.fr,false,""
2024-06-03T00:00:00.000000,France,France,FR,4.55,17.56,99.03,24.12,opendata.reseaux-energies.fr,false,""
2024-06-03T01:00:00.000000,France,France,FR,4.48,17.49,99.05,22.6,opendata.reseaux-energies.fr,false,""
2024-06-03T02:00:00.000000,France,France,FR,4.47,17.45,99.05,22.45,opendata.reseaux-energies.fr,false,""
2024-06-03T03:00:00.000000,France,France,FR,4.61,17.55,99.01,22.07,opendata.reseaux-energies.fr,false,""
2024-06-03T04:00:00.000000,France,France,FR,10.5,24.9,98.25,22.41,opendata.reseaux-energies.fr,false,""
2024-06-03T05:00:00.000000,France,France,FR,20.46,37.7,97.04,23.86,opendata.reseaux-energies.fr,false,""
2024-06-03T06:00:00.000000,France,France,FR,21.0,39.09,96.84,26.57,opendata.reseaux-energies.fr,false,""
2024-06-03T07:00:00.000000,France,France,FR,19.87,38.75,97.05,29.79,opendata.reseaux-energies.fr,false,""
2024-06-03T08:00:00.000000,France,France,FR,8.87,25.41,98.49,32.44,opendata.reseaux-energies.fr,false,""
2024-06-03T09:00:00.000000,France,France,FR,8.33,25.27,98.6,34.31,opendata.reseaux-energies.fr,false,""
2024-06-03T10:00:00.000000,France,France,FR,8.24,25.53,98.62,35.71,opendata.reseaux-energies.fr,false,""
2024-06-03T11:00:00.000000,France,France,FR,7.83,25.25,98.68,36.59,opendata.reseaux-energies.fr,false,""
2024-06-03T12:00:00.000000,France,France,FR,7.63,25.12,98.72,36.76,opendata.reseaux-energies.fr,false,""
2024-06-03T13:00:00.000000,France,France,FR,7.29,24.72,98.76,37.53,opendata.reseaux-energies.fr,false,""
2024-06-03T14:00:00.000000,France,France,FR,6.87,24.0,98.81,36.82,opendata.reseaux-energies.fr,false,""
2024-06-03T15:00:00.000000,France,France,FR,6.98,23.59,98.79,35.03,opendata.reseaux-energies.fr,false,""
2024-06-03T16:00:00.000000,France,France,FR,7.75,23.62,98.63,32.73,opendata.reseaux-energies.fr,false,""
2024-06-03T17:00:00.000000,France,France,FR,9.04,24.25,98.35,30.48,opendata.reseaux-energies.fr,false,""
2024-06-03T18:00:00.000000,France,France,FR,8.21,22.07,98.52,26.44,opendata.reseaux-energies.fr,false,""
2024-06-03T19:00:00.000000,France,France,FR,6.64,19.61,98.69,24.74,opendata.reseaux-energies.fr,false,""
2024-06-03T20:00:00.000000,France,France,FR,5.05,17.5,98.86,24.51,opendata.reseaux-energies.fr,false,""
2024-06-03T21:00:00.000000,France,France,FR,5.45,18.02,98.8,24.76,opendata.reseaux-energies.fr,false,""
2024-06-03T22:00:00.000000,France,France,FR,5.08,17.48,98.88,24.15,opendata.reseaux-energies.fr,false,""
2024-06-03T23:00:00.000000,France,France,FR,4.67,17.04,98.97,22.7,opendata.reseaux-energies.fr,false,""
2024-06-04T00:00:00.000000,France,France,FR,4.68,17.14,98.96,22.41,opendata.reseaux-energies.fr,false,""
2024-06-04T01:00:00.000000,France,France,FR,4.71,17.29,98.96,21.61,opendata.reseaux-energies.fr,false,""
2024-06-04T02:00:00.000000,France,France,FR,4.64,17.27,98.98,20.91,opendata.reseaux-energies.fr,false,""
2024-06-04T03:00:00.000000,France,France,FR,4.46,16.95,99.02,20.54,opendata.reseaux-energies.fr,false,""
2024-06-04T04:00:00.000000,France,France,FR,4.45,16.91,99.03,21.11,opendata.reseaux-energies.fr,false,""
2024-06-04T05:00:00.000000,France,France,FR,4.45,17.11,99.02,23.31,opendata.reseaux-energies.fr,false,""
2024-06-04T06:00:00.000000,France,France,FR,4.37,17.71,99.04,26.63,opendata.reseaux-energies.fr,false,""
2024-06-04T07:00:00.000000,France,France,FR,4.21,18.49,99.07,30.07,opendata.reseaux-energies.fr,false,""
2024-06-04T08:00:00.000000,France,France,FR,3.84,19.04,99.16,33.39,opendata.reseaux-energies.fr,false,""
2024-06-04T09:00:00.000000,France,France,FR,3.57,19.41,99.22,35.8,opendata.reseaux-energies.fr,false,""
2024-06-04T10:00:00.000000,France,France,FR,3.52,19.66,99.23,37.49,opendata.reseaux-energies.fr,false,""
2024-06-04T11:00:00.000000,France,France,FR,3.52,19.91,99.23,39.38,opendata.reseaux-energies.fr,false,""
2024-06-04T12:00:00.000000,France,France,FR,3.65,20.41,99.2,40.89,opendata.reseaux-energies.fr,false,""
2024-06-04T13:00:00.000000,France,France,FR,4.36,20.6,99.05,37.2,opendata.reseaux-energies.fr,false,""
2024-06-04T14:00:00.000000,France,France,FR,4.02,20.3,99.12,38.09,opendata.reseaux-energies.fr,false,""
2024-06-04T15:00:00.000000,France,France,FR,4.08,20.4,99.1,39.22,opendata.reseaux-energies.fr,false,""
2024-06-04T16:00:00.000000,France,France,FR,7.37,23.54,98.68,36.57,opendata.reseaux-energies.fr,false,""
2024-06-04T17:00:00.000000,France,France,FR,10.45,26.22,98.29,32.81,opendata.reseaux-energies.fr,false,""
2024-06-04T18:00:00.000000,France,France,FR,10.76,25.69,98.23,30.01,opendata.reseaux-energies.fr,false,""
2024-06-04T19:00:00.000000,France,France,FR,11.13,25.81,98.19,28.74,opendata.reseaux-energies.fr,false,""
2024-06-04T20:00:00.000000,France,France,FR,11.1,25.67,98.19,28.55,opendata.reseaux-energies.fr,false,""
2024-06-04T21:00:00.000000,France,France,FR,5.48,18.5,98.91,28.84,opendata.reseaux-energies.fr,false,""
2024-06-04T22:00:00.000000,France,France,FR,4.81,17.05,98.94,27.18,opendata.reseaux-energies.fr,false,""
2024-06-04T23:00:00.000000,France,France,FR,5.75,17.65,98.75,25.54,opendata.reseaux-energies.fr,false,""
2024-06-05T00:00:00.000000,France,France,FR,5.53,17.44,98.79,24.8,opendata.reseaux-energies.fr,false,""
2024-06-05T01:00:00.000000,France,France,FR,5.54,17.38,98.8,23.44,opendata.reseaux-energies.fr,false,""
2024-06-05T02:00:00.000000,France,France,FR,5.5,17.3,98.81,22.68,opendata.reseaux-energies.fr,false,""
2024-06-05T03:00:00.000000,France,France,FR,5.25,16.89,98.88,22.37,opendata.reseaux-energies.fr,false,""
2024-06-05T04:00:00.000000,France,France,FR,5.26,16.84,98.86,22.9,opendata.reseaux-energies.fr,false,""
2024-06-05T05:00:00.000000,France,France,FR,5.58,17.48,98.77,23.68,opendata.reseaux-energies.fr,false,""
2024-06-05T06:00:00.000000,France,France,FR,6.4,19.28,98.54,26.1,opendata.reseaux-energies.fr,false,""
2024-06-05T07:00:00.000000,France,France,FR,6.06,19.83,98.61,28.61,opendata.reseaux-energies.fr,false,""
2024-06-05T08:00:00.000000,France,France,FR,5.01,19.38,98.89,31.77,opendata.reseaux-energies.fr,false,""
2024-06-05T09:00:00.000000,France,France,FR,4.5,19.36,99.02,34.25,opendata.reseaux-energies.fr,false,""
2024-06-05T10:00:00.000000,France,France,FR,4.42,19.72,99.04,36.07,opendata.reseaux-energies.fr,false,""
2024-06-05T11:00:00.000000,France,France,FR,4.47,20.1,99.03,37.23,opendata.reseaux-energies.fr,false,""
2024-06-05T12:00:00.000000,France,France,FR,4.89,19.99,98.93,34.18,opendata.reseaux-energies.fr,false,""
2024-06-05T13:00:00.000000,France,France,FR,4.83,20.2,98.94,35.67,opendata.reseaux-energies.fr,false,""
2024-06-05T14:00:00.000000,France,France,FR,5.03,19.91,98.9,33.67,opendata.reseaux-energies.fr,false,""
2024-06-05T15:00:00.000000,France,France,FR,4.81,19.42,98.95,34.74,opendata.reseaux-energies.fr,false,""
2024-06-05T16:00:00.000000,France,France,FR,4.84,18.75,98.94,32.56,opendata.reseaux-energies.fr,false,""
2024-06-05T17:00:00.000000,France,France,FR,5.22,18.01,98.85,29.53,opendata.reseaux-energies.fr,false,""
2024-06-05T18:00:00.000000,France,France,FR,5.51,17.43,98.78,26.47,opendata.reseaux-energies.fr,false,""
2024-06-05T19:00:00.000000,France,France,FR,5.45,16.97,98.8,24.52,opendata.reseaux-energies.fr,false,""
2024-06-05T20:00:00.000000,France,France,FR,5.49,16.92,98.8,24.05,opendata.reseaux-energies.fr,false,""
2024-06-05T21:00:00.000000,France,France,FR,5.5,16.89,98.79,23.86,opendata.reseaux-energies.fr,false,""
2024-06-05T22:00:00.000000,France,France,FR,5.41,16.74,98.81,23.13,opendata.reseaux-energies.fr,false,""
2024-06-05T23:00:00.000000,France,France,FR,5.38,16.76,98.82,21.9,opendata.reseaux-energies.fr,false,""
2024-06-06T00:00:00.000000,France,France,FR,5.3,16.73,98.84,21.1,opendata.reseaux-energies.fr,false,""
2024-06-06T01:00:00.000000,France,France,FR,5.29,16.7,98.85,20.64,opendata.reseaux-energies.fr,false,""
2024-06-06T02:00:00.000000,France,France,FR,5.32,16.73,98.84,20.19,opendata.reseaux-energies.fr,false,""
2024-06-06T03:00:00.000000,France,France,FR,5.31,16.71,98.84,20.09,opendata.reseaux-energies.fr,false,""
2024-06-06T04:00:00.000000,France,France,FR,5.24,16.77,98.86,21.45,opendata.reseaux-energies.fr,false,""
2024-06-06T05:00:00.000000,France,France,FR,5.25,17.01,98.85,23.7,opendata.reseaux-energies.fr,false,""
2024-06-06T06:00:00.000000,France,France,FR,5.22,17.66,98.85,26.06,opendata.reseaux-energies.fr,false,""
2024-06-06T07:00:00.000000,France,France,FR,5.11,18.34,98.88,28.6,opendata.reseaux-energies.fr,false,""
2024-06-06T08:00:00.000000,France,France,FR,4.8,19.01,98.95,31.55,opendata.reseaux-energies.fr,false,""
2024-06-06T09:00:00.000000,France,France,FR,4.67,19.62,98.97,33.87,opendata.reseaux-energies.fr,false,""
2024-06-06T10:00:00.000000,France,France,FR,4.61,19.88,98.99,35.28,opendata.reseaux-energies.fr,false,""
2024-06-06T11:00:00.000000,France,France,FR,4.58,19.88,98.99,35.41,opendata.reseaux-energies.fr,false,""
2024-06-06T12:00:00.000000,France,France,FR,4.65,19.95,98.98,35.21,opendata.reseaux-energies.fr,false,""
2024-06-06T13:00:00.000000,France,France,FR,4.68,19.9,98.97,34.76,opendata.reseaux-energies.fr,false,""
2024-06-06T14:00:00.000000,France,France,FR,4.67,19.55,98.98,34.13,opendata.reseaux-energies.fr,false,""
2024-06-06T15:00:00.000000,France,France,FR,4.77,19.09,98.95,33.01,opendata.reseaux-energies.fr,false,""
2024-06-06T16:00:00.000000,France,France,FR,4.79,18.2,98.95,31.33,opendata.reseaux-energies.fr,false,""
2024-06-06T17:00:00.000000,France,France,FR,4.87,17.32,98.94,28.51,opendata.reseaux-energies.fr,false,""
2024-06-06T18:00:00.000000,France,France,FR,5.06,16.77,98.9,25.9,opendata.reseaux-energies.fr,false,""
2024-06-06T19:00:00.000000,France,France,FR,5.09,16.45,98.89,24.5,opendata.reseaux-energies.fr,false,""
2024-06-06T20:00:00.000000,France,France,FR,12.87,26.31,97.94,24.08,opendata.reseaux-energies.fr,false,""
2024-06-06T21:00:00.000000,France,France,FR,17.29,31.94,97.44,24.61,opendata.reseaux-energies.fr,false,""
2024-06-06T22:00:00.000000,France,France,FR,16.8,32.74,97.56,25.76,opendata.reseaux-energies.fr,false,""
2024-06-06T23:00:00.000000,France,France,FR,3.97,16.46,99.14,25.44,opendata.reseaux-energies.fr,false,""
2024-06-07T00:00:00.000000,France,France,FR,4.04,16.62,99.13,24.97,opendata.reseaux-energies.fr,false,""
2024-06-07T01:00:00.000000,France,France,FR,4.05,16.63,99.13,23.89,opendata.reseaux-energies.fr,false,""
2024-06-07T02:00:00.000000,France,France,FR,4.03,16.67,99.14,22.67,opendata.reseaux-energies.fr,false,""
2024-06-07T03:00:00.000000,France,France,FR,4.28,16.93,99.07,21.87,opendata.reseaux-energies.fr,false,""
2024-06-07T04:00:00.000000,France,France,FR,4.44,17.04,99.02,22.83,opendata.reseaux-energies.fr,false,""
2024-06-07T05:00:00.000000,France,France,FR,4.59,17.44,98.97,25.31,opendata.reseaux-energies.fr,false,""
2024-06-07T06:00:00.000000,France,France,FR,5.38,19.01,98.75,27.31,opendata.reseaux-energies.fr,false,""
2024-06-07T07:00:00.000000,France,France,FR,6.05,20.68,98.56,29.83,opendata.reseaux-energies.fr,false,""
2024-06-07T08:00:00.000000,France,France,FR,5.17,20.42,98.77,32.18,opendata.reseaux-energies.fr,false,""
2024-06-07T09:00:00.000000,France,France,FR,4.96,20.84,98.81,34.01,opendata.reseaux-energies.fr,false,""
2024-06-07T10:00:00.000000,France,France,FR,4.97,21.21,98.81,35.4,opendata.reseaux-energies.fr,false,""
2024-06-07T11:00:00.000000,France,France,FR,4.91,21.25,98.83,35.49,opendata.reseaux-energies.fr,false,""
2024-06-07T12:00:00.000000,France,France,FR,4.51,20.87,98.96,35.53,opendata.reseaux-energies.fr,false,""
2024-06-07T13:00:00.000000,France,France,FR,3.6,19.56,99.19,35.01,opendata.reseaux-energies.fr,false,""
2024-06-07T14:00:00.000000,France,France,FR,3.67,19.48,99.17,34.74,opendata.reseaux-energies.fr,false,""
2024-06-07T15:00:00.000000,France,France,FR,3.65,18.77,99.17,32.91,opendata.reseaux-energies.fr,false,""
2024-06-07T16:00:00.000000,France,France,FR,3.79,18.05,99.14,30.67,opendata.reseaux-energies.fr,false,""
2024-06-07T17:00:00.000000,France,France,FR,4.01,17.39,99.08,27.87,opendata.reseaux-energies.fr,false,""
2024-06-07T18:00:00.000000,France,France,FR,4.07,16.87,99.07,25.88,opendata.reseaux-energies.fr,false,""
2024-06-07T19:00:00.000000,France,France,FR,4.14,16.64,99.06,24.74,opendata.reseaux-energies.fr,false,""
2024-06-07T20:00:00.000000,France,France,FR,6.71,19.88,98.73,25.12,opendata.reseaux-energies.fr,false,""
2024-06-07T21:00:00.000000,France,France,FR,13.66,28.8,97.88,25.79,opendata.reseaux-energies.fr,false,""
2024-06-07T22:00:00.000000,France,France,FR,13.46,28.71,97.91,26.17,opendata.reseaux-energies.fr,false,""
2024-06-07T23:00:00.000000,France,France,FR,4.19,17.11,99.05,25.92,opendata.reseaux-energies.fr,false,""
2024-06-08T00:00:00.000000,France,France,FR,4.16,17.22,99.06,25.24,opendata.reseaux-energies.fr,false,""
2024-06-08T01:00:00.000000,France,France,FR,5.38,19.01,98.9,24.94,opendata.reseaux-energies.fr,false,""
2024-06-08T02:00:00.000000,France,France,FR,6.68,20.7,98.74,24.99,opendata.reseaux-energies.fr,false,""
2024-06-08T03:00:00.000000,France,France,FR,6.67,20.62,98.75,24.82,opendata.reseaux-energies.fr,false,""
2024-06-08T04:00:00.000000,France,France,FR,6.69,20.65,98.74,24.82,opendata.reseaux-energies.fr,false,""
2024-06-08T05:00:00.000000,France,France,FR,6.53,20.77,98.77,26.18,opendata.reseaux-energies.fr,false,""
2024-06-08T06:00:00.000000,France,France,FR,4.22,18.41,99.04,28.08,opendata.reseaux-energies.fr,false,""
2024-06-08T07:00:00.000000,France,France,FR,5.14,20.61,98.86,31.12,opendata.reseaux-energies.fr,false,""
2024-06-08T08:00:00.000000,France,France,FR,7.01,24.18,98.53,35.28,opendata.reseaux-energies.fr,false,""
2024-06-08T09:00:00.000000,France,France,FR,9.93,29.0,98.08,38.04,opendata.reseaux-energies.fr,false,""
2024-06-08T10:00:00.000000,France,France,FR,11.01,30.98,97.9,40.08,opendata.reseaux-energies.fr,false,""
2024-06-08T11:00:00.000000,France,France,FR,11.3,31.71,97.84,42.08,opendata.reseaux-energies.fr,false,""
2024-06-08T12:00:00.000000,France,France,FR,8.56,28.12,98.28,41.23,opendata.reseaux-energies.fr,false,""
2024-06-08T13:00:00.000000,France,France,FR,6.5,24.84,98.59,39.27,opendata.reseaux-energies.fr,false,""
2024-06-08T14:00:00.000000,France,France,FR,5.03,22.32,98.88,37.49,opendata.reseaux-energies.fr,false,""
2024-06-08T15:00:00.000000,France,France,FR,4.15,20.43,99.06,36.64,opendata.reseaux-energies.fr,false,""
2024-06-08T16:00:00.000000,France,France,FR,3.85,18.9,99.13,34.34,opendata.reseaux-energies.fr,false,""
2024-06-08T17:00:00.000000,France,France,FR,3.97,17.93,99.1,31.43,opendata.reseaux-energies.fr,false,""
2024-06-08T18:00:00.000000,France,France,FR,4.08,17.36,99.07,29.17,opendata.reseaux-energies.fr,false,""
2024-06-08T19:00:00.000000,France,France,FR,4.12,17.0,99.06,26.95,opendata.reseaux-energies.fr,false,""
2024-06-08T20:00:00.000000,France,France,FR,4.16,16.85,99.06,26.76,opendata.reseaux-energies.fr,false,""
2024-06-08T21:00:00.000000,France,France,FR,4.14,16.81,99.06,27.85,opendata.reseaux-energies.fr,false,""
2024-06-08T22:00:00.000000,France,France,FR,4.76,17.78,98.94,27.53,opendata.reseaux-energies.fr,false,""
2024-06-08T23:00:00.000000,France,France,FR,4.32,17.52,99.04,26.86,opendata.reseaux-energies.fr,false,""
2024-06-09T00:00:00.000000,France,France,FR,4.13,17.51,99.07,27.46,opendata.reseaux-energies.fr,false,""
2024-06-09T01:00:00.000000,France,France,FR,4.31,17.99,99.03,28.33,opendata.reseaux-energies.fr,false,""
2024-06-09T02:00:00.000000,France,France,FR,4.48,18.31,98.99,28.77,opendata.reseaux-energies.fr,false,""
2024-06-09T03:00:00.000000,France,France,FR,4.62,18.68,98.96,29.08,opendata.reseaux-energies.fr,false,""
2024-06-09T04:00:00.000000,France,France,FR,4.65,18.78,98.95,29.16,opendata.reseaux-energies.fr,false,""
2024-06-09T05:00:00.000000,France,France,FR,4.96,19.65,98.88,29.93,opendata.reseaux-energies.fr,false,""
2024-06-09T06:00:00.000000,France,France,FR,5.67,21.55,98.73,31.98,opendata.reseaux-energies.fr,false,""
2024-06-09T07:00:00.000000,France,France,FR,10.46,28.92,97.85,34.24,opendata.reseaux-energies.fr,false,""
2024-06-09T08:00:00.000000,France,France,FR,12.17,32.05,97.59,37.58,opendata.reseaux-energies.fr,false,""
2024-06-09T09:00:00.000000,France,France,FR,12.15,32.81,97.64,41.31,opendata.reseaux-energies.fr,false,""
2024-06-09T10:00:00.000000,France,France,FR,11.46,32.16,97.77,42.35,opendata.reseaux-energies.fr,false,""
2024-06-09T11:00:00.000000,France,France,FR,11.89,33.05,97.69,43.8,opendata.reseaux-energies.fr,false,""
2024-06-09T12:00:00.000000,France,France,FR,12.44,34.11,97.58,45.77,opendata.reseaux-energies.fr,false,""
2024-06-09T13:00:00.000000,France,France,FR,11.27,32.07,97.74,44.26,opendata.reseaux-energies.fr,false,""
2024-06-09T14:00:00.000000,France,France,FR,8.45,27.49,98.16,41.36,opendata.reseaux-energies.fr,false,""
2024-06-09T15:00:00.000000,France,France,FR,5.84,23.02,98.71,40.01,opendata.reseaux-energies.fr,false,""
2024-06-09T16:00:00.000000,France,France,FR,5.06,20.81,98.89,38.57,opendata.reseaux-energies.fr,false,""
2024-06-09T17:00:00.000000,France,France,FR,5.23,19.84,98.85,34.7,opendata.reseaux-energies.fr,false,""
2024-06-09T18:00:00.000000,France,France,FR,4.46,17.93,98.99,31.8,opendata.reseaux-energies.fr,false,""
2024-06-09T19:00:00.000000,France,France,FR,4.01,16.8,99.07,30.09,opendata.reseaux-energies.fr,false,""
2024-06-09T20:00:00.000000,France,France,FR,3.83,16.57,99.11,30.4,opendata.reseaux-energies.fr,false,""
2024-06-09T21:00:00.000000,France,France,FR,3.99,16.73,99.07,30.91,opendata.reseaux-energies.fr,false,""
2024-06-09T22:00:00.000000,France,France,FR,4.14,16.95,99.04,30.45,opendata.reseaux-energies.fr,false,""
2024-06-09T23:00:00.000000,France,France,FR,4.1,17.05,99.05,29.19,opendata.reseaux-energies.fr,false,""
2024-06-10T00:00:00.000000,France,France,FR,4.06,17.11,99.06,28.36,opendata.reseaux-energies.fr,false,""
2024-06-10T01:00:00.000000,France,France,FR,4.03,17.22,99.07,28.13,opendata.reseaux-energies.fr,false,""
2024-06-10T02:00:00.000000,France,France,FR,4.05,17.19,99.06,27.45,opendata.reseaux-energies.fr,false,""
2024-06-10T03:00:00.000000,France,France,FR,3.99,17.0,99.08,27.16,opendata.reseaux-energies.fr,false,""
2024-06-10T04:00:00.000000,France,France,FR,3.95,16.86,99.09,28.33,opendata.reseaux-energies.fr,false,""
2024-06-10T05:00:00.000000,France,France,FR,4.0,17.09,99.07,30.02,opendata.reseaux-energies.fr,false,""
2024-06-10T06:00:00.000000,France,France,FR,3.81,17.49,99.12,32.91,opendata.reseaux-energies.fr,false,""
2024-06-10T07:00:00.000000,France,France,FR,3.98,18.63,99.06,36.82,opendata.reseaux-energies.fr,false,""
2024-06-10T08:00:00.000000,France,France,FR,4.29,19.82,98.97,40.1,opendata.reseaux-energies.fr,false,""
2024-06-10T09:00:00.000000,France,France,FR,4.58,20.94,98.88,43.62,opendata.reseaux-energies.fr,false,""
2024-06-10T10:00:00.000000,France,France,FR,4.58,21.34,98.88,45.31,opendata.reseaux-energies.fr,false,""
2024-06-10T11:00:00.000000,France,France,FR,4.47,21.36,98.91,47.16,opendata.reseaux-energies.fr,false,""
2024-06-10T12:00:00.000000,France,France,FR,4.53,21.69,98.89,48.47,opendata.reseaux-energies.fr,false,""
2024-06-10T13:00:00.000000,France,France,FR,4.74,22.02,98.85,49.43,opendata.reseaux-energies.fr,false,""
2024-06-10T14:00:00.000000,France,France,FR,5.55,22.15,98.66,43.13,opendata.reseaux-energies.fr,false,""
2024-06-10T15:00:00.000000,France,France,FR,5.49,21.83,98.66,43.08,opendata.reseaux-energies.fr,false,""
2024-06-10T16:00:00.000000,France,France,FR,6.41,22.47,98.39,41.08,opendata.reseaux-energies.fr,false,""
2024-06-10T17:00:00.000000,France,France,FR,6.56,21.41,98.35,36.11,opendata.reseaux-energies.fr,false,""
2024-06-10T18:00:00.000000,France,France,FR,6.92,21.05,98.26,32.92,opendata.reseaux-energies.fr,false,""
2024-06-10T19:00:00.000000,France,France,FR,6.92,20.62,98.27,29.32,opendata.reseaux-energies.fr,false,""
2024-06-10T20:00:00.000000,France,France,FR,6.05,19.31,98.51,27.95,opendata.reseaux-energies.fr,false,""
2024-06-10T21:00:00.000000,France,France,FR,4.71,17.45,98.88,27.01,opendata.reseaux-energies.fr,false,""
2024-06-10T22:00:00.000000,France,France,FR,4.09,16.63,99.05,25.7,opendata.reseaux-energies.fr,false,""
2024-06-10T23:00:00.000000,France,France,FR,4.14,16.8,99.04,24.17,opendata.reseaux-energies.fr,false,""
2024-06-11T00:00:00.000000,France,France,FR,4.17,16.9,99.03,23.56,opendata.reseaux-energies.fr,false,""
2024-06-11T01:00:00.000000,France,France,FR,4.1,16.77,99.05,22.62,opendata.reseaux-energies.fr,false,""
2024-06-11T02:00:00.000000,France,France,FR,4.04,16.61,99.07,21.99,opendata.reseaux-energies.fr,false,""
2024-06-11T03:00:00.000000,France,France,FR,4.0,16.54,99.08,21.99,opendata.reseaux-energies.fr,false,""
2024-06-11T04:00:00.000000,France,France,FR,3.99,16.47,99.08,22.71,opendata.reseaux-energies.fr,false,""
2024-06-11T05:00:00.000000,France,France,FR,6.04,19.21,98.77,24.35,opendata.reseaux-energies.fr,false,""
2024-06-11T06:00:00.000000,France,France,FR,6.79,20.8,98.67,26.64,opendata.reseaux-energies.fr,false,""
2024-06-11T07:00:00.000000,France,France,FR,6.69,21.57,98.74,29.07,opendata.reseaux-energies.fr,false,""
2024-06-11T08:00:00.000000,France,France,FR,6.4,22.03,98.82,31.84,opendata.reseaux-energies.fr,false,""
2024-06-11T09:00:00.000000,France,France,FR,6.32,22.67,98.85,34.77,opendata.reseaux-energies.fr,false,""
2024-06-11T10:00:00.000000,France,France,FR,6.22,22.91,98.87,37.46,opendata.reseaux-energies.fr,false,""
2024-06-11T11:00:00.000000,France,France,FR,6.12,22.9,98.89,38.35,opendata.reseaux-energies.fr,false,""
2024-06-11T12:00:00.000000,France,France,FR,6.07,22.79,98.89,38.05,opendata.reseaux-energies.fr,false,""
2024-06-11T13:00:00.000000,France,France,FR,5.41,21.95,98.97,37.23,opendata.reseaux-energies.fr,false,""
2024-06-11T14:00:00.000000,France,France,FR,5.5,21.97,98.95,37.43,opendata.reseaux-energies.fr,false,""
2024-06-11T15:00:00.000000,France,France,FR,4.61,20.44,99.06,36.43,opendata.reseaux-energies.fr,false,""
2024-06-11T16:00:00.000000,France,France,FR,4.96,20.25,98.97,34.01,opendata.reseaux-energies.fr,false,""
2024-06-11T17:00:00.000000,France,France,FR,4.49,18.54,98.99,31.08,opendata.reseaux-energies.fr,false,""
2024-06-11T18:00:00.000000,France,France,FR,4.12,17.19,99.06,28.08,opendata.reseaux-energies.fr,false,""
2024-06-11T19:00:00.000000,France,France,FR,4.05,16.59,99.08,25.63,opendata.reseaux-energies.fr,false,""
2024-06-11T20:00:00.000000,France,France,FR,4.03,16.41,99.08,25.54,opendata.reseaux-energies.fr,false,""
2024-06-11T21:00:00.000000,France,France,FR,4.08,16.43,99.07,26.78,opendata.reseaux-energies.fr,false,""
2024-06-11T22:00:00.000000,France,France,FR,4.1,16.46,99.07,25.55,opendata.reseaux-energies.fr,false,""
2024-06-11T23:00:00.000000,France,France,FR,3.78,16.22,99.17,23.44,opendata.reseaux-energies.fr,false,""
2024-06-12T00:00:00.000000,France,France,FR,3.72,16.24,99.19,22.54,opendata.reseaux-energies.fr,false,""
2024-06-12T01:00:00.000000,France,France,FR,3.7,16.34,99.19,22.67,opendata.reseaux-energies.fr,false,""
2024-06-12T02:00:00.000000,France,France,FR,3.73,16.36,99.19,22.42,opendata.reseaux-energies.fr,false,""
2024-06-12T03:00:00.000000,France,France,FR,3.71,16.26,99.19,22.03,opendata.reseaux-energies.fr,false,""
2024-06-12T04:00:00.000000,France,France,FR,3.65,16.2,99.2,22.83,opendata.reseaux-energies.fr,false,""
2024-06-12T05:00:00.000000,France,France,FR,3.63,16.32,99.2,24.63,opendata.reseaux-energies.fr,false,""
2024-06-12T06:00:00.000000,France,France,FR,3.85,17.34,99.14,27.13,opendata.reseaux-energies.fr,false,""
2024-06-12T07:00:00.000000,France,France,FR,4.64,19.4,98.91,30.31,opendata.reseaux-energies.fr,false,""
2024-06-12T08:00:00.000000,France,France,FR,5.3,21.34,98.71,33.78,opendata.reseaux-energies.fr,false,""
2024-06-12T09:00:00.000000,France,France,FR,5.57,22.33,98.64,36.06,opendata.reseaux-energies.fr,false,""
2024-06-12T10:00:00.000000,France,France,FR,5.29,22.09,98.72,37.13,opendata.reseaux-energies.fr,false,""
2024-06-12T11:00:00.000000,France,France,FR,4.61,21.27,98.9,37.5,opendata.reseaux-energies.fr,false,""
2024-06-12T12:00:00.000000,France,France,FR,4.09,20.47,99.05,36.38,opendata.reseaux-energies.fr,false,""
2024-06-12T13:00:00.000000,France,France,FR,3.42,19.41,99.24,36.01,opendata.reseaux-energies.fr,false,""
2024-06-12T14:00:00.000000,France,France,FR,3.64,19.5,99.2,35.61,opendata.reseaux-energies.fr,false,""
2024-06-12T15:00:00.000000,France,France,FR,3.58,19.08,99.21,34.37,opendata.reseaux-energies.fr,false,""
2024-06-12T16:00:00.000000,France,France,FR,4.81,19.76,99.04,31.76,opendata.reseaux-energies.fr,false,""
2024-06-12T17:00:00.000000,France,France,FR,12.11,28.12,98.08,29.16,opendata.reseaux-energies.fr,false,""
2024-06-12T18:00:00.000000,France,France,FR,9.44,23.85,98.45,26.2,opendata.reseaux-energies.fr,false,""
2024-06-12T19:00:00.000000,France,France,FR,3.84,16.21,99.15,24.35,opendata.reseaux-energies.fr,false,""
2024-06-12T20:00:00.000000,France,France,FR,3.85,16.12,99.15,23.56,opendata.reseaux-energies.fr,false,""
2024-06-12T21:00:00.000000,France,France,FR,3.82,16.11,99.16,24.11,opendata.reseaux-energies.fr,false,""
2024-06-12T22:00:00.000000,France,France,FR,3.85,16.17,99.15,23.84,opendata.reseaux-energies.fr,false,""
2024-06-12T23:00:00.000000,France,France,FR,4.08,16.62,99.09,22.95,opendata.reseaux-energies.fr,false,""
2024-06-13T00:00:00.000000,France,France,FR,4.26,16.9,99.05,22.02,opendata.reseaux-energies.fr,false,""
2024-06-13T01:00:00.000000,France,France,FR,4.15,16.86,99.07,21.26,opendata.reseaux-energies.fr,false,""
2024-06-13T02:00:00.000000,France,France,FR,4.13,16.91,99.08,20.72,opendata.reseaux-energies.fr,false,""
2024-06-13T03:00:00.000000,France,France,FR,4.14,16.91,99.07,20.78,opendata.reseaux-energies.fr,false,""
2024-06-13T04:00:00.000000,France,France,FR,4.26,16.91,99.04,21.92,opendata.reseaux-energies.fr,false,""
2024-06-13T05:00:00.000000,France,France,FR,4.23,17.04,99.04,25.11,opendata.reseaux-energies.fr,false,""
2024-06-13T06:00:00.000000,France,France,FR,4.14,17.83,99.05,29.01,opendata.reseaux-energies.fr,false,""
2024-06-13T07:00:00.000000,France,France,FR,3.92,18.73,99.11,32.39,opendata.reseaux-energies.fr,false,""
2024-06-13T08:00:00.000000,France,France,FR,3.32,19.09,99.27,35.96,opendata.reseaux-energies.fr,false,""
2024-06-13T09:00:00.000000,France,France,FR,3.26,19.64,99.28,38.99,opendata.reseaux-energies.fr,false,""
2024-06-13T10:00:00.000000,France,France,FR,3.22,19.91,99.29,40.97,opendata.reseaux-energies.fr,false,""
2024-06-13T11:00:00.000000,France,France,FR,3.21,20.15,99.29,42.29,opendata.reseaux-energies.fr,false,""
2024-06-13T12:00:00.000000,France,France,FR,3.25,20.43,99.28,43.76,opendata.reseaux-energies.fr,false,""
2024-06-13T13:00:00.000000,France,France,FR,3.47,20.72,99.23,44.01,opendata.reseaux-energies.fr,false,""
2024-06-13T14:00:00.000000,France,France,FR,3.75,20.71,99.16,42.99,opendata.reseaux-energies.fr,false,""
2024-06-13T15:00:00.000000,France,France,FR,4.04,20.39,99.1,40.68,opendata.reseaux-energies.fr,false,""
2024-06-13T16:00:00.000000,France,France,FR,4.02,19.08,99.11,36.75,opendata.reseaux-energies.fr,false,""
2024-06-13T17:00:00.000000,France,France,FR,4.21,17.97,99.06,33.25,opendata.reseaux-energies.fr,false,""
2024-06-13T18:00:00.000000,France,France,FR,4.37,17.36,99.02,30.54,opendata.reseaux-energies.fr,false,""
2024-06-13T19:00:00.000000,France,France,FR,4.55,17.31,98.97,29.67,opendata.reseaux-energies.fr,false,""
2024-06-13T20:00:00.000000,France,France,FR,4.35,17.11,99.01,30.0,opendata.reseaux-energies.fr,false,""
2024-06-13T21:00:00.000000,France,France,FR,4.31,17.06,99.02,31.23,opendata.reseaux-energies.fr,false,""
2024-06-13T22:00:00.000000,France,France,FR,3.79,16.56,99.17,30.72,opendata.reseaux-energies.fr,false,""
2024-06-13T23:00:00.000000,France,France,FR,3.87,17.05,99.16,30.85,opendata.reseaux-energies.fr,false,""
2024-06-14T00:00:00.000000,France,France,FR,3.88,17.08,99.16,30.54,opendata.reseaux-energies.fr,false,""
2024-06-14T01:00:00.000000,France,France,FR,3.97,17.35,99.14,30.66,opendata.reseaux-energies.fr,false,""
2024-06-14T02:00:00.000000,France,France,FR,4.02,17.52,99.13,30.84,opendata.reseaux-energies.fr,false,""
2024-06-14T03:00:00.000000,France,France,FR,4.08,17.71,99.12,31.06,opendata.reseaux-energies.fr,false,""
2024-06-14T04:00:00.000000,France,France,FR,3.97,17.32,99.14,30.58,opendata.reseaux-energies.fr,false,""
2024-06-14T05:00:00.000000,France,France,FR,3.82,17.02,99.17,31.43,opendata.reseaux-energies.fr,false,""
2024-06-14T06:00:00.000000,France,France,FR,4.04,17.38,99.11,32.54,opendata.reseaux-energies.fr,false,""
2024-06-14T07:00:00.000000,France,France,FR,4.49,18.3,99.0,33.98,opendata.reseaux-energies.fr,false,""
2024-06-14T08:00:00.000000,France,France,FR,11.84,28.25,98.12,35.53,opendata.reseaux-energies.fr,false,""
2024-06-14T09:00:00.000000,France,France,FR,10.0,26.69,98.39,37.76,opendata.reseaux-energies.fr,false,""
2024-06-14T10:00:00.000000,France,France,FR,3.66,19.15,99.2,40.41,opendata.reseaux-energies.fr,false,""
2024-06-14T11:00:00.000000,France,France,FR,3.68,19.43,99.22,42.44,opendata.reseaux-energies.fr,false,""
2024-06-14T12:00:00.000000,France,France,FR,3.51,19.27,99.24,42.72,opendata.reseaux-energies.fr,false,""
2024-06-14T13:00:00.000000,France,France,FR,3.39,19.05,99.26,42.35,opendata.reseaux-energies.fr,false,""
2024-06-14T14:00:00.000000,France,France,FR,3.73,19.3,99.2,42.31,opendata.reseaux-energies.fr,false,""
2024-06-14T15:00:00.000000,France,France,FR,3.6,18.64,99.22,40.71,opendata.reseaux-energies.fr,false,""
2024-06-14T16:00:00.000000,France,France,FR,3.97,18.6,99.15,39.97,opendata.reseaux-energies.fr,false,""
2024-06-14T17:00:00.000000,France,France,FR,3.99,17.92,99.13,38.66,opendata.reseaux-energies.fr,false,""
2024-06-14T18:00:00.000000,France,France,FR,4.55,18.08,98.97,37.29,opendata.reseaux-energies.fr,false,""
2024-06-14T19:00:00.000000,France,France,FR,4.63,17.86,98.96,35.39,opendata.reseaux-energies.fr,false,""
2024-06-14T20:00:00.000000,France,France,FR,10.15,24.84,98.31,34.7,opendata.reseaux-energies.fr,false,""
2024-06-14T21:00:00.000000,France,France,FR,15.46,31.55,97.69,34.78,opendata.reseaux-energies.fr,false,""
2024-06-14T22:00:00.000000,France,France,FR,15.27,31.42,97.73,34.98,opendata.reseaux-energies.fr,false,""
2024-06-14T23:00:00.000000,France,France,FR,4.62,18.07,99.06,36.29,opendata.reseaux-energies.fr,false,""
2024-06-15T00:00:00.000000,France,France,FR,3.91,17.42,99.14,38.7,opendata.reseaux-energies.fr,false,""
2024-06-15T01:00:00.000000,France,France,FR,4.0,18.09,99.12,42.06,opendata.reseaux-energies.fr,false,""
2024-06-15T02:00:00.000000,France,France,FR,4.1,18.35,99.1,43.14,opendata.reseaux-energies.fr,false,""
2024-06-15T03:00:00.000000,France,France,FR,4.1,18.46,99.1,42.87,opendata.reseaux-energies.fr,false,""
2024-06-15T04:00:00.000000,France,France,FR,4.15,18.46,99.09,42.54,opendata.reseaux-energies.fr,false,""
2024-06-15T05:00:00.000000,France,France,FR,4.19,18.77,99.08,42.92,opendata.reseaux-energies.fr,false,""
2024-06-15T06:00:00.000000,France,France,FR,4.12,19.33,99.09,44.93,opendata.reseaux-energies.fr,false,""
2024-06-15T07:00:00.000000,France,France,FR,5.5,21.7,98.81,42.41,opendata.reseaux-energies.fr,false,""
2024-06-15T08:00:00.000000,France,France,FR,6.13,23.32,98.68,44.68,opendata.reseaux-energies.fr,false,""
2024-06-15T09:00:00.000000,France,France,FR,6.63,24.63,98.6,47.42,opendata.reseaux-energies.fr,false,""
2024-06-15T10:00:00.000000,France,France,FR,7.82,26.74,98.38,50.0,opendata.reseaux-energies.fr,false,""
2024-06-15T11:00:00.000000,France,France,FR,5.99,24.24,98.7,49.26,opendata.reseaux-energies.fr,false,""
2024-06-15T12:00:00.000000,France,France,FR,4.95,22.8,98.91,48.89,opendata.reseaux-energies.fr,false,""
2024-06-15T13:00:00.000000,France,France,FR,5.51,23.48,98.81,48.12,opendata.reseaux-energies.fr,false,""
2024-06-15T14:00:00.000000,France,France,FR,5.32,22.93,98.84,47.04,opendata.reseaux-energies.fr,false,""
2024-06-15T15:00:00.000000,France,France,FR,4.61,21.31,98.98,44.06,opendata.reseaux-energies.fr,false,""
2024-06-15T16:00:00.000000,France,France,FR,5.01,21.36,98.92,44.98,opendata.reseaux-energies.fr,false,""
2024-06-15T17:00:00.000000,France,France,FR,4.79,20.33,98.96,44.14,opendata.reseaux-energies.fr,false,""
2024-06-15T18:00:00.000000,France,France,FR,4.55,18.81,98.98,39.02,opendata.reseaux-energies.fr,false,""
2024-06-15T19:00:00.000000,France,France,FR,4.39,17.92,99.02,35.18,opendata.reseaux-energies.fr,false,""
2024-06-15T20:00:00.000000,France,France,FR,4.28,17.67,99.05,35.16,opendata.reseaux-energies.fr,false,""
2024-06-15T21:00:00.000000,France,France,FR,4.06,17.41,99.1,36.26,opendata.reseaux-energies.fr,false,""
2024-06-15T22:00:00.000000,France,France,FR,4.18,17.51,99.07,34.6,opendata.reseaux-energies.fr,false,""
2024-06-15T23:00:00.000000,France,France,FR,4.41,17.95,99.02,34.77,opendata.reseaux-energies.fr,false,""
2024-06-16T00:00:00.000000,France,France,FR,4.48,18.24,99.0,34.99,opendata.reseaux-energies.fr,false,""
2024-06-16T01:00:00.000000,France,France,FR,4.24,18.22,99.07,36.01,opendata.reseaux-energies.fr,false,""
2024-06-16T02:00:00.000000,France,France,FR,4.29,18.42,99.05,36.04,opendata.reseaux-energies.fr,false,""
2024-06-16T03:00:00.000000,France,France,FR,4.44,18.61,99.01,35.89,opendata.reseaux-energies.fr,false,""
2024-06-16T04:00:00.000000,France,France,FR,4.5,18.75,99.0,36.07,opendata.reseaux-energies.fr,false,""
2024-06-16T05:00:00.000000,France,France,FR,4.45,19.1,99.0,37.57,opendata.reseaux-energies.fr,false,""
2024-06-16T06:00:00.000000,France,France,FR,4.61,19.85,98.97,35.93,opendata.reseaux-energies.fr,false,""
2024-06-16T07:00:00.000000,France,France,FR,4.61,20.61,98.97,37.63,opendata.reseaux-energies.fr,false,""
2024-06-16T08:00:00.000000,France,France,FR,4.6,21.41,98.97,40.06,opendata.reseaux-energies.fr,false,""
2024-06-16T09:00:00.000000,France,France,FR,4.66,22.03,98.97,41.95,opendata.reseaux-energies.fr,false,""
2024-06-16T10:00:00.000000,France,France,FR,7.23,26.02,98.55,45.28,opendata.reseaux-energies.fr,false,""
2024-06-16T11:00:00.000000,France,France,FR,6.56,25.48,98.66,46.47,opendata.reseaux-energies.fr,false,""
2024-06-16T12:00:00.000000,France,France,FR,5.47,24.03,98.8,45.95,opendata.reseaux-energies.fr,false,""
2024-06-16T13:00:00.000000,France,France,FR,5.09,23.25,98.87,44.33,opendata.reseaux-energies.fr,false,""
2024-06-16T14:00:00.000000,France,France,FR,4.96,22.6,98.9,42.16,opendata.reseaux-energies.fr,false,""
2024-06-16T15:00:00.000000,France,France,FR,6.05,23.31,98.71,39.57,opendata.reseaux-energies.fr,false,""
2024-06-16T16:00:00.000000,France,France,FR,5.79,22.12,98.77,38.58,opendata.reseaux-energies.fr,false,""
2024-06-16T17:00:00.000000,France,France,FR,5.79,20.94,98.76,35.07,opendata.reseaux-energies.fr,false,""
2024-06-16T18:00:00.000000,France,France,FR,5.14,18.98,98.87,30.43,opendata.reseaux-energies.fr,false,""
2024-06-16T19:00:00.000000,France,France,FR,4.5,17.41,98.99,26.35,opendata.reseaux-energies.fr,false,""
2024-06-16T20:00:00.000000,France,France,FR,4.46,17.17,98.99,25.48,opendata.reseaux-energies.fr,false,""
2024-06-16T21:00:00.000000,France,France,FR,4.38,16.96,99.01,26.07,opendata.reseaux-energies.fr,false,""
2024-06-16T22:00:00.000000,France,France,FR,4.48,17.07,98.99,25.4,opendata.reseaux-energies.fr,false,""
2024-06-16T23:00:00.000000,France,France,FR,4.34,17.1,99.03,24.64,opendata.reseaux-energies.fr,false,""
2024-06-17T00:00:00.000000,France,France,FR,4.29,17.13,99.05,24.47,opendata.reseaux-energies.fr,false,""
2024-06-17T01:00:00.000000,France,France,FR,4.21,17.07,99.07,24.05,opendata.reseaux-energies.fr,false,""
2024-06-17T02:00:00.000000,France,France,FR,4.24,17.16,99.06,23.57,opendata.reseaux-energies.fr,false,""
2024-06-17T03:00:00.000000,France,France,FR,4.27,17.14,99.05,23.48,opendata.reseaux-energies.fr,false,""
2024-06-17T04:00:00.000000,France,France,FR,4.24,16.94,99.06,22.97,opendata.reseaux-energies.fr,false,""
2024-06-17T05:00:00.000000,France,France,FR,4.23,17.04,99.06,24.76,opendata.reseaux-energies.fr,false,""
2024-06-17T06:00:00.000000,France,France,FR,6.36,20.25,98.71,27.28,opendata.reseaux-energies.fr,false,""
2024-06-17T07:00:00.000000,France,France,FR,7.97,23.13,98.51,30.05,opendata.reseaux-energies.fr,false,""
2024-06-17T08:00:00.000000,France,France,FR,7.62,23.56,98.6,32.85,opendata.reseaux-energies.fr,false,""
2024-06-17T09:00:00.000000,France,France,FR,7.38,23.74,98.66,34.8,opendata.reseaux-energies.fr,false,""
2024-06-17T10:00:00.000000,France,France,FR,7.07,23.85,98.73,36.67,opendata.reseaux-energies.fr,false,""
2024-06-17T11:00:00.000000,France,France,FR,6.85,24.04,98.76,38.22,opendata.reseaux-energies.fr,false,""
2024-06-17T12:00:00.000000,France,France,FR,6.31,23.59,98.81,38.67,opendata.reseaux-energies.fr,false,""
2024-06-17T13:00:00.000000,France,France,FR,5.96,23.05,98.85,38.32,opendata.reseaux-energies.fr,false,""
2024-06-17T14:00:00.000000,France,France,FR,5.07,21.73,98.96,37.18,opendata.reseaux-energies.fr,false,""
2024-06-17T15:00:00.000000,France,France,FR,6.1,22.4,98.81,34.96,opendata.reseaux-energies.fr,false,""
2024-06-17T16:00:00.000000,France,France,FR,5.83,21.1,98.81,31.97,opendata.reseaux-energies.fr,false,""
2024-06-17T17:00:00.000000,France,France,FR,5.91,20.13,98.73,28.72,opendata.reseaux-energies.fr,false,""
2024-06-17T18:00:00.000000,France,France,FR,6.35,19.8,98.62,25.96,opendata.reseaux-energies.fr,false,""
2024-06-17T19:00:00.000000,France,France,FR,5.95,18.87,98.78,23.95,opendata.reseaux-energies.fr,false,""
2024-06-17T20:00:00.000000,France,France,FR,15.99,31.64,97.62,23.69,opendata.reseaux-energies.fr,false,""
2024-06-17T21:00:00.000000,France,France,FR,15.88,31.47,97.65,23.85,opendata.reseaux-energies.fr,false,""
2024-06-17T22:00:00.000000,France,France,FR,12.21,26.74,98.09,23.54,opendata.reseaux-energies.fr,false,""
2024-06-17T23:00:00.000000,France,France,FR,9.42,23.22,98.42,23.51,opendata.reseaux-energies.fr,false,""
2024-06-18T00:00:00.000000,France,France,FR,5.75,18.6,98.85,23.29,opendata.reseaux-energies.fr,false,""
2024-06-18T01:00:00.000000,France,France,FR,5.67,18.59,98.87,23.32,opendata.reseaux-energies.fr,false,""
2024-06-18T02:00:00.000000,France,France,FR,5.67,18.66,98.88,23.34,opendata.reseaux-energies.fr,false,""
2024-06-18T03:00:00.000000,France,France,FR,4.28,16.89,99.07,23.41,opendata.reseaux-energies.fr,false,""
2024-06-18T04:00:00.000000,France,France,FR,4.31,16.92,99.06,23.93,opendata.reseaux-energies.fr,false,""
2024-06-18T05:00:00.000000,France,France,FR,4.34,17.03,99.05,25.88,opendata.reseaux-energies.fr,false,""
2024-06-18T06:00:00.000000,France,France,FR,4.41,17.77,99.03,28.63,opendata.reseaux-energies.fr,false,""
2024-06-18T07:00:00.000000,France,France,FR,4.32,18.33,99.04,31.09,opendata.reseaux-energies.fr,false,""
2024-06-18T08:00:00.000000,France,France,FR,4.12,18.65,99.09,32.6,opendata.reseaux-energies.fr,false,""
2024-06-18T09:00:00.000000,France,France,FR,3.98,19.03,99.12,34.4,opendata.reseaux-energies.fr,false,""
2024-06-18T10:00:00.000000,France,France,FR,3.89,19.44,99.15,36.57,opendata.reseaux-energies.fr,false,""
2024-06-18T11:00:00.000000,France,France,FR,3.83,19.68,99.16,37.59,opendata.reseaux-energies.fr,false,""
2024-06-18T12:00:00.000000,France,France,FR,3.9,19.87,99.14,37.25,opendata.reseaux-energies.fr,false,""
2024-06-18T13:00:00.000000,France,France,FR,4.01,19.99,99.12,36.72,opendata.reseaux-energies.fr,false,""
2024-06-18T14:00:00.000000,France,France,FR,4.04,19.68,99.11,35.69,opendata.reseaux-energies.fr,false,""
2024-06-18T15:00:00.000000,France,France,FR,4.08,19.13,99.1,34.27,opendata.reseaux-energies.fr,false,""
2024-06-18T16:00:00.000000,France,France,FR,5.19,19.85,98.87,32.39,opendata.reseaux-energies.fr,false,""
2024-06-18T17:00:00.000000,France,France,FR,5.04,18.77,98.9,30.54,opendata.reseaux-energies.fr,false,""
2024-06-18T18:00:00.000000,France,France,FR,4.58,17.51,98.99,28.19,opendata.reseaux-energies.fr,false,""
2024-06-18T19:00:00.000000,France,France,FR,4.56,17.22,99.0,26.96,opendata.reseaux-energies.fr,false,""
2024-06-18T20:00:00.000000,France,France,FR,4.48,17.19,99.02,27.61,opendata.reseaux-energies.fr,false,""
2024-06-18T21:00:00.000000,France,France,FR,4.57,17.22,99.0,27.28,opendata.reseaux-energies.fr,false,""
2024-06-18T22:00:00.000000,France,France,FR,3.63,15.09,99.15,25.62,opendata.reseaux-energies.fr,false,""
2024-06-18T23:00:00.000000,France,France,FR,2.63,12.81,99.31,23.61,opendata.reseaux-energies.fr,false,""
2024-06-19T00:00:00.000000,France,France,FR,2.67,12.87,99.3,23.33,opendata.reseaux-energies.fr,false,""
2024-06-19T01:00:00.000000,France,France,FR,2.52,12.77,99.33,23.54,opendata.reseaux-energies.fr,false,""
2024-06-19T02:00:00.000000,France,France,FR,2.43,12.66,99.36,23.4,opendata.reseaux-energies.fr,false,""
2024-06-19T03:00:00.000000,France,France,FR,2.4,12.63,99.37,24.05,opendata.reseaux-energies.fr,false,""
2024-06-19T04:00:00.000000,France,France,FR,2.46,12.76,99.35,24.83,opendata.reseaux-energies.fr,false,""
2024-06-19T05:00:00.000000,France,France,FR,2.56,13.09,99.34,27.01,opendata.reseaux-energies.fr,false,""
2024-06-19T06:00:00.000000,France,France,FR,2.58,13.58,99.33,28.9,opendata.reseaux-energies.fr,false,""
2024-06-19T07:00:00.000000,France,France,FR,5.84,18.57,98.81,30.91,opendata.reseaux-energies.fr,false,""
2024-06-19T08:00:00.000000,France,France,FR,8.7,22.95,98.41,32.79,opendata.reseaux-energies.fr,false,""
2024-06-19T09:00:00.000000,France,France,FR,7.45,21.79,98.58,34.59,opendata.reseaux-energies.fr,false,""
2024-06-19T10:00:00.000000,France,France,FR,6.62,21.37,98.71,36.76,opendata.reseaux-energies.fr,false,""
2024-06-19T11:00:00.000000,France,France,FR,4.59,19.04,99.0,37.47,opendata.reseaux-energies.fr,false,""
2024-06-19T12:00:00.000000,France,France,FR,4.78,19.21,98.96,36.73,opendata.reseaux-energies.fr,false,""
2024-06-19T13:00:00.000000,France,France,FR,4.91,19.34,98.94,36.26,opendata.reseaux-energies.fr,false,""
2024-06-19T14:00:00.000000,France,France,FR,5.15,19.39,98.88,35.3,opendata.reseaux-energies.fr,false,""
2024-06-19T15:00:00.000000,France,France,FR,5.22,19.09,98.85,34.91,opendata.reseaux-energies.fr,false,""
2024-06-19T16:00:00.000000,France,France,FR,5.52,18.84,98.77,33.51,opendata.reseaux-energies.fr,false,""
2024-06-19T17:00:00.000000,France,France,FR,6.4,19.28,98.54,31.56,opendata.reseaux-energies.fr,false,""
2024-06-19T18:00:00.000000,France,France,FR,7.61,20.34,98.21,29.93,opendata.reseaux-energies.fr,false,""
2024-06-19T19:00:00.000000,France,France,FR,7.99,20.46,98.1,28.63,opendata.reseaux-energies.fr,false,""
2024-06-19T20:00:00.000000,France,France,FR,7.75,20.08,98.16,28.74,opendata.reseaux-energies.fr,false,""
2024-06-19T21:00:00.000000,France,France,FR,7.88,20.19,98.13,28.77,opendata.reseaux-energies.fr,false,""
2024-06-19T22:00:00.000000,France,France,FR,7.59,19.87,98.22,28.03,opendata.reseaux-energies.fr,false,""
2024-06-19T23:00:00.000000,France,France,FR,7.82,20.35,98.16,28.06,opendata.reseaux-energies.fr,false,""
2024-06-20T00:00:00.000000,France,France,FR,7.83,20.3,98.16,26.62,opendata.reseaux-energies.fr,false,""
2024-06-20T01:00:00.000000,France,France,FR,7.83,20.34,98.16,26.85,opendata.reseaux-energies.fr,false,""
2024-06-20T02:00:00.000000,France,France,FR,8.07,20.63,98.1,26.18,opendata.reseaux-energies.fr,false,""
2024-06-20T03:00:00.000000,France,France,FR,8.32,20.9,98.03,25.44,opendata.reseaux-energies.fr,false,""
2024-06-20T04:00:00.000000,France,France,FR,8.67,21.49,97.94,25.73,opendata.reseaux-energies.fr,false,""
2024-06-20T05:00:00.000000,France,France,FR,9.86,22.98,97.6,25.98,opendata.reseaux-energies.fr,false,""
2024-06-20T06:00:00.000000,France,France,FR,11.11,24.84,97.34,26.65,opendata.reseaux-energies.fr,false,""
2024-06-20T07:00:00.000000,France,France,FR,9.37,23.1,97.8,27.76,opendata.reseaux-energies.fr,false,""
2024-06-20T08:00:00.000000,France,France,FR,9.41,23.57,97.73,28.34,opendata.reseaux-energies.fr,false,""
2024-06-20T09:00:00.000000,France,France,FR,8.48,22.66,97.98,29.14,opendata.reseaux-energies.fr,false,""
2024-06-20T10:00:00.000000,France,France,FR,8.63,23.19,97.93,30.15,opendata.reseaux-energies.fr,false,""
2024-06-20T11:00:00.000000,France,France,FR,8.36,22.82,98.01,29.7,opendata.reseaux-energies.fr,false,""
2024-06-20T12:00:00.000000,France,France,FR,8.38,23.01,97.99,29.97,opendata.reseaux-energies.fr,false,""
2024-06-20T13:00:00.000000,France,France,FR,10.26,25.57,97.57,30.46,opendata.reseaux-energies.fr,false,""
2024-06-20T14:00:00.000000,France,France,FR,11.11,26.45,97.38,29.86,opendata.reseaux-energies.fr,false,""
2024-06-20T15:00:00.000000,France,France,FR,11.02,26.0,97.42,28.26,opendata.reseaux-energies.fr,false,""
2024-06-20T16:00:00.000000,France,France,FR,12.04,26.89,97.16,27.27,opendata.reseaux-energies.fr,false,""
2024-06-20T17:00:00.000000,France,France,FR,14.47,29.49,96.52,26.17,opendata.reseaux-energies.fr,false,""
2024-06-20T18:00:00.000000,France,France,FR,14.66,29.21,96.44,24.57,opendata.reseaux-energies.fr,false,""
2024-06-20T19:00:00.000000,France,France,FR,11.28,24.55,97.26,23.04,opendata.reseaux-energies.fr,false,""
2024-06-20T20:00:00.000000,France,France,FR,11.64,24.93,97.12,22.52,opendata.reseaux-energies.fr,false,""
2024-06-20T21:00:00.000000,France,France,FR,12.05,25.4,97.01,21.99,opendata.reseaux-energies.fr,false,""
2024-06-20T22:00:00.000000,France,France,FR,10.82,25.38,97.27,22.65,opendata.reseaux-energies.fr,false,""
2024-06-20T23:00:00.000000,France,France,FR,9.49,23.71,97.64,21.78,opendata.reseaux-energies.fr,false,""
2024-06-21T00:00:00.000000,France,France,FR,10.33,24.86,97.41,21.43,opendata.reseaux-energies.fr,false,""
2024-06-21T01:00:00.000000,France,France,FR,10.69,25.36,97.31,21.16,opendata.reseaux-energies.fr,false,""
2024-06-21T02:00:00.000000,France,France,FR,10.88,25.61,97.25,20.75,opendata.reseaux-energies.fr,false,""
2024-06-21T03:00:00.000000,France,France,FR,11.43,26.35,97.11,21.01,opendata.reseaux-energies.fr,false,""
2024-06-21T04:00:00.000000,France,France,FR,12.05,27.13,96.93,21.71,opendata.reseaux-energies.fr,false,""
2024-06-21T05:00:00.000000,France,France,FR,16.4,32.85,95.78,22.83,opendata.reseaux-energies.fr,false,""
2024-06-21T06:00:00.000000,France,France,FR,20.19,38.11,94.9,25.98,opendata.reseaux-energies.fr,false,""
2024-06-21T07:00:00.000000,France,France,FR,19.08,37.34,95.18,28.63,opendata.reseaux-energies.fr,false,""
2024-06-21T08:00:00.000000,France,France,FR,17.57,36.08,95.56,31.2,opendata.reseaux-energies.fr,false,""
2024-06-21T09:00:00.000000,France,France,FR,14.15,32.27,96.44,33.72,opendata.reseaux-energies.fr,false,""
2024-06-21T10:00:00.000000,France,France,FR,12.83,30.96,96.78,35.65,opendata.reseaux-energies.fr,false,""
2024-06-21T11:00:00.000000,France,France,FR,12.9,31.29,96.75,36.89,opendata.reseaux-energies.fr,false,""
2024-06-21T12:00:00.000000,France,France,FR,11.25,29.38,97.19,38.13,opendata.reseaux-energies.fr,false,""
2024-06-21T13:00:00.000000,France,France,FR,9.15,26.77,97.94,39.09,opendata.reseaux-energies.fr,false,""
2024-06-21T14:00:00.000000,France,France,FR,5.22,21.64,98.88,39.95,opendata.reseaux-energies.fr,false,""
2024-06-21T15:00:00.000000,France,France,FR,5.12,21.1,98.9,38.68,opendata.reseaux-energies.fr,false,""
2024-06-21T16:00:00.000000,France,France,FR,5.17,20.5,98.88,36.13,opendata.reseaux-energies.fr,false,""
2024-06-21T17:00:00.000000,France,France,FR,6.14,20.91,98.64,33.38,opendata.reseaux-energies.fr,false,""
2024-06-21T18:00:00.000000,France,France,FR,8.01,22.45,98.11,30.57,opendata.reseaux-energies.fr,false,""
2024-06-21T19:00:00.000000,France,France,FR,7.53,21.29,98.18,28.0,opendata.reseaux-energies.fr,false,""
2024-06-21T20:00:00.000000,France,France,FR,6.7,20.2,98.41,27.0,opendata.reseaux-energies.fr,false,""
2024-06-21T21:00:00.000000,France,France,FR,6.48,19.97,98.47,27.72,opendata.reseaux-energies.fr,false,""
2024-06-21T22:00:00.000000,France,France,FR,6.87,20.53,98.36,28.23,opendata.reseaux-energies.fr,false,""
2024-06-21T23:00:00.000000,France,France,FR,6.54,20.23,98.46,28.78,opendata.reseaux-energies.fr,false,""
2024-06-22T00:00:00.000000,France,France,FR,6.8,20.64,98.39,28.84,opendata.reseaux-energies.fr,false,""
2024-06-22T01:00:00.000000,France,France,FR,4.77,18.13,98.94,29.16,opendata.reseaux-energies.fr,false,""
2024-06-22T02:00:00.000000,France,France,FR,5.76,19.57,98.88,30.01,opendata.reseaux-energies.fr,false,""
2024-06-22T03:00:00.000000,France,France,FR,6.68,20.71,98.77,29.27,opendata.reseaux-energies.fr,false,""
2024-06-22T04:00:00.000000,France,France,FR,6.67,20.73,98.78,29.5,opendata.reseaux-energies.fr,false,""
2024-06-22T05:00:00.000000,France,France,FR,5.61,19.69,98.9,30.1,opendata.reseaux-energies.fr,false,""
2024-06-22T06:00:00.000000,France,France,FR,4.35,18.52,99.06,31.17,opendata.reseaux-energies.fr,false,""
2024-06-22T07:00:00.000000,France,France,FR,4.18,18.94,99.09,32.82,opendata.reseaux-energies.fr,false,""
2024-06-22T08:00:00.000000,France,France,FR,5.32,21.11,98.88,35.61,opendata.reseaux-energies.fr,false,""
2024-06-22T09:00:00.000000,France,France,FR,5.65,22.45,98.82,39.0,opendata.reseaux-energies.fr,false,""
2024-06-22T10:00:00.000000,France,France,FR,6.4,24.23,98.67,41.72,opendata.reseaux-energies.fr,false,""
2024-06-22T11:00:00.000000,France,France,FR,6.11,24.31,98.71,43.5,opendata.reseaux-energies.fr,false,""
2024-06-22T12:00:00.000000,France,France,FR,6.32,25.09,98.66,45.64,opendata.reseaux-energies.fr,false,""
2024-06-22T13:00:00.000000,France,France,FR,5.74,24.16,98.79,46.26,opendata.reseaux-energies.fr,false,""
2024-06-22T14:00:00.000000,France,France,FR,5.83,23.82,98.78,44.57,opendata.reseaux-energies.fr,false,""
2024-06-22T15:00:00.000000,France,France,FR,5.61,22.45,98.82,40.39,opendata.reseaux-energies.fr,false,""
2024-06-22T16:00:00.000000,France,France,FR,5.48,21.09,98.84,35.94,opendata.reseaux-energies.fr,false,""
2024-06-22T17:00:00.000000,France,France,FR,6.16,21.01,98.69,32.7,opendata.reseaux-energies.fr,false,""
2024-06-22T18:00:00.000000,France,France,FR,6.72,20.97,98.55,29.91,opendata.reseaux-energies.fr,false,""
2024-06-22T19:00:00.000000,France,France,FR,5.92,19.4,98.7,27.09,opendata.reseaux-energies.fr,false,""
2024-06-22T20:00:00.000000,France,France,FR,6.73,20.23,98.52,26.59,opendata.reseaux-energies.fr,false,""
2024-06-22T21:00:00.000000,France,France,FR,8.12,21.94,98.24,27.32,opendata.reseaux-energies.fr,false,""
2024-06-22T22:00:00.000000,France,France,FR,7.03,20.65,98.47,26.29,opendata.reseaux-energies.fr,false,""
2024-06-22T23:00:00.000000,France,France,FR,6.63,20.2,98.57,25.6,opendata.reseaux-energies.fr,false,""
2024-06-23T00:00:00.000000,France,France,FR,6.76,20.44,98.55,25.17,opendata.reseaux-energies.fr,false,""
2024-06-23T01:00:00.000000,France,France,FR,6.31,20.09,98.64,25.05,opendata.reseaux-energies.fr,false,""
2024-06-23T02:00:00.000000,France,France,FR,6.46,20.44,98.61,24.83,opendata.reseaux-energies.fr,false,""
2024-06-23T03:00:00.000000,France,France,FR,6.39,20.34,98.62,24.25,opendata.reseaux-energies.fr,false,""
2024-06-23T04:00:00.000000,France,France,FR,6.63,20.7,98.57,24.65,opendata.reseaux-energies.fr,false,""
2024-06-23T05:00:00.000000,France,France,FR,6.36,20.66,98.63,25.67,opendata.reseaux-energies.fr,false,""
2024-06-23T06:00:00.000000,France,France,FR,7.69,23.5,98.35,29.61,opendata.reseaux-energies.fr,false,""
2024-06-23T07:00:00.000000,France,France,FR,7.45,24.6,98.43,35.17,opendata.reseaux-energies.fr,false,""
2024-06-23T08:00:00.000000,France,France,FR,6.58,24.73,98.62,39.77,opendata.reseaux-energies.fr,false,""
2024-06-23T09:00:00.000000,France,France,FR,7.26,25.74,98.47,38.96,opendata.reseaux-energies.fr,false,""
2024-06-23T10:00:00.000000,France,France,FR,8.15,27.31,98.29,40.63,opendata.reseaux-energies.fr,false,""
2024-06-23T11:00:00.000000,France,France,FR,8.18,27.55,98.31,41.21,opendata.reseaux-energies.fr,false,""
2024-06-23T12:00:00.000000,France,France,FR,8.1,27.62,98.35,41.72,opendata.reseaux-energies.fr,false,""
2024-06-23T13:00:00.000000,France,France,FR,5.85,24.18,98.74,39.63,opendata.reseaux-energies.fr,false,""
2024-06-23T14:00:00.000000,France,France,FR,6.07,24.0,98.72,38.99,opendata.reseaux-energies.fr,false,""
2024-06-23T15:00:00.000000,France,France,FR,6.12,23.49,98.72,38.04,opendata.reseaux-energies.fr,false,""
2024-06-23T16:00:00.000000,France,France,FR,5.7,21.82,98.8,34.66,opendata.reseaux-energies.fr,false,""
2024-06-23T17:00:00.000000,France,France,FR,5.65,20.4,98.81,29.86,opendata.reseaux-energies.fr,false,""
2024-06-23T18:00:00.000000,France,France,FR,6.08,19.84,98.7,26.73,opendata.reseaux-energies.fr,false,""
2024-06-23T19:00:00.000000,France,France,FR,5.49,18.35,98.8,23.93,opendata.reseaux-energies.fr,false,""
2024-06-23T20:00:00.000000,France,France,FR,6.23,19.12,98.63,24.54,opendata.reseaux-energies.fr,false,""
2024-06-23T21:00:00.000000,France,France,FR,7.26,20.42,98.42,25.55,opendata.reseaux-energies.fr,false,""
2024-06-23T22:00:00.000000,France,France,FR,5.8,18.69,98.73,24.68,opendata.reseaux-energies.fr,false,""
2024-06-23T23:00:00.000000,France,France,FR,6.03,19.29,98.7,25.0,opendata.reseaux-energies.fr,false,""
2024-06-24T00:00:00.000000,France,France,FR,6.51,19.89,98.61,25.02,opendata.reseaux-energies.fr,false,""
2024-06-24T01:00:00.000000,France,France,FR,5.11,18.08,98.89,24.27,opendata.reseaux-energies.fr,false,""
2024-06-24T02:00:00.000000,France,France,FR,4.34,17.1,99.04,23.6,opendata.reseaux-energies.fr,false,""
2024-06-24T03:00:00.000000,France,France,FR,4.76,17.53,98.96,23.49,opendata.reseaux-energies.fr,false,""
2024-06-24T04:00:00.000000,France,France,FR,4.61,17.31,98.99,23.56,opendata.reseaux-energies.fr,false,""
2024-06-24T05:00:00.000000,France,France,FR,4.38,17.23,99.03,24.93,opendata.reseaux-energies.fr,false,""
2024-06-24T06:00:00.000000,France,France,FR,5.39,19.18,98.83,27.49,opendata.reseaux-energies.fr,false,""
2024-06-24T07:00:00.000000,France,France,FR,4.95,19.72,98.92,30.94,opendata.reseaux-energies.fr,false,""
2024-06-24T08:00:00.000000,France,France,FR,4.47,20.19,99.03,35.21,opendata.reseaux-energies.fr,false,""
2024-06-24T09:00:00.000000,France,France,FR,4.03,20.29,99.13,37.85,opendata.reseaux-energies.fr,false,""
2024-06-24T10:00:00.000000,France,France,FR,3.77,20.23,99.18,39.13,opendata.reseaux-energies.fr,false,""
2024-06-24T11:00:00.000000,France,France,FR,3.6,20.12,99.21,39.85,opendata.reseaux-energies.fr,false,""
2024-06-24T12:00:00.000000,France,France,FR,3.75,20.22,99.18,39.19,opendata.reseaux-energies.fr,false,""
2024-06-24T13:00:00.000000,France,France,FR,4.23,20.66,99.07,38.45,opendata.reseaux-energies.fr,false,""
2024-06-24T14:00:00.000000,France,France,FR,4.82,21.19,98.94,38.04,opendata.reseaux-energies.fr,false,""
2024-06-24T15:00:00.000000,France,France,FR,5.65,21.8,98.71,36.36,opendata.reseaux-energies.fr,false,""
2024-06-24T16:00:00.000000,France,France,FR,7.88,23.96,98.1,33.38,opendata.reseaux-energies.fr,false,""
2024-06-24T17:00:00.000000,France,France,FR,10.62,26.45,97.37,29.87,opendata.reseaux-energies.fr,false,""
2024-06-24T18:00:00.000000,France,France,FR,11.48,26.6,97.14,26.67,opendata.reseaux-energies.fr,false,""
2024-06-24T19:00:00.000000,France,France,FR,11.1,25.66,97.19,24.39,opendata.reseaux-energies.fr,false,""
2024-06-24T20:00:00.000000,France,France,FR,12.22,27.08,96.86,25.62,opendata.reseaux-energies.fr,false,""
2024-06-24T21:00:00.000000,France,France,FR,12.62,27.61,96.75,26.98,opendata.reseaux-energies.fr,false,""
2024-06-24T22:00:00.000000,France,France,FR,10.79,25.29,97.25,27.11,opendata.reseaux-energies.fr,false,""
2024-06-24T23:00:00.000000,France,France,FR,5.9,19.04,98.6,27.08,opendata.reseaux-energies.fr,false,""
2024-06-25T00:00:00.000000,France,France,FR,4.62,17.4,98.95,26.55,opendata.reseaux-energies.fr,false,""
2024-06-25T01:00:00.000000,France,France,FR,3.85,16.46,99.17,25.54,opendata.reseaux-energies.fr,false,""
2024-06-25T02:00:00.000000,France,France,FR,3.84,16.48,99.17,24.62,opendata.reseaux-energies.fr,false,""
2024-06-25T03:00:00.000000,France,France,FR,3.81,16.37,99.18,23.99,opendata.reseaux-energies.fr,false,""
2024-06-25T04:00:00.000000,France,France,FR,3.68,16.08,99.21,23.88,opendata.reseaux-energies.fr,false,""
2024-06-25T05:00:00.000000,France,France,FR,3.68,16.29,99.21,25.32,opendata.reseaux-energies.fr,false,""
2024-06-25T06:00:00.000000,France,France,FR,3.83,17.27,99.17,27.42,opendata.reseaux-energies.fr,false,""
2024-06-25T07:00:00.000000,France,France,FR,3.88,18.38,99.13,30.21,opendata.reseaux-energies.fr,false,""
2024-06-25T08:00:00.000000,France,France,FR,3.92,19.28,99.11,33.23,opendata.reseaux-energies.fr,false,""
2024-06-25T09:00:00.000000,France,France,FR,3.23,19.12,99.3,35.73,opendata.reseaux-energies.fr,false,""
2024-06-25T10:00:00.000000,France,France,FR,3.1,19.48,99.33,38.1,opendata.reseaux-energies.fr,false,""
2024-06-25T11:00:00.000000,France,France,FR,3.85,19.93,99.17,35.56,opendata.reseaux-energies.fr,false,""
2024-06-25T12:00:00.000000,France,France,FR,3.69,19.46,99.22,34.44,opendata.reseaux-energies.fr,false,""
2024-06-25T13:00:00.000000,France,France,FR,3.36,19.14,99.27,35.59,opendata.reseaux-energies.fr,false,""
2024-06-25T14:00:00.000000,France,France,FR,3.15,18.91,99.32,36.86,opendata.reseaux-energies.fr,false,""
2024-06-25T15:00:00.000000,France,France,FR,4.17,19.67,99.04,35.13,opendata.reseaux-energies.fr,false,""
2024-06-25T16:00:00.000000,France,France,FR,5.61,20.76,98.7,32.65,opendata.reseaux-energies.fr,false,""
2024-06-25T17:00:00.000000,France,France,FR,7.89,22.67,98.12,29.79,opendata.reseaux-energies.fr,false,""
2024-06-25T18:00:00.000000,France,France,FR,8.39,22.51,97.92,26.6,opendata.reseaux-energies.fr,false,""
2024-06-25T19:00:00.000000,France,France,FR,8.67,22.4,97.84,24.84,opendata.reseaux-energies.fr,false,""
2024-06-25T20:00:00.000000,France,France,FR,8.35,22.0,97.93,25.42,opendata.reseaux-energies.fr,false,""
2024-06-25T21:00:00.000000,France,France,FR,7.78,21.33,98.09,26.38,opendata.reseaux-energies.fr,false,""
2024-06-25T22:00:00.000000,France,France,FR,6.6,19.67,98.41,23.87,opendata.reseaux-energies.fr,false,""
2024-06-25T23:00:00.000000,France,France,FR,5.41,18.21,98.74,22.64,opendata.reseaux-energies.fr,false,""
2024-06-26T00:00:00.000000,France,France,FR,5.78,18.7,98.63,22.35,opendata.reseaux-energies.fr,false,""
2024-06-26T01:00:00.000000,France,France,FR,5.6,18.56,98.69,22.08,opendata.reseaux-energies.fr,false,""
2024-06-26T02:00:00.000000,France,France,FR,5.94,18.97,98.6,21.5,opendata.reseaux-energies.fr,false,""
2024-06-26T03:00:00.000000,France,France,FR,6.2,19.28,98.52,20.81,opendata.reseaux-energies.fr,false,""
2024-06-26T04:00:00.000000,France,France,FR,5.91,18.89,98.6,21.43,opendata.reseaux-energies.fr,false,""
2024-06-26T05:00:00.000000,France,France,FR,5.94,19.18,98.59,23.31,opendata.reseaux-energies.fr,false,""
2024-06-26T06:00:00.000000,France,France,FR,6.38,20.25,98.47,24.56,opendata.reseaux-energies.fr,false,""
2024-06-26T07:00:00.000000,France,France,FR,5.02,19.32,98.84,27.46,opendata.reseaux-energies.fr,false,""
2024-06-26T08:00:00.000000,France,France,FR,3.79,18.45,99.16,29.66,opendata.reseaux-energies.fr,false,""
2024-06-26T09:00:00.000000,France,France,FR,3.64,19.33,99.21,33.57,opendata.reseaux-energies.fr,false,""
2024-06-26T10:00:00.000000,France,France,FR,4.12,21.05,99.09,37.85,opendata.reseaux-energies.fr,false,""
2024-06-26T11:00:00.000000,France,France,FR,4.12,21.17,99.09,38.33,opendata.reseaux-energies.fr,false,""
2024-06-26T12:00:00.000000,France,France,FR,3.67,20.35,99.18,37.76,opendata.reseaux-energies.fr,false,""
2024-06-26T13:00:00.000000,France,France,FR,3.73,20.2,99.16,36.99,opendata.reseaux-energies.fr,false,""
2024-06-26T14:00:00.000000,France,France,FR,3.66,19.76,99.18,36.03,opendata.reseaux-energies.fr,false,""
2024-06-26T15:00:00.000000,France,France,FR,4.32,20.02,99.0,33.81,opendata.reseaux-energies.fr,false,""
2024-06-26T16:00:00.000000,France,France,FR,5.77,21.22,98.63,31.46,opendata.reseaux-energies.fr,false,""
2024-06-26T17:00:00.000000,France,France,FR,7.92,22.88,98.11,28.57,opendata.reseaux-energies.fr,false,""
2024-06-26T18:00:00.000000,France,France,FR,8.97,22.67,97.82,24.56,opendata.reseaux-energies.fr,false,""
2024-06-26T19:00:00.000000,France,France,FR,9.15,21.86,97.8,22.68,opendata.reseaux-energies.fr,false,""
2024-06-26T20:00:00.000000,France,France,FR,9.13,21.88,97.8,23.12,opendata.reseaux-energies.fr,false,""
2024-06-26T21:00:00.000000,France,France,FR,9.12,21.74,97.8,22.65,opendata.reseaux-energies.fr,false,""
2024-06-26T22:00:00.000000,France,France,FR,8.55,22.46,97.88,22.97,opendata.reseaux-energies.fr,false,""
2024-06-26T23:00:00.000000,France,France,FR,7.22,20.53,98.25,21.71,opendata.reseaux-energies.fr,false,""
2024-06-27T00:00:00.000000,France,France,FR,6.31,19.3,98.5,21.67,opendata.reseaux-energies.fr,false,""
2024-06-27T01:00:00.000000,France,France,FR,6.21,19.2,98.52,21.12,opendata.reseaux-energies.fr,false,""
2024-06-27T02:00:00.000000,France,France,FR,6.17,19.18,98.53,20.68,opendata.reseaux-energies.fr,false,""
2024-06-27T03:00:00.000000,France,France,FR,6.21,19.2,98.52,20.65,opendata.reseaux-energies.fr,false,""
2024-06-27T04:00:00.000000,France,France,FR,6.4,19.41,98.47,21.03,opendata.reseaux-energies.fr,false,""
2024-06-27T05:00:00.000000,France,France,FR,6.72,20.07,98.38,22.6,opendata.reseaux-energies.fr,false,""
2024-06-27T06:00:00.000000,France,France,FR,6.66,20.62,98.39,25.58,opendata.reseaux-energies.fr,false,""
2024-06-27T07:00:00.000000,France,France,FR,6.45,21.1,98.44,28.4,opendata.reseaux-energies.fr,false,""
2024-06-27T08:00:00.000000,France,France,FR,6.16,21.41,98.51,31.05,opendata.reseaux-energies.fr,false,""
2024-06-27T09:00:00.000000,France,France,FR,4.6,19.98,98.93,34.17,opendata.reseaux-energies.fr,false,""
2024-06-27T10:00:00.000000,France,France,FR,3.69,19.38,99.17,36.75,opendata.reseaux-energies.fr,false,""
2024-06-27T11:00:00.000000,France,France,FR,3.62,19.55,99.19,38.43,opendata.reseaux-energies.fr,false,""
2024-06-27T12:00:00.000000,France,France,FR,3.65,19.74,99.19,39.65,opendata.reseaux-energies.fr,false,""
2024-06-27T13:00:00.000000,France,France,FR,4.52,20.79,99.08,39.89,opendata.reseaux-energies.fr,false,""
2024-06-27T14:00:00.000000,France,France,FR,5.19,21.35,99.0,38.8,opendata.reseaux-energies.fr,false,""
2024-06-27T15:00:00.000000,France,France,FR,4.11,19.43,99.08,37.33,opendata.reseaux-energies.fr,false,""
2024-06-27T16:00:00.000000,France,France,FR,5.17,20.03,98.79,35.27,opendata.reseaux-energies.fr,false,""
2024-06-27T17:00:00.000000,France,France,FR,5.81,19.91,98.63,31.77,opendata.reseaux-energies.fr,false,""
2024-06-27T18:00:00.000000,France,France,FR,6.06,19.53,98.57,29.29,opendata.reseaux-energies.fr,false,""
2024-06-27T19:00:00.000000,France,France,FR,5.71,18.75,98.67,26.98,opendata.reseaux-energies.fr,false,""
2024-06-27T20:00:00.000000,France,France,FR,5.76,18.74,98.65,25.87,opendata.reseaux-energies.fr,false,""
2024-06-27T21:00:00.000000,France,France,FR,6.16,19.21,98.54,25.73,opendata.reseaux-energies.fr,false,""
2024-06-27T22:00:00.000000,France,France,FR,5.9,19.05,98.61,25.63,opendata.reseaux-energies.fr,false,""
2024-06-27T23:00:00.000000,France,France,FR,4.61,17.7,98.98,25.96,opendata.reseaux-energies.fr,false,""
2024-06-28T00:00:00.000000,France,France,FR,4.53,17.73,99.0,26.32,opendata.reseaux-energies.fr,false,""
2024-06-28T01:00:00.000000,France,France,FR,5.29,19.0,98.81,26.34,opendata.reseaux-energies.fr,false,""
2024-06-28T02:00:00.000000,France,France,FR,5.05,18.71,98.87,26.19,opendata.reseaux-energies.fr,false,""
2024-06-28T03:00:00.000000,France,France,FR,4.65,18.13,98.98,25.98,opendata.reseaux-energies.fr,false,""
2024-06-28T04:00:00.000000,France,France,FR,5.71,19.47,98.7,25.93,opendata.reseaux-energies.fr,false,""
2024-06-28T05:00:00.000000,France,France,FR,6.25,20.26,98.56,26.89,opendata.reseaux-energies.fr,false,""
2024-06-28T06:00:00.000000,France,France,FR,5.11,18.92,98.85,27.32,opendata.reseaux-energies.fr,false,""
2024-06-28T07:00:00.000000,France,France,FR,4.43,18.75,99.01,30.14,opendata.reseaux-energies.fr,false,""
2024-06-28T08:00:00.000000,France,France,FR,4.63,20.05,98.98,33.87,opendata.reseaux-energies.fr,false,""
2024-06-28T09:00:00.000000,France,France,FR,6.39,23.48,98.77,36.41,opendata.reseaux-energies.fr,false,""
2024-06-28T10:00:00.000000,France,France,FR,7.01,25.36,98.63,40.13,opendata.reseaux-energies.fr,false,""
2024-06-28T11:00:00.000000,France,France,FR,9.03,28.12,98.29,40.11,opendata.reseaux-energies.fr,false,""
2024-06-28T12:00:00.000000,France,France,FR,8.38,27.38,98.37,39.56,opendata.reseaux-energies.fr,false,""
2024-06-28T13:00:00.000000,France,France,FR,7.44,25.8,98.35,38.2,opendata.reseaux-energies.fr,false,""
2024-06-28T14:00:00.000000,France,France,FR,4.85,22.07,98.94,38.05,opendata.reseaux-energies.fr,false,""
2024-06-28T15:00:00.000000,France,France,FR,4.43,20.96,99.01,36.26,opendata.reseaux-energies.fr,false,""
2024-06-28T16:00:00.000000,France,France,FR,4.51,19.62,98.99,31.65,opendata.reseaux-energies.fr,false,""
2024-06-28T17:00:00.000000,France,France,FR,5.48,19.74,98.78,28.78,opendata.reseaux-energies.fr,false,""
2024-06-28T18:00:00.000000,France,France,FR,5.53,19.05,98.75,26.32,opendata.reseaux-energies.fr,false,""
2024-06-28T19:00:00.000000,France,France,FR,6.04,19.22,98.58,23.83,opendata.reseaux-energies.fr,false,""
2024-06-28T20:00:00.000000,France,France,FR,6.12,19.31,98.56,24.11,opendata.reseaux-energies.fr,false,""
2024-06-28T21:00:00.000000,France,France,FR,6.36,19.85,98.49,26.85,opendata.reseaux-energies.fr,false,""
2024-06-28T22:00:00.000000,France,France,FR,5.54,18.86,98.71,27.92,opendata.reseaux-energies.fr,false,""
2024-06-28T23:00:00.000000,France,France,FR,4.56,17.68,98.99,27.02,opendata.reseaux-energies.fr,false,""
2024-06-29T00:00:00.000000,France,France,FR,4.62,17.79,98.97,26.61,opendata.reseaux-energies.fr,false,""
2024-06-29T01:00:00.000000,France,France,FR,4.72,18.04,98.94,26.12,opendata.reseaux-energies.fr,false,""
2024-06-29T02:00:00.000000,France,France,FR,4.62,18.01,98.97,26.25,opendata.reseaux-energies.fr,false,""
2024-06-29T03:00:00.000000,France,France,FR,4.6,17.93,98.97,26.32,opendata.reseaux-energies.fr,false,""
2024-06-29T04:00:00.000000,France,France,FR,4.57,17.87,98.98,26.59,opendata.reseaux-energies.fr,false,""
2024-06-29T05:00:00.000000,France,France,FR,4.49,17.92,98.99,27.17,opendata.reseaux-energies.fr,false,""
2024-06-29T06:00:00.000000,France,France,FR,4.42,18.19,99.01,27.99,opendata.reseaux-energies.fr,false,""
2024-06-29T07:00:00.000000,France,France,FR,4.42,18.72,98.99,29.46,opendata.reseaux-energies.fr,false,""
2024-06-29T08:00:00.000000,France,France,FR,5.05,20.61,98.85,32.6,opendata.reseaux-energies.fr,false,""
2024-06-29T09:00:00.000000,France,France,FR,7.14,24.74,98.47,36.84,opendata.reseaux-energies.fr,false,""
2024-06-29T10:00:00.000000,France,France,FR,8.84,27.62,98.22,40.0,opendata.reseaux-energies.fr,false,""
2024-06-29T11:00:00.000000,France,France,FR,10.34,29.24,97.99,37.63,opendata.reseaux-energies.fr,false,""
2024-06-29T12:00:00.000000,France,France,FR,9.71,28.03,98.06,36.09,opendata.reseaux-energies.fr,false,""
2024-06-29T13:00:00.000000,France,France,FR,6.59,23.5,98.52,35.03,opendata.reseaux-energies.fr,false,""
2024-06-29T14:00:00.000000,France,France,FR,5.08,20.52,98.84,33.76,opendata.reseaux-energies.fr,false,""
2024-06-29T15:00:00.000000,France,France,FR,4.82,19.31,98.9,31.7,opendata.reseaux-energies.fr,false,""
2024-06-29T16:00:00.000000,France,France,FR,4.7,18.67,98.92,31.65,opendata.reseaux-energies.fr,false,""
2024-06-29T17:00:00.000000,France,France,FR,4.7,18.19,98.92,31.31,opendata.reseaux-energies.fr,false,""
2024-06-29T18:00:00.000000,France,France,FR,4.95,18.16,98.87,29.97,opendata.reseaux-energies.fr,false,""
2024-06-29T19:00:00.000000,France,France,FR,4.79,17.77,98.92,28.09,opendata.reseaux-energies.fr,false,""
2024-06-29T20:00:00.000000,France,France,FR,4.89,17.86,98.9,27.2,opendata.reseaux-energies.fr,false,""
2024-06-29T21:00:00.000000,France,France,FR,5.18,18.2,98.84,26.84,opendata.reseaux-energies.fr,false,""
2024-06-29T22:00:00.000000,France,France,FR,4.82,17.62,98.92,26.29,opendata.reseaux-energies.fr,false,""
2024-06-29T23:00:00.000000,France,France,FR,4.92,17.97,98.9,26.15,opendata.reseaux-energies.fr,false,""
2024-06-30T00:00:00.000000,France,France,FR,5.11,18.32,98.85,25.42,opendata.reseaux-energies.fr,false,""
2024-06-30T01:00:00.000000,France,France,FR,5.08,18.57,98.86,25.95,opendata.reseaux-energies.fr,false,""
2024-06-30T02:00:00.000000,France,France,FR,5.14,18.81,98.84,26.13,opendata.reseaux-energies.fr,false,""
2024-06-30T03:00:00.000000,France,France,FR,5.29,19.06,98.81,26.19,opendata.reseaux-energies.fr,false,""
2024-06-30T04:00:00.000000,France,France,FR,5.12,18.89,98.86,26.58,opendata.reseaux-energies.fr,false,""
2024-06-30T05:00:00.000000,France,France,FR,5.06,19.13,98.88,27.98,opendata.reseaux-energies.fr,false,""
2024-06-30T06:00:00.000000,France,France,FR,4.9,19.58,98.91,29.66,opendata.reseaux-energies.fr,false,""
2024-06-30T07:00:00.000000,France,France,FR,4.92,20.66,98.91,33.44,opendata.reseaux-energies.fr,false,""
2024-06-30T08:00:00.000000,France,France,FR,4.93,21.57,98.9,36.28,opendata.reseaux-energies.fr,false,""
2024-06-30T09:00:00.000000,France,France,FR,4.76,22.01,98.94,38.47,opendata.reseaux-energies.fr,false,""
2024-06-30T10:00:00.000000,France,France,FR,5.34,22.62,98.82,37.14,opendata.reseaux-energies.fr,false,""
2024-06-30T11:00:00.000000,France,France,FR,4.79,21.59,98.94,35.81,opendata.reseaux-energies.fr,false,""
2024-06-30T12:00:00.000000,France,France,FR,5.03,21.76,98.86,35.0,opendata.reseaux-energies.fr,false,""
2024-06-30T13:00:00.000000,France,France,FR,4.73,21.59,98.94,36.86,opendata.reseaux-energies.fr,false,""
2024-06-30T14:00:00.000000,France,France,FR,4.97,21.94,98.9,38.27,opendata.reseaux-energies.fr,false,""
2024-06-30T15:00:00.000000,France,France,FR,4.75,21.08,98.94,36.35,opendata.reseaux-energies.fr,false,""
2024-06-30T16:00:00.000000,France,France,FR,4.53,19.86,98.98,33.13,opendata.reseaux-energies.fr,false,""
2024-06-30T17:00:00.000000,France,France,FR,4.74,19.06,98.93,29.96,opendata.reseaux-energies.fr,false,""
2024-06-30T18:00:00.000000,France,France,FR,4.98,18.75,98.88,28.27,opendata.reseaux-energies.fr,false,""
2024-06-30T19:00:00.000000,France,France,FR,5.14,18.47,98.83,26.21,opendata.reseaux-energies.fr,false,""
2024-06-30T20:00:00.000000,France,France,FR,5.28,18.56,98.8,26.73,opendata.reseaux-energies.fr,false,""
2024-06-30T21:00:00.000000,France,France,FR,5.53,18.88,98.73,26.67,opendata.reseaux-energies.fr,false,""
2024-06-30T22:00:00.000000,France,France,FR,5.4,18.52,98.77,25.19,opendata.reseaux-energies.fr,false,""
2024-06-30T23:00:00.000000,France,France,FR,5.25,18.31,98.81,24.0,opendata.reseaux-energies.fr,false,""
2024-07-01T00:00:00.000000,France,France,FR,5.24,18.28,98.81,23.47,opendata.reseaux-energies.fr,false,""
2024-07-01T01:00:00.000000,France,France,FR,5.04,18.11,98.87,22.94,opendata.reseaux-energies.fr,false,""
2024-07-01T02:00:00.000000,France,France,FR,5.09,18.25,98.85,22.28,opendata.reseaux-energies.fr,false,""
2024-07-01T03:00:00.000000,France,France,FR,5.1,18.22,98.86,22.11,opendata.reseaux-energies.fr,false,""
2024-07-01T04:00:00.000000,France,France,FR,5.06,18.05,98.87,22.41,opendata.reseaux-energies.fr,false,""
2024-07-01T05:00:00.000000,France,France,FR,5.29,18.51,98.83,24.17,opendata.reseaux-energies.fr,false,""
2024-07-01T06:00:00.000000,France,France,FR,7.3,21.68,98.41,27.14,opendata.reseaux-energies.fr,false,""
2024-07-01T07:00:00.000000,France,France,FR,6.52,21.58,98.58,30.17,opendata.reseaux-energies.fr,false,""
2024-07-01T08:00:00.000000,France,France,FR,6.16,21.89,98.67,33.14,opendata.reseaux-energies.fr,false,""
2024-07-01T09:00:00.000000,France,France,FR,6.01,22.25,98.7,35.38,opendata.reseaux-energies.fr,false,""
2024-07-01T10:00:00.000000,France,France,FR,5.67,22.05,98.79,36.56,opendata.reseaux-energies.fr,false,""
2024-07-01T11:00:00.000000,France,France,FR,5.25,21.79,98.86,37.68,opendata.reseaux-energies.fr,false,""
2024-07-01T12:00:00.000000,France,France,FR,4.95,21.47,98.94,38.38,opendata.reseaux-energies.fr,false,""
2024-07-01T13:00:00.000000,France,France,FR,4.96,21.55,98.95,39.13,opendata.reseaux-energies.fr,false,""
2024-07-01T14:00:00.000000,France,France,FR,5.03,21.48,98.94,38.97,opendata.reseaux-energies.fr,false,""
2024-07-01T15:00:00.000000,France,France,FR,5.3,21.61,98.86,38.77,opendata.reseaux-energies.fr,false,""
2024-07-01T16:00:00.000000,France,France,FR,5.59,21.36,98.78,36.89,opendata.reseaux-energies.fr,false,""
2024-07-01T17:00:00.000000,France,France,FR,5.57,20.26,98.78,33.26,opendata.reseaux-energies.fr,false,""
2024-07-01T18:00:00.000000,France,France,FR,4.68,18.2,98.96,29.63,opendata.reseaux-energies.fr,false,""
2024-07-01T19:00:00.000000,France,France,FR,4.76,17.72,98.93,27.03,opendata.reseaux-energies.fr,false,""
2024-07-01T20:00:00.000000,France,France,FR,5.13,18.04,98.83,26.17,opendata.reseaux-energies.fr,false,""
2024-07-01T21:00:00.000000,France,France,FR,7.07,20.56,98.42,27.26,opendata.reseaux-energies.fr,false,""
2024-07-01T22:00:00.000000,France,France,FR,5.34,18.33,98.8,26.52,opendata.reseaux-energies.fr,false,""
2024-07-01T23:00:00.000000,France,France,FR,5.01,17.98,98.87,24.72,opendata.reseaux-energies.fr,false,""
2024-07-02T00:00:00.000000,France,France,FR,4.93,17.89,98.89,23.91,opendata.reseaux-energies.fr,false,""
2024-07-02T01:00:00.000000,France,France,FR,4.87,17.89,98.91,23.03,opendata.reseaux-energies.fr,false,""
2024-07-02T02:00:00.000000,France,France,FR,4.91,17.89,98.9,22.65,opendata.reseaux-energies.fr,false,""
2024-07-02T03:00:00.000000,France,France,FR,5.04,18.09,98.86,22.61,opendata.reseaux-energies.fr,false,""
2024-07-02T04:00:00.000000,France,France,FR,4.94,17.91,98.9,22.67,opendata.reseaux-energies.fr,false,""
2024-07-02T05:00:00.000000,France,France,FR,6.26,19.65,98.59,24.45,opendata.reseaux-energies.fr,false,""
2024-07-02T06:00:00.000000,France,France,FR,10.98,26.19,97.69,27.2,opendata.reseaux-energies.fr,false,""
2024-07-02T07:00:00.000000,France,France,FR,8.36,23.45,98.2,29.46,opendata.reseaux-energies.fr,false,""
2024-07-02T08:00:00.000000,France,France,FR,10.4,26.57,98.12,31.53,opendata.reseaux-energies.fr,false,""
2024-07-02T09:00:00.000000,France,France,FR,13.75,31.32,97.75,33.09,opendata.reseaux-energies.fr,false,""
2024-07-02T10:00:00.000000,France,France,FR,13.56,31.41,97.79,34.82,opendata.reseaux-energies.fr,false,""
2024-07-02T11:00:00.000000,France,France,FR,12.71,30.58,97.93,35.66,opendata.reseaux-energies.fr,false,""
2024-07-02T12:00:00.000000,France,France,FR,5.55,21.66,98.8,36.82,opendata.reseaux-energies.fr,false,""
2024-07-02T13:00:00.000000,France,France,FR,5.67,22.11,98.78,38.43,opendata.reseaux-energies.fr,false,""
2024-07-02T14:00:00.000000,France,France,FR,5.82,22.25,98.75,39.0,opendata.reseaux-energies.fr,false,""
2024-07-02T15:00:00.000000,France,France,FR,5.99,22.24,98.71,38.47,opendata.reseaux-energies.fr,false,""
2024-07-02T16:00:00.000000,France,France,FR,6.27,21.85,98.63,35.25,opendata.reseaux-energies.fr,false,""
2024-07-02T17:00:00.000000,France,France,FR,6.82,21.54,98.48,31.47,opendata.reseaux-energies.fr,false,""
2024-07-02T18:00:00.000000,France,France,FR,6.82,20.87,98.46,28.74,opendata.reseaux-energies.fr,false,""
2024-07-02T19:00:00.000000,France,France,FR,7.03,20.79,98.35,26.01,opendata.reseaux-energies.fr,false,""
2024-07-02T20:00:00.000000,France,France,FR,6.63,20.14,98.43,24.76,opendata.reseaux-energies.fr,false,""
2024-07-02T21:00:00.000000,France,France,FR,7.84,21.71,98.16,24.63,opendata.reseaux-energies.fr,false,""
2024-07-02T22:00:00.000000,France,France,FR,7.04,20.85,98.35,24.21,opendata.reseaux-energies.fr,false,""
2024-07-02T23:00:00.000000,France,France,FR,4.56,17.64,99.02,23.27,opendata.reseaux-energies.fr,false,""
2024-07-03T00:00:00.000000,France,France,FR,4.43,17.38,99.05,23.2,opendata.reseaux-energies.fr,false,""
2024-07-03T01:00:00.000000,France,France,FR,4.45,17.5,99.04,22.71,opendata.reseaux-energies.fr,false,""
2024-07-03T02:00:00.000000,France,France,FR,4.38,17.48,99.06,22.07,opendata.reseaux-energies.fr,false,""
2024-07-03T03:00:00.000000,France,France,FR,4.36,17.45,99.07,21.85,opendata.reseaux-energies.fr,false,""
2024-07-03T04:00:00.000000,France,France,FR,4.43,17.48,99.05,22.34,opendata.reseaux-energies.fr,false,""
2024-07-03T05:00:00.000000,France,France,FR,4.56,17.7,99.01,24.39,opendata.reseaux-energies.fr,false,""
2024-07-03T06:00:00.000000,France,France,FR,4.74,18.38,98.97,27.03,opendata.reseaux-energies.fr,false,""
2024-07-03T07:00:00.000000,France,France,FR,5.07,19.5,98.91,29.79,opendata.reseaux-energies.fr,false,""
2024-07-03T08:00:00.000000,France,France,FR,4.45,19.36,99.05,32.57,opendata.reseaux-energies.fr,false,""
2024-07-03T09:00:00.000000,France,France,FR,4.57,20.25,99.05,35.99,opendata.reseaux-energies.fr,false,""
2024-07-03T10:00:00.000000,France,France,FR,4.0,19.9,99.16,37.93,opendata.reseaux-energies.fr,false,""
2024-07-03T11:00:00.000000,France,France,FR,3.54,19.54,99.25,39.06,opendata.reseaux-energies.fr,false,""
2024-07-03T12:00:00.000000,France,France,FR,3.73,20.0,99.22,40.29,opendata.reseaux-energies.fr,false,""
2024-07-03T13:00:00.000000,France,France,FR,4.48,21.33,99.07,42.72,opendata.reseaux-energies.fr,false,""
2024-07-03T14:00:00.000000,France,France,FR,4.77,21.69,99.01,43.27,opendata.reseaux-energies.fr,false,""
2024-07-03T15:00:00.000000,France,France,FR,5.06,21.79,98.95,42.84,opendata.reseaux-energies.fr,false,""
2024-07-03T16:00:00.000000,France,France,FR,4.35,19.75,99.08,38.02,opendata.reseaux-energies.fr,false,""
2024-07-03T17:00:00.000000,France,France,FR,4.06,18.01,99.14,32.95,opendata.reseaux-energies.fr,false,""
2024-07-03T18:00:00.000000,France,France,FR,4.24,17.5,99.1,30.12,opendata.reseaux-energies.fr,false,""
2024-07-03T19:00:00.000000,France,France,FR,4.33,17.39,99.09,28.17,opendata.reseaux-energies.fr,false,""
2024-07-03T20:00:00.000000,France,France,FR,4.28,17.24,99.09,27.59,opendata.reseaux-energies.fr,false,""
2024-07-03T21:00:00.000000,France,France,FR,4.26,17.22,99.1,28.19,opendata.reseaux-energies.fr,false,""
2024-07-03T22:00:00.000000,France,France,FR,4.62,17.22,99.03,28.65,opendata.reseaux-energies.fr,false,""
2024-07-03T23:00:00.000000,France,France,FR,5.52,17.87,98.81,29.82,opendata.reseaux-energies.fr,false,""
2024-07-04T00:00:00.000000,France,France,FR,6.16,18.78,98.66,28.45,opendata.reseaux-energies.fr,false,""
2024-07-04T01:00:00.000000,France,France,FR,6.61,19.42,98.54,27.39,opendata.reseaux-energies.fr,false,""
2024-07-04T02:00:00.000000,France,France,FR,6.92,19.93,98.46,27.34,opendata.reseaux-energies.fr,false,""
2024-07-04T03:00:00.000000,France,France,FR,6.67,19.61,98.52,27.31,opendata.reseaux-energies.fr,false,""
2024-07-04T04:00:00.000000,France,France,FR,6.33,19.27,98.59,30.18,opendata.reseaux-energies.fr,false,""
2024-07-04T05:00:00.000000,France,France,FR,4.87,17.19,98.97,30.44,opendata.reseaux-energies.fr,false,""
2024-07-04T06:00:00.000000,France,France,FR,4.79,17.58,98.98,31.99,opendata.reseaux-energies.fr,false,""
2024-07-04T07:00:00.000000,France,France,FR,4.86,18.47,98.96,34.64,opendata.reseaux-energies.fr,false,""
2024-07-04T08:00:00.000000,France,France,FR,4.22,18.42,99.12,37.34,opendata.reseaux-energies.fr,false,""
2024-07-04T09:00:00.000000,France,France,FR,4.23,19.14,99.12,40.67,opendata.reseaux-energies.fr,false,""
2024-07-04T10:00:00.000000,France,France,FR,5.15,20.37,98.92,39.21,opendata.reseaux-energies.fr,false,""
2024-07-04T11:00:00.000000,France,France,FR,5.44,20.71,98.85,38.36,opendata.reseaux-energies.fr,false,""
2024-07-04T12:00:00.000000,France,France,FR,5.64,21.17,98.79,39.17,opendata.reseaux-energies.fr,false,""
2024-07-04T13:00:00.000000,France,France,FR,5.63,21.07,98.8,38.73,opendata.reseaux-energies.fr,false,""
2024-07-04T14:00:00.000000,France,France,FR,5.32,20.38,98.86,38.5,opendata.reseaux-energies.fr,false,""
2024-07-04T15:00:00.000000,France,France,FR,4.89,20.02,98.95,41.91,opendata.reseaux-energies.fr,false,""
2024-07-04T16:00:00.000000,France,France,FR,4.41,18.86,99.07,40.84,opendata.reseaux-energies.fr,false,""
2024-07-04T17:00:00.000000,France,France,FR,4.55,17.73,99.03,36.01,opendata.reseaux-energies.fr,false,""
2024-07-04T18:00:00.000000,France,France,FR,4.74,16.92,98.99,31.13,opendata.reseaux-energies.fr,false,""
2024-07-04T19:00:00.000000,France,France,FR,4.89,16.69,98.96,27.66,opendata.reseaux-energies.fr,false,""
2024-07-04T20:00:00.000000,France,France,FR,4.97,16.6,98.95,26.2,opendata.reseaux-energies.fr,false,""
2024-07-04T21:00:00.000000,France,France,FR,5.48,17.22,98.82,26.16,opendata.reseaux-energies.fr,false,""
2024-07-04T22:00:00.000000,France,France,FR,6.04,18.08,98.68,25.73,opendata.reseaux-energies.fr,false,""
2024-07-04T23:00:00.000000,France,France,FR,5.34,17.16,98.86,24.87,opendata.reseaux-energies.fr,false,""
2024-07-05T00:00:00.000000,France,France,FR,5.97,18.13,98.7,25.26,opendata.reseaux-energies.fr,false,""
2024-07-05T01:00:00.000000,France,France,FR,6.37,18.82,98.61,25.34,opendata.reseaux-energies.fr,false,""
2024-07-05T02:00:00.000000,France,France,FR,6.43,18.86,98.6,24.49,opendata.reseaux-energies.fr,false,""
2024-07-05T03:00:00.000000,France,France,FR,6.28,18.58,98.63,24.18,opendata.reseaux-energies.fr,false,""
2024-07-05T04:00:00.000000,France,France,FR,6.2,18.45,98.64,24.78,opendata.reseaux-energies.fr,false,""
2024-07-05T05:00:00.000000,France,France,FR,5.72,17.93,98.76,25.57,opendata.reseaux-energies.fr,false,""
2024-07-05T06:00:00.000000,France,France,FR,4.89,17.52,98.96,27.47,opendata.reseaux-energies.fr,false,""
2024-07-05T07:00:00.000000,France,France,FR,4.79,18.46,98.97,31.62,opendata.reseaux-energies.fr,false,""
2024-07-05T08:00:00.000000,France,France,FR,5.45,20.53,98.78,36.45,opendata.reseaux-energies.fr,false,""
2024-07-05T09:00:00.000000,France,France,FR,5.07,21.0,98.89,41.32,opendata.reseaux-energies.fr,false,""
2024-07-05T10:00:00.000000,France,France,FR,4.59,21.07,99.02,44.62,opendata.reseaux-energies.fr,false,""
2024-07-05T11:00:00.000000,France,France,FR,4.63,21.35,99.01,45.18,opendata.reseaux-energies.fr,false,""
2024-07-05T12:00:00.000000,France,France,FR,5.83,22.81,98.68,44.53,opendata.reseaux-energies.fr,false,""
2024-07-05T13:00:00.000000,France,France,FR,4.68,21.09,99.0,43.56,opendata.reseaux-energies.fr,false,""
2024-07-05T14:00:00.000000,France,France,FR,5.01,21.09,98.92,41.3,opendata.reseaux-energies.fr,false,""
2024-07-05T15:00:00.000000,France,France,FR,4.66,19.65,99.01,37.39,opendata.reseaux-energies.fr,false,""
2024-07-05T16:00:00.000000,France,France,FR,5.19,19.3,98.9,33.56,opendata.reseaux-energies.fr,false,""
2024-07-05T17:00:00.000000,France,France,FR,7.22,20.95,98.44,31.06,opendata.reseaux-energies.fr,false,""
2024-07-05T18:00:00.000000,France,France,FR,6.17,18.73,98.66,27.99,opendata.reseaux-energies.fr,false,""
2024-07-05T19:00:00.000000,France,France,FR,5.52,17.6,98.8,27.24,opendata.reseaux-energies.fr,false,""
2024-07-05T20:00:00.000000,France,France,FR,6.47,18.78,98.61,27.61,opendata.reseaux-energies.fr,false,""
2024-07-05T21:00:00.000000,France,France,FR,8.7,21.64,98.2,27.99,opendata.reseaux-energies.fr,false,""
2024-07-05T22:00:00.000000,France,France,FR,5.53,19.38,98.83,30.3,opendata.reseaux-energies.fr,false,""
2024-07-05T23:00:00.000000,France,France,FR,4.54,18.25,99.03,31.29,opendata.reseaux-energies.fr,false,""
2024-07-06T00:00:00.000000,France,France,FR,4.94,18.88,98.91,31.49,opendata.reseaux-energies.fr,false,""
2024-07-06T01:00:00.000000,France,France,FR,4.97,19.24,98.91,32.96,opendata.reseaux-energies.fr,false,""
2024-07-06T02:00:00.000000,France,France,FR,5.1,19.82,98.89,35.11,opendata.reseaux-energies.fr,false,""
2024-07-06T03:00:00.000000,France,France,FR,5.32,20.23,98.83,36.19,opendata.reseaux-energies.fr,false,""
2024-07-06T04:00:00.000000,France,France,FR,5.36,20.47,98.83,37.99,opendata.reseaux-energies.fr,false,""
2024-07-06T05:00:00.000000,France,France,FR,6.16,21.99,98.66,40.76,opendata.reseaux-energies.fr,false,""
2024-07-06T06:00:00.000000,France,France,FR,6.0,22.27,98.69,44.02,opendata.reseaux-energies.fr,false,""
2024-07-06T07:00:00.000000,France,France,FR,6.66,23.93,98.54,47.92,opendata.reseaux-energies.fr,false,""
2024-07-06T08:00:00.000000,France,France,FR,11.14,30.51,97.82,46.83,opendata.reseaux-energies.fr,false,""
2024-07-06T09:00:00.000000,France,France,FR,11.06,30.78,97.82,47.09,opendata.reseaux-energies.fr,false,""
2024-07-06T10:00:00.000000,France,France,FR,11.56,31.96,97.73,49.1,opendata.reseaux-energies.fr,false,""
2024-07-06T11:00:00.000000,France,France,FR,9.67,29.53,98.07,48.4,opendata.reseaux-energies.fr,false,""
2024-07-06T12:00:00.000000,France,France,FR,8.11,27.34,98.28,47.04,opendata.reseaux-energies.fr,false,""
2024-07-06T13:00:00.000000,France,France,FR,7.99,27.2,98.27,47.72,opendata.reseaux-energies.fr,false,""
2024-07-06T14:00:00.000000,France,France,FR,9.28,28.96,98.03,47.61,opendata.reseaux-energies.fr,false,""
2024-07-06T15:00:00.000000,France,France,FR,8.5,27.29,98.15,44.47,opendata.reseaux-energies.fr,false,""
2024-07-06T16:00:00.000000,France,France,FR,10.47,29.19,97.84,43.31,opendata.reseaux-energies.fr,false,""
2024-07-06T17:00:00.000000,France,France,FR,6.7,23.45,98.55,42.66,opendata.reseaux-energies.fr,false,""
2024-07-06T18:00:00.000000,France,France,FR,6.38,22.24,98.61,41.45,opendata.reseaux-energies.fr,false,""
2024-07-06T19:00:00.000000,France,France,FR,6.84,22.09,98.5,35.2,opendata.reseaux-energies.fr,false,""
2024-07-06T20:00:00.000000,France,France,FR,7.39,22.5,98.39,32.88,opendata.reseaux-energies.fr,false,""
2024-07-06T21:00:00.000000,France,France,FR,7.97,23.07,98.28,31.6,opendata.reseaux-energies.fr,false,""
2024-07-06T22:00:00.000000,France,France,FR,8.26,23.88,98.23,32.33,opendata.reseaux-energies.fr,false,""
2024-07-06T23:00:00.000000,France,France,FR,8.45,24.54,98.16,32.55,opendata.reseaux-energies.fr,false,""
2024-07-07T00:00:00.000000,France,France,FR,8.89,25.24,98.18,32.03,opendata.reseaux-energies.fr,false,""
2024-07-07T01:00:00.000000,France,France,FR,9.34,25.98,98.21,31.34,opendata.reseaux-energies.fr,false,""
2024-07-07T02:00:00.000000,France,France,FR,9.49,26.37,98.18,31.85,opendata.reseaux-energies.fr,false,""
2024-07-07T03:00:00.000000,France,France,FR,10.02,27.18,98.07,32.13,opendata.reseaux-energies.fr,false,""
2024-07-07T04:00:00.000000,France,France,FR,10.32,27.67,98.01,32.14,opendata.reseaux-energies.fr,false,""
2024-07-07T05:00:00.000000,France,France,FR,10.45,28.18,97.97,32.89,opendata.reseaux-energies.fr,false,""
2024-07-07T06:00:00.000000,France,France,FR,11.19,29.82,97.81,32.79,opendata.reseaux-energies.fr,false,""
2024-07-07T07:00:00.000000,France,France,FR,9.73,28.89,97.97,35.93,opendata.reseaux-energies.fr,false,""
2024-07-07T08:00:00.000000,France,France,FR,8.42,28.04,98.14,40.35,opendata.reseaux-energies.fr,false,""
2024-07-07T09:00:00.000000,France,France,FR,7.21,26.94,98.41,42.72,opendata.reseaux-energies.fr,false,""
2024-07-07T10:00:00.000000,France,France,FR,7.9,28.15,98.35,44.75,opendata.reseaux-energies.fr,false,""
2024-07-07T11:00:00.000000,France,France,FR,7.28,27.57,98.43,46.13,opendata.reseaux-energies.fr,false,""
2024-07-07T12:00:00.000000,France,France,FR,6.65,26.71,98.57,46.52,opendata.reseaux-energies.fr,false,""
2024-07-07T13:00:00.000000,France,France,FR,5.64,25.08,98.77,45.09,opendata.reseaux-energies.fr,false,""
2024-07-07T14:00:00.000000,France,France,FR,5.13,23.88,98.87,42.71,opendata.reseaux-energies.fr,false,""
2024-07-07T15:00:00.000000,France,France,FR,4.75,23.05,98.96,42.68,opendata.reseaux-energies.fr,false,""
2024-07-07T16:00:00.000000,France,France,FR,4.72,21.97,98.99,40.5,opendata.reseaux-energies.fr,false,""
2024-07-07T17:00:00.000000,France,France,FR,4.75,20.31,98.96,34.87,opendata.reseaux-energies.fr,false,""
2024-07-07T18:00:00.000000,France,France,FR,4.76,18.88,98.95,29.24,opendata.reseaux-energies.fr,false,""
2024-07-07T19:00:00.000000,France,France,FR,4.99,18.62,98.89,25.89,opendata.reseaux-energies.fr,false,""
2024-07-07T20:00:00.000000,France,France,FR,4.92,18.4,98.92,25.49,opendata.reseaux-energies.fr,false,""
2024-07-07T21:00:00.000000,France,France,FR,5.22,18.67,98.83,24.6,opendata.reseaux-energies.fr,false,""
2024-07-07T22:00:00.000000,France,France,FR,5.11,18.55,98.86,23.49,opendata.reseaux-energies.fr,false,""
2024-07-07T23:00:00.000000,France,France,FR,5.03,18.55,98.89,22.22,opendata.reseaux-energies.fr,false,""
2024-07-08T00:00:00.000000,France,France,FR,4.98,18.67,98.9,21.68,opendata.reseaux-energies.fr,false,""
2024-07-08T01:00:00.000000,France,France,FR,4.79,18.35,98.95,20.35,opendata.reseaux-energies.fr,false,""
2024-07-08T02:00:00.000000,France,France,FR,4.78,18.24,98.95,20.14,opendata.reseaux-energies.fr,false,""
2024-07-08T03:00:00.000000,France,France,FR,4.66,17.99,98.98,19.88,opendata.reseaux-energies.fr,false,""
2024-07-08T04:00:00.000000,France,France,FR,4.91,18.14,98.92,20.29,opendata.reseaux-energies.fr,false,""
2024-07-08T05:00:00.000000,France,France,FR,5.02,18.41,98.89,21.9,opendata.reseaux-energies.fr,false,""
2024-07-08T06:00:00.000000,France,France,FR,5.05,19.17,98.87,25.18,opendata.reseaux-energies.fr,false,""
2024-07-08T07:00:00.000000,France,France,FR,4.78,19.81,98.93,28.99,opendata.reseaux-energies.fr,false,""
2024-07-08T08:00:00.000000,France,France,FR,4.31,20.1,99.04,32.34,opendata.reseaux-energies.fr,false,""
2024-07-08T09:00:00.000000,France,France,FR,4.01,20.37,99.12,35.19,opendata.reseaux-energies.fr,false,""
2024-07-08T10:00:00.000000,France,France,FR,3.83,20.59,99.16,36.97,opendata.reseaux-energies.fr,false,""
2024-07-08T11:00:00.000000,France,France,FR,3.93,21.02,99.13,38.48,opendata.reseaux-energies.fr,false,""
2024-07-08T12:00:00.000000,France,France,FR,4.62,22.03,98.94,38.96,opendata.reseaux-energies.fr,false,""
2024-07-08T13:00:00.000000,France,France,FR,5.09,22.49,98.85,38.94,opendata.reseaux-energies.fr,false,""
2024-07-08T14:00:00.000000,France,France,FR,5.56,22.88,98.74,38.74,opendata.reseaux-energies.fr,false,""
2024-07-08T15:00:00.000000,France,France,FR,4.35,20.75,99.08,37.24,opendata.reseaux-energies.fr,false,""
2024-07-08T16:00:00.000000,France,France,FR,5.36,21.34,98.83,34.93,opendata.reseaux-energies.fr,false,""
2024-07-08T17:00:00.000000,France,France,FR,7.14,22.39,98.37,31.12,opendata.reseaux-energies.fr,false,""
2024-07-08T18:00:00.000000,France,France,FR,15.16,31.6,96.87,27.18,opendata.reseaux-energies.fr,false,""
2024-07-08T19:00:00.000000,France,France,FR,14.07,29.72,96.91,24.91,opendata.reseaux-energies.fr,false,""
2024-07-08T20:00:00.000000,France,France,FR,12.98,28.33,97.02,25.09,opendata.reseaux-energies.fr,false,""
2024-07-08T21:00:00.000000,France,France,FR,11.27,26.18,97.33,26.18,opendata.reseaux-energies.fr,false,""
2024-07-08T22:00:00.000000,France,France,FR,9.88,24.44,97.72,26.58,opendata.reseaux-energies.fr,false,""
2024-07-08T23:00:00.000000,France,France,FR,9.93,24.57,97.71,26.44,opendata.reseaux-energies.fr,false,""
2024-07-09T00:00:00.000000,France,France,FR,9.81,24.5,97.73,26.22,opendata.reseaux-energies.fr,false,""
2024-07-09T01:00:00.000000,France,France,FR,8.03,22.25,98.13,26.17,opendata.reseaux-energies.fr,false,""
2024-07-09T02:00:00.000000,France,France,FR,5.35,18.75,98.74,26.41,opendata.reseaux-energies.fr,false,""
2024-07-09T03:00:00.000000,France,France,FR,4.54,17.67,98.96,26.13,opendata.reseaux-energies.fr,false,""
2024-07-09T04:00:00.000000,France,France,FR,9.07,23.51,98.14,26.01,opendata.reseaux-energies.fr,false,""
2024-07-09T05:00:00.000000,France,France,FR,12.74,28.33,97.52,26.86,opendata.reseaux-energies.fr,false,""
2024-07-09T06:00:00.000000,France,France,FR,12.95,29.28,97.42,29.01,opendata.reseaux-energies.fr,false,""
2024-07-09T07:00:00.000000,France,France,FR,14.55,32.13,97.17,31.08,opendata.reseaux-energies.fr,false,""
2024-07-09T08:00:00.000000,France,France,FR,21.57,41.87,96.33,32.84,opendata.reseaux-energies.fr,false,""
2024-07-09T09:00:00.000000,France,France,FR,9.62,27.15,97.78,35.15,opendata.reseaux-energies.fr,false,""
2024-07-09T10:00:00.000000,France,France,FR,6.2,23.19,98.49,37.6,opendata.reseaux-energies.fr,false,""
2024-07-09T11:00:00.000000,France,France,FR,4.43,21.23,99.0,40.04,opendata.reseaux-energies.fr,false,""
2024-07-09T12:00:00.000000,France,France,FR,3.46,19.94,99.23,40.65,opendata.reseaux-energies.fr,false,""
2024-07-09T13:00:00.000000,France,France,FR,3.65,19.85,99.17,39.8,opendata.reseaux-energies.fr,false,""
2024-07-09T14:00:00.000000,France,France,FR,3.75,19.47,99.15,38.36,opendata.reseaux-energies.fr,false,""
2024-07-09T15:00:00.000000,France,France,FR,4.54,19.94,98.96,37.12,opendata.reseaux-energies.fr,false,""
2024-07-09T16:00:00.000000,France,France,FR,7.01,22.55,98.36,34.96,opendata.reseaux-energies.fr,false,""
2024-07-09T17:00:00.000000,France,France,FR,10.59,26.11,97.47,31.38,opendata.reseaux-energies.fr,false,""
2024-07-09T18:00:00.000000,France,France,FR,16.4,32.99,96.25,27.37,opendata.reseaux-energies.fr,false,""
2024-07-09T19:00:00.000000,France,France,FR,13.35,28.83,96.66,25.09,opendata.reseaux-energies.fr,false,""
2024-07-09T20:00:00.000000,France,France,FR,11.31,26.11,97.21,24.1,opendata.reseaux-energies.fr,false,""
2024-07-09T21:00:00.000000,France,France,FR,10.72,25.32,97.38,24.04,opendata.reseaux-energies.fr,false,""
2024-07-09T22:00:00.000000,France,France,FR,11.28,26.05,97.31,23.03,opendata.reseaux-energies.fr,false,""
2024-07-09T23:00:00.000000,France,France,FR,10.55,25.19,97.32,22.09,opendata.reseaux-energies.fr,false,""
2024-07-10T00:00:00.000000,France,France,FR,10.36,25.05,97.38,22.31,opendata.reseaux-energies.fr,false,""
2024-07-10T01:00:00.000000,France,France,FR,10.22,24.92,97.41,22.26,opendata.reseaux-energies.fr,false,""
2024-07-10T02:00:00.000000,France,France,FR,10.13,24.83,97.44,22.02,opendata.reseaux-energies.fr,false,""
2024-07-10T03:00:00.000000,France,France,FR,10.29,25.01,97.39,21.57,opendata.reseaux-energies.fr,false,""
2024-07-10T04:00:00.000000,France,France,FR,10.47,25.23,97.34,22.78,opendata.reseaux-energies.fr,false,""
2024-07-10T05:00:00.000000,France,France,FR,15.1,31.21,96.71,24.18,opendata.reseaux-energies.fr,false,""
2024-07-10T06:00:00.000000,France,France,FR,19.36,37.13,96.13,26.43,opendata.reseaux-energies.fr,false,""
2024-07-10T07:00:00.000000,France,France,FR,19.36,37.88,96.27,28.97,opendata.reseaux-energies.fr,false,""
2024-07-10T08:00:00.000000,France,France,FR,19.66,38.86,96.28,31.08,opendata.reseaux-energies.fr,false,""
2024-07-10T09:00:00.000000,France,France,FR,15.84,34.76,96.92,33.98,opendata.reseaux-energies.fr,false,""
2024-07-10T10:00:00.000000,France,France,FR,9.79,27.64,97.78,36.72,opendata.reseaux-energies.fr,false,""
2024-07-10T11:00:00.000000,France,France,FR,4.47,21.1,98.98,38.62,opendata.reseaux-energies.fr,false,""
2024-07-10T12:00:00.000000,France,France,FR,4.4,21.18,99.03,38.87,opendata.reseaux-energies.fr,false,""
2024-07-10T13:00:00.000000,France,France,FR,4.19,20.6,99.07,38.02,opendata.reseaux-energies.fr,false,""
2024-07-10T14:00:00.000000,France,France,FR,4.38,20.62,99.03,36.88,opendata.reseaux-energies.fr,false,""
2024-07-10T15:00:00.000000,France,France,FR,4.55,20.27,98.98,34.57,opendata.reseaux-energies.fr,false,""
2024-07-10T16:00:00.000000,France,France,FR,6.29,21.9,98.56,32.6,opendata.reseaux-energies.fr,false,""
2024-07-10T17:00:00.000000,France,France,FR,10.37,26.31,97.47,29.51,opendata.reseaux-energies.fr,false,""
2024-07-10T18:00:00.000000,France,France,FR,12.57,28.22,96.81,26.17,opendata.reseaux-energies.fr,false,""
2024-07-10T19:00:00.000000,France,France,FR,16.33,32.7,95.81,23.26,opendata.reseaux-energies.fr,false,""
2024-07-10T20:00:00.000000,France,France,FR,16.29,32.64,95.77,21.61,opendata.reseaux-energies.fr,false,""
2024-07-10T21:00:00.000000,France,France,FR,16.82,33.36,95.61,21.82,opendata.reseaux-energies.fr,false,""
2024-07-10T22:00:00.000000,France,France,FR,14.94,30.97,96.13,21.72,opendata.reseaux-energies.fr,false,""
2024-07-10T23:00:00.000000,France,France,FR,10.24,24.84,97.43,20.28,opendata.reseaux-energies.fr,false,""
2024-07-11T00:00:00.000000,France,France,FR,10.78,25.58,97.28,20.24,opendata.reseaux-energies.fr,false,""
2024-07-11T01:00:00.000000,France,France,FR,10.24,25.01,97.43,19.62,opendata.reseaux-energies.fr,false,""
2024-07-11T02:00:00.000000,France,France,FR,10.57,25.44,97.34,19.04,opendata.reseaux-energies.fr,false,""
2024-07-11T03:00:00.000000,France,France,FR,10.85,25.84,97.26,19.16,opendata.reseaux-energies.fr,false,""
2024-07-11T04:00:00.000000,France,France,FR,11.75,27.01,97.02,20.12,opendata.reseaux-energies.fr,false,""
2024-07-11T05:00:00.000000,France,France,FR,15.61,32.13,95.95,21.3,opendata.reseaux-energies.fr,false,""
2024-07-11T06:00:00.000000,France,France,FR,17.41,34.9,95.45,23.6,opendata.reseaux-energies.fr,false,""
2024-07-11T07:00:00.000000,France,France,FR,16.46,34.53,95.7,26.78,opendata.reseaux-energies.fr,false,""
2024-07-11T08:00:00.000000,France,France,FR,14.69,33.04,96.17,29.48,opendata.reseaux-energies.fr,false,""
2024-07-11T09:00:00.000000,France,France,FR,10.69,28.53,97.27,32.26,opendata.reseaux-energies.fr,false,""
2024-07-11T10:00:00.000000,France,France,FR,8.75,26.54,97.83,34.29,opendata.reseaux-energies.fr,false,""
2024-07-11T11:00:00.000000,France,France,FR,7.4,25.2,98.21,35.72,opendata.reseaux-energies.fr,false,""
2024-07-11T12:00:00.000000,France,France,FR,6.22,23.61,98.56,35.7,opendata.reseaux-energies.fr,false,""
2024-07-11T13:00:00.000000,France,France,FR,5.78,22.76,98.65,34.68,opendata.reseaux-energies.fr,false,""
2024-07-11T14:00:00.000000,France,France,FR,6.52,23.43,98.48,33.75,opendata.reseaux-energies.fr,false,""
2024-07-11T15:00:00.000000,France,France,FR,7.01,23.48,98.38,32.7,opendata.reseaux-energies.fr,false,""
2024-07-11T16:00:00.000000,France,France,FR,10.33,27.11,97.49,30.59,opendata.reseaux-energies.fr,false,""
2024-07-11T17:00:00.000000,France,France,FR,14.18,31.0,96.45,28.01,opendata.reseaux-energies.fr,false,""
2024-07-11T18:00:00.000000,France,France,FR,18.0,35.13,95.4,25.57,opendata.reseaux-energies.fr,false,""
2024-07-11T19:00:00.000000,France,France,FR,15.21,31.39,96.09,24.2,opendata.reseaux-energies.fr,false,""
2024-07-11T20:00:00.000000,France,France,FR,14.85,30.93,96.16,24.96,opendata.reseaux-energies.fr,false,""
2024-07-11T21:00:00.000000,France,France,FR,15.36,31.65,96.02,26.02,opendata.reseaux-energies.fr,false,""
2024-07-11T22:00:00.000000,France,France,FR,12.66,28.16,96.77,25.72,opendata.reseaux-energies.fr,false,""
2024-07-11T23:00:00.000000,France,France,FR,6.82,20.56,98.38,25.63,opendata.reseaux-energies.fr,false,""
2024-07-12T00:00:00.000000,France,France,FR,5.07,18.37,98.86,25.64,opendata.reseaux-energies.fr,false,""
2024-07-12T01:00:00.000000,France,France,FR,4.51,17.86,99.02,25.65,opendata.reseaux-energies.fr,false,""
2024-07-12T02:00:00.000000,France,France,FR,4.49,17.89,99.03,25.59,opendata.reseaux-energies.fr,false,""
2024-07-12T03:00:00.000000,France,France,FR,4.41,17.66,99.04,25.68,opendata.reseaux-energies.fr,false,""
2024-07-12T04:00:00.000000,France,France,FR,4.4,17.56,99.05,25.48,opendata.reseaux-energies.fr,false,""
2024-07-12T05:00:00.000000,France,France,FR,4.24,17.53,99.09,26.82,opendata.reseaux-energies.fr,false,""
2024-07-12T06:00:00.000000,France,France,FR,4.34,17.91,99.06,28.22,opendata.reseaux-energies.fr,false,""
2024-07-12T07:00:00.000000,France,France,FR,4.62,18.67,98.99,30.04,opendata.reseaux-energies.fr,false,""
2024-07-12T08:00:00.000000,France,France,FR,11.4,28.05,97.71,31.61,opendata.reseaux-energies.fr,false,""
2024-07-12T09:00:00.000000,France,France,FR,11.24,28.47,97.76,33.53,opendata.reseaux-energies.fr,false,""
2024-07-12T10:00:00.000000,France,France,FR,9.74,26.93,98.15,34.86,opendata.reseaux-energies.fr,false,""
2024-07-12T11:00:00.000000,France,France,FR,9.18,26.35,98.27,34.91,opendata.reseaux-energies.fr,false,""
2024-07-12T12:00:00.000000,France,France,FR,9.03,26.26,98.3,34.88,opendata.reseaux-energies.fr,false,""
2024-07-12T13:00:00.000000,France,France,FR,8.48,25.6,98.45,35.3,opendata.reseaux-energies.fr,false,""
2024-07-12T14:00:00.000000,France,France,FR,3.96,19.59,99.15,35.25,opendata.reseaux-energies.fr,false,""
2024-07-12T15:00:00.000000,France,France,FR,4.16,19.52,99.08,34.29,opendata.reseaux-energies.fr,false,""
2024-07-12T16:00:00.000000,France,France,FR,6.72,22.48,98.44,32.96,opendata.reseaux-energies.fr,false,""
2024-07-12T17:00:00.000000,France,France,FR,7.88,23.19,98.16,30.57,opendata.reseaux-energies.fr,false,""
2024-07-12T18:00:00.000000,France,France,FR,15.39,31.9,97.23,26.46,opendata.reseaux-energies.fr,false,""
2024-07-12T19:00:00.000000,France,France,FR,16.16,32.56,97.06,24.8,opendata.reseaux-energies.fr,false,""
2024-07-12T20:00:00.000000,France,France,FR,14.95,31.07,97.42,24.7,opendata.reseaux-energies.fr,false,""
2024-07-12T21:00:00.000000,France,France,FR,15.24,31.4,97.37,24.03,opendata.reseaux-energies.fr,false,""
2024-07-12T22:00:00.000000,France,France,FR,15.27,31.59,97.38,23.22,opendata.reseaux-energies.fr,false,""
2024-07-12T23:00:00.000000,France,France,FR,5.33,18.81,98.85,21.98,opendata.reseaux-energies.fr,false,""
2024-07-13T00:00:00.000000,France,France,FR,5.05,18.5,98.9,20.98,opendata.reseaux-energies.fr,false,""
2024-07-13T01:00:00.000000,France,France,FR,5.09,18.64,98.89,20.4,opendata.reseaux-energies.fr,false,""
2024-07-13T02:00:00.000000,France,France,FR,5.12,18.79,98.88,20.75,opendata.reseaux-energies.fr,false,""
2024-07-13T03:00:00.000000,France,France,FR,5.16,18.79,98.87,20.49,opendata.reseaux-energies.fr,false,""
2024-07-13T04:00:00.000000,France,France,FR,5.11,18.75,98.88,20.5,opendata.reseaux-energies.fr,false,""
2024-07-13T05:00:00.000000,France,France,FR,5.05,19.06,98.9,21.24,opendata.reseaux-energies.fr,false,""
2024-07-13T06:00:00.000000,France,France,FR,4.94,19.74,98.93,24.42,opendata.reseaux-energies.fr,false,""
2024-07-13T07:00:00.000000,France,France,FR,4.66,20.41,98.99,28.59,opendata.reseaux-energies.fr,false,""
2024-07-13T08:00:00.000000,France,France,FR,5.77,23.22,98.76,33.9,opendata.reseaux-energies.fr,false,""
2024-07-13T09:00:00.000000,France,France,FR,6.27,25.09,98.65,38.92,opendata.reseaux-energies.fr,false,""
2024-07-13T10:00:00.000000,France,France,FR,7.97,27.98,98.39,42.11,opendata.reseaux-energies.fr,false,""
2024-07-13T11:00:00.000000,France,France,FR,8.36,28.04,98.31,40.59,opendata.reseaux-energies.fr,false,""
2024-07-13T12:00:00.000000,France,France,FR,6.97,26.1,98.5,38.91,opendata.reseaux-energies.fr,false,""
2024-07-13T13:00:00.000000,France,France,FR,6.48,25.29,98.59,38.41,opendata.reseaux-energies.fr,false,""
2024-07-13T14:00:00.000000,France,France,FR,5.58,23.77,98.79,36.43,opendata.reseaux-energies.fr,false,""
2024-07-13T15:00:00.000000,France,France,FR,4.9,22.36,98.95,35.66,opendata.reseaux-energies.fr,false,""
2024-07-13T16:00:00.000000,France,France,FR,4.71,21.16,98.98,32.57,opendata.reseaux-energies.fr,false,""
2024-07-13T17:00:00.000000,France,France,FR,5.35,20.62,98.85,28.37,opendata.reseaux-energies.fr,false,""
2024-07-13T18:00:00.000000,France,France,FR,5.08,19.25,98.88,24.6,opendata.reseaux-energies.fr,false,""
2024-07-13T19:00:00.000000,France,France,FR,4.98,18.52,98.89,22.64,opendata.reseaux-energies.fr,false,""
2024-07-13T20:00:00.000000,France,France,FR,5.08,18.61,98.87,22.6,opendata.reseaux-energies.fr,false,""
2024-07-13T21:00:00.000000,France,France,FR,5.05,18.59,98.88,22.62,opendata.reseaux-energies.fr,false,""
2024-07-13T22:00:00.000000,France,France,FR,4.94,18.42,98.9,22.1,opendata.reseaux-energies.fr,false,""
2024-07-13T23:00:00.000000,France,France,FR,4.99,18.5,98.89,21.07,opendata.reseaux-energies.fr,false,""
2024-07-14T00:00:00.000000,France,France,FR,5.14,18.65,98.87,20.11,opendata.reseaux-energies.fr,false,""
2024-07-14T01:00:00.000000,France,France,FR,5.07,18.74,98.89,20.04,opendata.reseaux-energies.fr,false,""
2024-07-14T02:00:00.000000,France,France,FR,5.13,18.93,98.87,19.97,opendata.reseaux-energies.fr,false,""
2024-07-14T03:00:00.000000,France,France,FR,5.06,18.77,98.89,20.27,opendata.reseaux-energies.fr,false,""
2024-07-14T04:00:00.000000,France,France,FR,5.04,18.7,98.9,20.08,opendata.reseaux-energies.fr,false,""
2024-07-14T05:00:00.000000,France,France,FR,5.06,19.21,98.89,21.68,opendata.reseaux-energies.fr,false,""
2024-07-14T06:00:00.000000,France,France,FR,5.24,20.73,98.85,25.99,opendata.reseaux-energies.fr,false,""
2024-07-14T07:00:00.000000,France,France,FR,6.93,24.36,98.5,30.39,opendata.reseaux-energies.fr,false,""
2024-07-14T08:00:00.000000,France,France,FR,10.73,30.87,97.83,36.5,opendata.reseaux-energies.fr,false,""
2024-07-14T09:00:00.000000,France,France,FR,11.74,33.29,97.71,41.07,opendata.reseaux-energies.fr,false,""
2024-07-14T10:00:00.000000,France,France,FR,12.46,34.75,97.63,43.88,opendata.reseaux-energies.fr,false,""
2024-07-14T11:00:00.000000,France,France,FR,11.57,33.65,97.79,44.6,opendata.reseaux-energies.fr,false,""
2024-07-14T12:00:00.000000,France,France,FR,10.48,32.18,97.92,43.89,opendata.reseaux-energies.fr,false,""
2024-07-14T13:00:00.000000,France,France,FR,9.07,29.71,98.13,41.4,opendata.reseaux-energies.fr,false,""
2024-07-14T14:00:00.000000,France,France,FR,6.87,25.61,98.5,36.71,opendata.reseaux-energies.fr,false,""
2024-07-14T15:00:00.000000,France,France,FR,5.88,23.47,98.76,35.6,opendata.reseaux-energies.fr,false,""
2024-07-14T16:00:00.000000,France,France,FR,6.53,23.37,98.63,33.82,opendata.reseaux-energies.fr,false,""
2024-07-14T17:00:00.000000,France,France,FR,6.68,22.27,98.58,28.88,opendata.reseaux-energies.fr,false,""
2024-07-14T18:00:00.000000,France,France,FR,5.47,19.5,98.8,24.67,opendata.reseaux-energies.fr,false,""
2024-07-14T19:00:00.000000,France,France,FR,5.17,18.56,98.86,23.23,opendata.reseaux-energies.fr,false,""
2024-07-14T20:00:00.000000,France,France,FR,5.18,18.51,98.85,23.06,opendata.reseaux-energies.fr,false,""
2024-07-14T21:00:00.000000,France,France,FR,5.18,18.46,98.85,22.78,opendata.reseaux-energies.fr,false,""
2024-07-14T22:00:00.000000,France,France,FR,5.0,18.2,98.9,21.92,opendata.reseaux-energies.fr,false,""
2024-07-14T23:00:00.000000,France,France,FR,4.94,18.13,98.92,20.11,opendata.reseaux-energies.fr,false,""
2024-07-15T00:00:00.000000,France,France,FR,4.75,17.9,98.97,19.81,opendata.reseaux-energies.fr,false,""
2024-07-15T01:00:00.000000,France,France,FR,4.6,17.72,99.01,19.66,opendata.reseaux-energies.fr,false,""
2024-07-15T02:00:00.000000,France,France,FR,4.5,17.64,99.03,20.16,opendata.reseaux-energies.fr,false,""
2024-07-15T03:00:00.000000,France,France,FR,4.49,17.67,99.03,21.2,opendata.reseaux-energies.fr,false,""
2024-07-15T04:00:00.000000,France,France,FR,4.41,17.53,99.05,22.85,opendata.reseaux-energies.fr,false,""
2024-07-15T05:00:00.000000,France,France,FR,4.36,17.65,99.06,25.92,opendata.reseaux-energies.fr,false,""
2024-07-15T06:00:00.000000,France,France,FR,4.37,18.12,99.05,28.78,opendata.reseaux-energies.fr,false,""
2024-07-15T07:00:00.000000,France,France,FR,4.29,18.68,99.06,30.1,opendata.reseaux-energies.fr,false,""
2024-07-15T08:00:00.000000,France,France,FR,4.86,20.17,98.95,31.7,opendata.reseaux-energies.fr,false,""
2024-07-15T09:00:00.000000,France,France,FR,5.14,21.25,98.9,33.9,opendata.reseaux-energies.fr,false,""
2024-07-15T10:00:00.000000,France,France,FR,5.31,21.8,98.87,35.1,opendata.reseaux-energies.fr,false,""
2024-07-15T11:00:00.000000,France,France,FR,4.73,21.03,98.99,35.76,opendata.reseaux-energies.fr,false,""
2024-07-15T12:00:00.000000,France,France,FR,4.48,20.77,99.05,37.22,opendata.reseaux-energies.fr,false,""
2024-07-15T13:00:00.000000,France,France,FR,4.93,21.23,98.95,38.34,opendata.reseaux-energies.fr,false,""
2024-07-15T14:00:00.000000,France,France,FR,6.25,22.78,98.63,37.73,opendata.reseaux-energies.fr,false,""
2024-07-15T15:00:00.000000,France,France,FR,6.56,22.71,98.53,36.95,opendata.reseaux-energies.fr,false,""
2024-07-15T16:00:00.000000,France,France,FR,9.99,26.41,98.01,35.66,opendata.reseaux-energies.fr,false,""
2024-07-15T17:00:00.000000,France,France,FR,14.59,31.42,97.21,33.26,opendata.reseaux-energies.fr,false,""
2024-07-15T18:00:00.000000,France,France,FR,14.03,29.88,97.35,30.68,opendata.reseaux-energies.fr,false,""
2024-07-15T19:00:00.000000,France,France,FR,13.9,29.39,97.41,28.58,opendata.reseaux-energies.fr,false,""
2024-07-15T20:00:00.000000,France,France,FR,13.83,29.22,97.42,28.87,opendata.reseaux-energies.fr,false,""
2024-07-15T21:00:00.000000,France,France,FR,13.13,28.45,97.6,30.6,opendata.reseaux-energies.fr,false,""
2024-07-15T22:00:00.000000,France,France,FR,6.0,19.5,98.59,30.96,opendata.reseaux-energies.fr,false,""
2024-07-15T23:00:00.000000,France,France,FR,4.35,17.53,99.05,31.06,opendata.reseaux-energies.fr,false,""
2024-07-16T00:00:00.000000,France,France,FR,4.34,17.52,99.05,30.27,opendata.reseaux-energies.fr,false,""
2024-07-16T01:00:00.000000,France,France,FR,4.44,17.68,99.03,29.71,opendata.reseaux-energies.fr,false,""
2024-07-16T02:00:00.000000,France,France,FR,4.45,17.68,99.02,29.62,opendata.reseaux-energies.fr,false,""
2024-07-16T03:00:00.000000,France,France,FR,4.43,17.67,99.03,29.45,opendata.reseaux-energies.fr,false,""
2024-07-16T04:00:00.000000,France,France,FR,4.43,17.57,99.03,29.26,opendata.reseaux-energies.fr,false,""
2024-07-16T05:00:00.000000,France,France,FR,4.33,17.51,99.05,29.77,opendata.reseaux-energies.fr,false,""
2024-07-16T06:00:00.000000,France,France,FR,4.28,17.98,99.06,31.79,opendata.reseaux-energies.fr,false,""
2024-07-16T07:00:00.000000,France,France,FR,4.14,18.66,99.08,35.49,opendata.reseaux-energies.fr,false,""
2024-07-16T08:00:00.000000,France,France,FR,4.86,20.29,98.86,38.18,opendata.reseaux-energies.fr,false,""
2024-07-16T09:00:00.000000,France,France,FR,4.64,20.43,98.92,40.09,opendata.reseaux-energies.fr,false,""
2024-07-16T10:00:00.000000,France,France,FR,4.54,20.73,98.95,42.52,opendata.reseaux-energies.fr,false,""
2024-07-16T11:00:00.000000,France,France,FR,4.46,20.87,98.97,43.87,opendata.reseaux-energies.fr,false,""
2024-07-16T12:00:00.000000,France,France,FR,4.61,21.15,98.93,44.25,opendata.reseaux-energies.fr,false,""
2024-07-16T13:00:00.000000,France,France,FR,5.09,21.76,98.8,44.13,opendata.reseaux-energies.fr,false,""
2024-07-16T14:00:00.000000,France,France,FR,5.32,21.83,98.74,43.62,opendata.reseaux-energies.fr,false,""
2024-07-16T15:00:00.000000,France,France,FR,6.17,22.5,98.51,41.23,opendata.reseaux-energies.fr,false,""
2024-07-16T16:00:00.000000,France,France,FR,7.45,23.36,98.16,36.96,opendata.reseaux-energies.fr,false,""
2024-07-16T17:00:00.000000,France,France,FR,10.13,25.8,97.44,32.73,opendata.reseaux-energies.fr,false,""
2024-07-16T18:00:00.000000,France,France,FR,12.06,27.49,96.92,29.58,opendata.reseaux-energies.fr,false,""
2024-07-16T19:00:00.000000,France,France,FR,12.53,27.72,96.81,26.34,opendata.reseaux-energies.fr,false,""
2024-07-16T20:00:00.000000,France,France,FR,12.56,27.68,96.8,24.43,opendata.reseaux-energies.fr,false,""
2024-07-16T21:00:00.000000,France,France,FR,12.5,27.67,96.82,23.69,opendata.reseaux-energies.fr,false,""
2024-07-16T22:00:00.000000,France,France,FR,9.83,24.33,97.56,23.5,opendata.reseaux-energies.fr,false,""
2024-07-16T23:00:00.000000,France,France,FR,6.53,20.05,98.47,22.66,opendata.reseaux-energies.fr,false,""
2024-07-17T00:00:00.000000,France,France,FR,5.23,18.32,98.83,21.77,opendata.reseaux-energies.fr,false,""
2024-07-17T01:00:00.000000,France,France,FR,5.03,18.11,98.88,20.63,opendata.reseaux-energies.fr,false,""
2024-07-17T02:00:00.000000,France,France,FR,5.6,18.91,98.73,20.04,opendata.reseaux-energies.fr,false,""
2024-07-17T03:00:00.000000,France,France,FR,5.91,19.21,98.65,19.35,opendata.reseaux-energies.fr,false,""
2024-07-17T04:00:00.000000,France,France,FR,7.35,21.03,98.26,19.34,opendata.reseaux-energies.fr,false,""
2024-07-17T05:00:00.000000,France,France,FR,8.35,22.45,97.99,21.01,opendata.reseaux-energies.fr,false,""
2024-07-17T06:00:00.000000,France,France,FR,7.83,22.46,98.1,23.88,opendata.reseaux-energies.fr,false,""
2024-07-17T07:00:00.000000,France,France,FR,6.86,22.31,98.35,27.41,opendata.reseaux-energies.fr,false,""
2024-07-17T08:00:00.000000,France,France,FR,4.31,20.02,99.04,30.85,opendata.reseaux-energies.fr,false,""
2024-07-17T09:00:00.000000,France,France,FR,5.02,21.83,98.88,33.75,opendata.reseaux-energies.fr,false,""
2024-07-17T10:00:00.000000,France,France,FR,5.31,22.77,98.82,35.77,opendata.reseaux-energies.fr,false,""
2024-07-17T11:00:00.000000,France,France,FR,5.27,23.01,98.84,36.95,opendata.reseaux-energies.fr,false,""
2024-07-17T12:00:00.000000,France,France,FR,5.19,22.98,98.84,37.57,opendata.reseaux-energies.fr,false,""
2024-07-17T13:00:00.000000,France,France,FR,5.43,23.21,98.8,37.31,opendata.reseaux-energies.fr,false,""
2024-07-17T14:00:00.000000,France,France,FR,4.46,21.63,99.01,35.37,opendata.reseaux-energies.fr,false,""
2024-07-17T15:00:00.000000,France,France,FR,4.71,21.3,98.94,33.14,opendata.reseaux-energies.fr,false,""
2024-07-17T16:00:00.000000,France,France,FR,10.93,28.21,97.26,29.39,opendata.reseaux-energies.fr,false,""
2024-07-17T17:00:00.000000,France,France,FR,16.43,34.06,95.8,26.24,opendata.reseaux-energies.fr,false,""
2024-07-17T18:00:00.000000,France,France,FR,17.14,34.08,95.56,23.38,opendata.reseaux-energies.fr,false,""
2024-07-17T19:00:00.000000,France,France,FR,17.35,33.9,95.49,21.73,opendata.reseaux-energies.fr,false,""
2024-07-17T20:00:00.000000,France,France,FR,17.04,33.48,95.57,22.06,opendata.reseaux-energies.fr,false,""
2024-07-17T21:00:00.000000,France,France,FR,16.59,33.01,95.69,22.7,opendata.reseaux-energies.fr,false,""
2024-07-17T22:00:00.000000,France,France,FR,16.13,32.5,95.82,22.54,opendata.reseaux-energies.fr,false,""
2024-07-17T23:00:00.000000,France,France,FR,13.15,28.64,96.65,21.59,opendata.reseaux-energies.fr,false,""
2024-07-18T00:00:00.000000,France,France,FR,10.75,25.57,97.31,21.36,opendata.reseaux-energies.fr,false,""
2024-07-18T01:00:00.000000,France,France,FR,9.67,24.25,97.62,20.76,opendata.reseaux-energies.fr,false,""
2024-07-18T02:00:00.000000,France,France,FR,9.75,24.44,97.6,20.36,opendata.reseaux-energies.fr,false,""
2024-07-18T03:00:00.000000,France,France,FR,9.36,23.86,97.7,19.95,opendata.reseaux-energies.fr,false,""
2024-07-18T04:00:00.000000,France,France,FR,9.19,23.65,97.75,20.21,opendata.reseaux-energies.fr,false,""
2024-07-18T05:00:00.000000,France,France,FR,9.2,23.82,97.75,21.93,opendata.reseaux-energies.fr,false,""
2024-07-18T06:00:00.000000,France,France,FR,8.54,23.63,97.92,25.17,opendata.reseaux-energies.fr,false,""
2024-07-18T07:00:00.000000,France,France,FR,8.53,24.64,97.91,27.98,opendata.reseaux-energies.fr,false,""
2024-07-18T08:00:00.000000,France,France,FR,6.01,22.35,98.59,31.07,opendata.reseaux-energies.fr,false,""
2024-07-18T09:00:00.000000,France,France,FR,5.84,22.89,98.63,33.69,opendata.reseaux-energies.fr,false,""
2024-07-18T10:00:00.000000,France,France,FR,6.27,24.02,98.55,36.19,opendata.reseaux-energies.fr,false,""
2024-07-18T11:00:00.000000,France,France,FR,6.65,25.0,98.45,37.88,opendata.reseaux-energies.fr,false,""
2024-07-18T12:00:00.000000,France,France,FR,7.0,25.52,98.37,38.12,opendata.reseaux-energies.fr,false,""
2024-07-18T13:00:00.000000,France,France,FR,5.97,24.0,98.6,37.4,opendata.reseaux-energies.fr,false,""
2024-07-18T14:00:00.000000,France,France,FR,5.73,23.08,98.65,35.43,opendata.reseaux-energies.fr,false,""
2024-07-18T15:00:00.000000,France,France,FR,7.69,24.79,98.11,32.87,opendata.reseaux-energies.fr,false,""
2024-07-18T16:00:00.000000,France,France,FR,14.41,32.6,96.27,29.37,opendata.reseaux-energies.fr,false,""
2024-07-18T17:00:00.000000,France,France,FR,17.79,35.95,95.37,26.39,opendata.reseaux-energies.fr,false,""
2024-07-18T18:00:00.000000,France,France,FR,19.04,36.69,95.02,23.45,opendata.reseaux-energies.fr,false,""
2024-07-18T19:00:00.000000,France,France,FR,19.31,36.62,94.96,22.05,opendata.reseaux-energies.fr,false,""
2024-07-18T20:00:00.000000,France,France,FR,19.84,37.21,94.81,22.06,opendata.reseaux-energies.fr,false,""
2024-07-18T21:00:00.000000,France,France,FR,19.6,36.99,94.87,21.97,opendata.reseaux-energies.fr,false,""
2024-07-18T22:00:00.000000,France,France,FR,19.09,36.35,95.02,21.46,opendata.reseaux-energies.fr,false,""
2024-07-18T23:00:00.000000,France,France,FR,14.81,30.74,96.2,20.46,opendata.reseaux-energies.fr,false,""
2024-07-19T00:00:00.000000,France,France,FR,10.61,25.25,97.36,20.11,opendata.reseaux-energies.fr,false,""
2024-07-19T01:00:00.000000,France,France,FR,8.85,23.04,97.85,19.63,opendata.reseaux-energies.fr,false,""
2024-07-19T02:00:00.000000,France,France,FR,8.8,23.07,97.86,18.94,opendata.reseaux-energies.fr,false,""
2024-07-19T03:00:00.000000,France,France,FR,9.7,24.26,97.61,18.74,opendata.reseaux-energies.fr,false,""
2024-07-19T04:00:00.000000,France,France,FR,10.48,25.24,97.39,19.47,opendata.reseaux-energies.fr,false,""
2024-07-19T05:00:00.000000,France,France,FR,14.52,30.64,96.28,21.25,opendata.reseaux-energies.fr,false,""
2024-07-19T06:00:00.000000,France,France,FR,13.95,30.4,96.42,24.32,opendata.reseaux-energies.fr,false,""
2024-07-19T07:00:00.000000,France,France,FR,13.79,30.99,96.46,26.93,opendata.reseaux-energies.fr,false,""
2024-07-19T08:00:00.000000,France,France,FR,11.9,29.61,96.97,29.92,opendata.reseaux-energies.fr,false,""
2024-07-19T09:00:00.000000,France,France,FR,8.32,25.81,97.94,33.14,opendata.reseaux-energies.fr,false,""
2024-07-19T10:00:00.000000,France,France,FR,8.26,26.39,98.0,35.34,opendata.reseaux-energies.fr,false,""
2024-07-19T11:00:00.000000,France,France,FR,6.88,24.91,98.38,36.38,opendata.reseaux-energies.fr,false,""
2024-07-19T12:00:00.000000,France,France,FR,5.49,23.23,98.77,36.83,opendata.reseaux-energies.fr,false,""
2024-07-19T13:00:00.000000,France,France,FR,5.52,23.16,98.77,36.46,opendata.reseaux-energies.fr,false,""
2024-07-19T14:00:00.000000,France,France,FR,6.87,24.56,98.45,35.44,opendata.reseaux-energies.fr,false,""
2024-07-19T15:00:00.000000,France,France,FR,8.9,26.46,97.78,33.09,opendata.reseaux-energies.fr,false,""
2024-07-19T16:00:00.000000,France,France,FR,11.87,29.39,96.98,29.99,opendata.reseaux-energies.fr,false,""
2024-07-19T17:00:00.000000,France,France,FR,16.52,34.46,95.71,26.81,opendata.reseaux-energies.fr,false,""
2024-07-19T18:00:00.000000,France,France,FR,18.41,36.01,95.19,23.78,opendata.reseaux-energies.fr,false,""
2024-07-19T19:00:00.000000,France,France,FR,18.83,36.18,95.08,21.63,opendata.reseaux-energies.fr,false,""
2024-07-19T20:00:00.000000,France,France,FR,18.2,35.48,95.26,21.67,opendata.reseaux-energies.fr,false,""
2024-07-19T21:00:00.000000,France,France,FR,16.03,32.82,95.86,22.98,opendata.reseaux-energies.fr,false,""
2024-07-19T22:00:00.000000,France,France,FR,14.81,31.2,96.2,22.23,opendata.reseaux-energies.fr,false,""
2024-07-19T23:00:00.000000,France,France,FR,9.4,24.19,97.7,21.85,opendata.reseaux-energies.fr,false,""
2024-07-20T00:00:00.000000,France,France,FR,9.83,24.76,97.58,21.15,opendata.reseaux-energies.fr,false,""
2024-07-20T01:00:00.000000,France,France,FR,6.13,20.09,98.61,20.22,opendata.reseaux-energies.fr,false,""
2024-07-20T02:00:00.000000,France,France,FR,5.13,18.84,98.89,19.18,opendata.reseaux-energies.fr,false,""
2024-07-20T03:00:00.000000,France,France,FR,5.03,18.66,98.91,18.72,opendata.reseaux-energies.fr,false,""
2024-07-20T04:00:00.000000,France,France,FR,5.11,18.68,98.89,18.76,opendata.reseaux-energies.fr,false,""
2024-07-20T05:00:00.000000,France,France,FR,5.0,18.7,98.91,19.72,opendata.reseaux-energies.fr,false,""
2024-07-20T06:00:00.000000,France,France,FR,4.82,19.29,98.95,22.78,opendata.reseaux-energies.fr,false,""
2024-07-20T07:00:00.000000,France,France,FR,4.5,19.93,99.03,26.4,opendata.reseaux-energies.fr,false,""
2024-07-20T08:00:00.000000,France,France,FR,4.11,20.41,99.12,30.18,opendata.reseaux-energies.fr,false,""
2024-07-20T09:00:00.000000,France,France,FR,4.67,22.44,99.0,35.7,opendata.reseaux-energies.fr,false,""
2024-07-20T10:00:00.000000,France,France,FR,4.97,23.73,98.95,39.77,opendata.reseaux-energies.fr,false,""
2024-07-20T11:00:00.000000,France,France,FR,5.31,24.39,98.87,41.14,opendata.reseaux-energies.fr,false,""
2024-07-20T12:00:00.000000,France,France,FR,5.61,24.17,98.8,38.3,opendata.reseaux-energies.fr,false,""
2024-07-20T13:00:00.000000,France,France,FR,5.54,23.88,98.84,39.36,opendata.reseaux-energies.fr,false,""
2024-07-20T14:00:00.000000,France,France,FR,5.86,24.0,98.78,39.29,opendata.reseaux-energies.fr,false,""
2024-07-20T15:00:00.000000,France,France,FR,5.67,22.6,98.82,34.96,opendata.reseaux-energies.fr,false,""
2024-07-20T16:00:00.000000,France,France,FR,6.44,22.58,98.62,31.55,opendata.reseaux-energies.fr,false,""
2024-07-20T17:00:00.000000,France,France,FR,7.1,22.55,98.45,28.95,opendata.reseaux-energies.fr,false,""
2024-07-20T18:00:00.000000,France,France,FR,18.86,36.55,96.84,24.78,opendata.reseaux-energies.fr,false,""
2024-07-20T19:00:00.000000,France,France,FR,18.3,35.37,96.96,23.44,opendata.reseaux-energies.fr,false,""
2024-07-20T20:00:00.000000,France,France,FR,17.91,34.88,97.03,24.17,opendata.reseaux-energies.fr,false,""
2024-07-20T21:00:00.000000,France,France,FR,14.46,30.41,97.42,25.22,opendata.reseaux-energies.fr,false,""
2024-07-20T22:00:00.000000,France,France,FR,5.11,18.31,98.89,24.6,opendata.reseaux-energies.fr,false,""
2024-07-20T23:00:00.000000,France,France,FR,5.21,18.46,98.87,23.52,opendata.reseaux-energies.fr,false,""
2024-07-21T00:00:00.000000,France,France,FR,4.83,17.98,98.96,22.48,opendata.reseaux-energies.fr,false,""
2024-07-21T01:00:00.000000,France,France,FR,4.69,17.89,98.99,21.84,opendata.reseaux-energies.fr,false,""
2024-07-21T02:00:00.000000,France,France,FR,4.7,17.87,98.99,19.51,opendata.reseaux-energies.fr,false,""
2024-07-21T03:00:00.000000,France,France,FR,4.69,17.89,98.99,20.65,opendata.reseaux-energies.fr,false,""
2024-07-21T04:00:00.000000,France,France,FR,4.72,17.92,98.98,20.57,opendata.reseaux-energies.fr,false,""
2024-07-21T05:00:00.000000,France,France,FR,4.71,18.01,98.99,20.14,opendata.reseaux-energies.fr,false,""
2024-07-21T06:00:00.000000,France,France,FR,5.24,19.2,98.88,21.82,opendata.reseaux-energies.fr,false,""
2024-07-21T07:00:00.000000,France,France,FR,5.64,20.3,98.81,25.05,opendata.reseaux-energies.fr,false,""
2024-07-21T08:00:00.000000,France,France,FR,5.64,21.06,98.82,28.24,opendata.reseaux-energies.fr,false,""
2024-07-21T09:00:00.000000,France,France,FR,5.62,21.88,98.83,32.04,opendata.reseaux-energies.fr,false,""
2024-07-21T10:00:00.000000,France,France,FR,5.84,22.11,98.79,31.34,opendata.reseaux-energies.fr,false,""
2024-07-21T11:00:00.000000,France,France,FR,6.75,23.72,98.6,32.63,opendata.reseaux-energies.fr,false,""
2024-07-21T12:00:00.000000,France,France,FR,6.23,23.16,98.7,32.84,opendata.reseaux-energies.fr,false,""
2024-07-21T13:00:00.000000,France,France,FR,6.44,23.19,98.66,32.8,opendata.reseaux-energies.fr,false,""
2024-07-21T14:00:00.000000,France,France,FR,6.92,23.99,98.51,35.42,opendata.reseaux-energies.fr,false,""
2024-07-21T15:00:00.000000,France,France,FR,7.12,24.05,98.4,35.89,opendata.reseaux-energies.fr,false,""
2024-07-21T16:00:00.000000,France,France,FR,7.52,23.94,98.34,34.27,opendata.reseaux-energies.fr,false,""
2024-07-21T17:00:00.000000,France,France,FR,6.63,21.7,98.5,30.65,opendata.reseaux-energies.fr,false,""
2024-07-21T18:00:00.000000,France,France,FR,6.23,20.33,98.55,27.59,opendata.reseaux-energies.fr,false,""
2024-07-21T19:00:00.000000,France,France,FR,5.88,19.51,98.65,25.8,opendata.reseaux-energies.fr,false,""
2024-07-21T20:00:00.000000,France,France,FR,5.8,19.26,98.67,25.61,opendata.reseaux-energies.fr,false,""
2024-07-21T21:00:00.000000,France,France,FR,5.55,18.73,98.74,25.33,opendata.reseaux-energies.fr,false,""
2024-07-21T22:00:00.000000,France,France,FR,4.27,17.27,99.09,25.31,opendata.reseaux-energies.fr,false,""
2024-07-21T23:00:00.000000,France,France,FR,4.43,17.61,99.06,24.53,opendata.reseaux-energies.fr,false,""
2024-07-22T00:00:00.000000,France,France,FR,4.57,17.76,99.03,23.18,opendata.reseaux-energies.fr,false,""
2024-07-22T01:00:00.000000,France,France,FR,4.63,17.93,99.01,22.04,opendata.reseaux-energies.fr,false,""
2024-07-22T02:00:00.000000,France,France,FR,4.53,17.68,99.03,21.17,opendata.reseaux-energies.fr,false,""
2024-07-22T03:00:00.000000,France,France,FR,4.53,17.56,99.03,20.72,opendata.reseaux-energies.fr,false,""
2024-07-22T04:00:00.000000,France,France,FR,4.43,17.26,99.05,20.48,opendata.reseaux-energies.fr,false,""
2024-07-22T05:00:00.000000,France,France,FR,4.49,17.44,99.03,21.34,opendata.reseaux-energies.fr,false,""
2024-07-22T06:00:00.000000,France,France,FR,4.46,17.87,99.03,24.24,opendata.reseaux-energies.fr,false,""
2024-07-22T07:00:00.000000,France,France,FR,4.24,18.29,99.07,27.87,opendata.reseaux-energies.fr,false,""
2024-07-22T08:00:00.000000,France,France,FR,4.08,18.79,99.11,30.41,opendata.reseaux-energies.fr,false,""
2024-07-22T09:00:00.000000,France,France,FR,4.24,19.61,99.09,32.63,opendata.reseaux-energies.fr,false,""
2024-07-22T10:00:00.000000,France,France,FR,4.94,21.12,98.94,35.04,opendata.reseaux-energies.fr,false,""
2024-07-22T11:00:00.000000,France,France,FR,5.17,21.97,98.89,36.84,opendata.reseaux-energies.fr,false,""
2024-07-22T12:00:00.000000,France,France,FR,5.07,22.09,98.91,37.92,opendata.reseaux-energies.fr,false,""
2024-07-22T13:00:00.000000,France,France,FR,4.92,21.84,98.94,37.8,opendata.reseaux-energies.fr,false,""
2024-07-22T14:00:00.000000,France,France,FR,4.47,20.9,99.04,37.05,opendata.reseaux-energies.fr,false,""
2024-07-22T15:00:00.000000,France,France,FR,4.08,19.86,99.11,34.94,opendata.reseaux-energies.fr,false,""
2024-07-22T16:00:00.000000,France,France,FR,4.35,19.56,99.05,32.3,opendata.reseaux-energies.fr,false,""
2024-07-22T17:00:00.000000,France,France,FR,4.71,19.05,98.95,29.41,opendata.reseaux-energies.fr,false,""
2024-07-22T18:00:00.000000,France,France,FR,4.88,18.44,98.91,26.18,opendata.reseaux-energies.fr,false,""
2024-07-22T19:00:00.000000,France,France,FR,4.93,18.21,98.9,24.19,opendata.reseaux-energies.fr,false,""
2024-07-22T20:00:00.000000,France,France,FR,4.9,18.08,98.91,23.72,opendata.reseaux-energies.fr,false,""
2024-07-22T21:00:00.000000,France,France,FR,4.86,17.92,98.92,23.93,opendata.reseaux-energies.fr,false,""
2024-07-22T22:00:00.000000,France,France,FR,4.09,17.0,99.12,23.31,opendata.reseaux-energies.fr,false,""
2024-07-22T23:00:00.000000,France,France,FR,3.66,16.62,99.25,23.55,opendata.reseaux-energies.fr,false,""
2024-07-23T00:00:00.000000,France,France,FR,3.66,16.7,99.25,23.81,opendata.reseaux-energies.fr,false,""
2024-07-23T01:00:00.000000,France,France,FR,3.77,16.96,99.23,23.94,opendata.reseaux-energies.fr,false,""
2024-07-23T02:00:00.000000,France,France,FR,3.76,16.92,99.23,23.69,opendata.reseaux-energies.fr,false,""
2024-07-23T03:00:00.000000,France,France,FR,3.7,16.73,99.25,23.62,opendata.reseaux-energies.fr,false,""
2024-07-23T04:00:00.000000,France,France,FR,3.66,16.49,99.26,24.22,opendata.reseaux-energies.fr,false,""
2024-07-23T05:00:00.000000,France,France,FR,3.52,16.38,99.28,25.06,opendata.reseaux-energies.fr,false,""
2024-07-23T06:00:00.000000,France,France,FR,3.57,17.02,99.27,27.3,opendata.reseaux-energies.fr,false,""
2024-07-23T07:00:00.000000,France,France,FR,3.38,17.57,99.3,31.16,opendata.reseaux-energies.fr,false,""
2024-07-23T08:00:00.000000,France,France,FR,3.12,17.89,99.35,34.28,opendata.reseaux-energies.fr,false,""
2024-07-23T09:00:00.000000,France,France,FR,3.03,18.4,99.37,37.3,opendata.reseaux-energies.fr,false,""
2024-07-23T10:00:00.000000,France,France,FR,2.96,18.71,99.38,39.38,opendata.reseaux-energies.fr,false,""
2024-07-23T11:00:00.000000,France,France,FR,2.89,18.97,99.4,40.5,opendata.reseaux-energies.fr,false,""
2024-07-23T12:00:00.000000,France,France,FR,2.91,19.11,99.4,40.86,opendata.reseaux-energies.fr,false,""
2024-07-23T13:00:00.000000,France,France,FR,2.94,19.04,99.39,40.69,opendata.reseaux-energies.fr,false,""
2024-07-23T14:00:00.000000,France,France,FR,3.1,19.09,99.36,39.93,opendata.reseaux-energies.fr,false,""
2024-07-23T15:00:00.000000,France,France,FR,3.93,19.69,99.13,37.6,opendata.reseaux-energies.fr,false,""
2024-07-23T16:00:00.000000,France,France,FR,5.34,20.78,98.74,34.12,opendata.reseaux-energies.fr,false,""
2024-07-23T17:00:00.000000,France,France,FR,6.49,21.37,98.44,30.31,opendata.reseaux-energies.fr,false,""
2024-07-23T18:00:00.000000,France,France,FR,8.41,23.0,97.92,27.06,opendata.reseaux-energies.fr,false,""
2024-07-23T19:00:00.000000,France,France,FR,10.4,25.19,97.38,24.01,opendata.reseaux-energies.fr,false,""
2024-07-23T20:00:00.000000,France,France,FR,10.94,25.9,97.24,22.76,opendata.reseaux-energies.fr,false,""
2024-07-23T21:00:00.000000,France,France,FR,10.94,25.76,97.24,22.6,opendata.reseaux-energies.fr,false,""
2024-07-23T22:00:00.000000,France,France,FR,9.69,24.08,97.59,20.83,opendata.reseaux-energies.fr,false,""
2024-07-23T23:00:00.000000,France,France,FR,8.35,22.35,97.97,19.07,opendata.reseaux-energies.fr,false,""
2024-07-24T00:00:00.000000,France,France,FR,7.24,20.99,98.28,18.29,opendata.reseaux-energies.fr,false,""
2024-07-24T01:00:00.000000,France,France,FR,5.82,19.28,98.67,17.84,opendata.reseaux-energies.fr,false,""
2024-07-24T02:00:00.000000,France,France,FR,5.78,19.27,98.69,17.39,opendata.reseaux-energies.fr,false,""
2024-07-24T03:00:00.000000,France,France,FR,5.81,19.29,98.68,17.2,opendata.reseaux-energies.fr,false,""
2024-07-24T04:00:00.000000,France,France,FR,6.08,19.63,98.61,17.79,opendata.reseaux-energies.fr,false,""
2024-07-24T05:00:00.000000,France,France,FR,5.87,19.5,98.66,19.31,opendata.reseaux-energies.fr,false,""
2024-07-24T06:00:00.000000,France,France,FR,6.12,20.19,98.57,22.17,opendata.reseaux-energies.fr,false,""
2024-07-24T07:00:00.000000,France,France,FR,5.74,20.48,98.66,25.85,opendata.reseaux-energies.fr,false,""
2024-07-24T08:00:00.000000,France,France,FR,5.33,20.89,98.76,28.75,opendata.reseaux-energies.fr,false,""
2024-07-24T09:00:00.000000,France,France,FR,5.13,21.28,98.81,31.39,opendata.reseaux-energies.fr,false,""
2024-07-24T10:00:00.000000,France,France,FR,5.6,22.53,98.71,33.31,opendata.reseaux-energies.fr,false,""
2024-07-24T11:00:00.000000,France,France,FR,5.72,23.09,98.69,34.5,opendata.reseaux-energies.fr,false,""
2024-07-24T12:00:00.000000,France,France,FR,5.07,22.38,98.85,34.89,opendata.reseaux-energies.fr,false,""
2024-07-24T13:00:00.000000,France,France,FR,5.56,23.23,98.75,35.36,opendata.reseaux-energies.fr,false,""
2024-07-24T14:00:00.000000,France,France,FR,5.0,22.29,98.89,34.55,opendata.reseaux-energies.fr,false,""
2024-07-24T15:00:00.000000,France,France,FR,5.52,22.18,98.72,32.03,opendata.reseaux-energies.fr,false,""
2024-07-24T16:00:00.000000,France,France,FR,6.64,22.67,98.4,29.27,opendata.reseaux-energies.fr,false,""
2024-07-24T17:00:00.000000,France,France,FR,10.32,26.32,97.39,26.19,opendata.reseaux-energies.fr,false,""
2024-07-24T18:00:00.000000,France,France,FR,12.63,28.43,96.77,23.4,opendata.reseaux-energies.fr,false,""
2024-07-24T19:00:00.000000,France,France,FR,12.81,28.2,96.73,21.43,opendata.reseaux-energies.fr,false,""
2024-07-24T20:00:00.000000,France,France,FR,12.52,27.76,96.81,20.58,opendata.reseaux-energies.fr,false,""
2024-07-24T21:00:00.000000,France,France,FR,12.12,27.19,96.92,20.23,opendata.reseaux-energies.fr,false,""
2024-07-24T22:00:00.000000,France,France,FR,12.38,27.56,96.88,18.91,opendata.reseaux-energies.fr,false,""
2024-07-24T23:00:00.000000,France,France,FR,6.69,20.18,98.43,17.69,opendata.reseaux-energies.fr,false,""
2024-07-25T00:00:00.000000,France,France,FR,4.69,17.68,98.98,17.59,opendata.reseaux-energies.fr,false,""
2024-07-25T01:00:00.000000,France,France,FR,4.09,16.97,99.15,17.36,opendata.reseaux-energies.fr,false,""
2024-07-25T02:00:00.000000,France,France,FR,4.17,17.09,99.13,16.82,opendata.reseaux-energies.fr,false,""
2024-07-25T03:00:00.000000,France,France,FR,4.13,17.04,99.14,16.44,opendata.reseaux-energies.fr,false,""
2024-07-25T04:00:00.000000,France,France,FR,4.12,16.97,99.14,17.51,opendata.reseaux-energies.fr,false,""
2024-07-25T05:00:00.000000,France,France,FR,4.18,17.03,99.13,19.46,opendata.reseaux-energies.fr,false,""
2024-07-25T06:00:00.000000,France,France,FR,4.05,17.53,99.14,22.79,opendata.reseaux-energies.fr,false,""
2024-07-25T07:00:00.000000,France,France,FR,3.91,18.32,99.17,27.07,opendata.reseaux-energies.fr,false,""
2024-07-25T08:00:00.000000,France,France,FR,3.67,19.05,99.22,30.43,opendata.reseaux-energies.fr,false,""
2024-07-25T09:00:00.000000,France,France,FR,3.4,19.49,99.29,33.06,opendata.reseaux-energies.fr,false,""
2024-07-25T10:00:00.000000,France,France,FR,3.25,19.83,99.32,36.0,opendata.reseaux-energies.fr,false,""
2024-07-25T11:00:00.000000,France,France,FR,3.2,20.26,99.32,37.97,opendata.reseaux-energies.fr,false,""
2024-07-25T12:00:00.000000,France,France,FR,3.2,20.46,99.32,38.26,opendata.reseaux-energies.fr,false,""
2024-07-25T13:00:00.000000,France,France,FR,3.22,20.38,99.32,37.63,opendata.reseaux-energies.fr,false,""
2024-07-25T14:00:00.000000,France,France,FR,3.29,19.89,99.3,35.47,opendata.reseaux-energies.fr,false,""
2024-07-25T15:00:00.000000,France,France,FR,3.4,19.29,99.27,32.95,opendata.reseaux-energies.fr,false,""
2024-07-25T16:00:00.000000,France,France,FR,5.23,20.8,98.78,30.22,opendata.reseaux-energies.fr,false,""
2024-07-25T17:00:00.000000,France,France,FR,7.74,22.93,98.1,26.78,opendata.reseaux-energies.fr,false,""
2024-07-25T18:00:00.000000,France,France,FR,9.01,23.58,97.76,23.64,opendata.reseaux-energies.fr,false,""
2024-07-25T19:00:00.000000,France,France,FR,9.21,23.52,97.71,21.86,opendata.reseaux-energies.fr,false,""
2024-07-25T20:00:00.000000,France,France,FR,8.79,23.0,97.84,21.99,opendata.reseaux-energies.fr,false,""
2024-07-25T21:00:00.000000,France,France,FR,8.34,22.41,97.95,22.09,opendata.reseaux-energies.fr,false,""
2024-07-25T22:00:00.000000,France,France,FR,7.77,21.64,98.12,20.3,opendata.reseaux-energies.fr,false,""
2024-07-25T23:00:00.000000,France,France,FR,4.48,17.49,99.03,19.25,opendata.reseaux-energies.fr,false,""
2024-07-26T00:00:00.000000,France,France,FR,4.19,17.14,99.11,18.69,opendata.reseaux-energies.fr,false,""
2024-07-26T01:00:00.000000,France,France,FR,4.44,17.46,99.04,18.3,opendata.reseaux-energies.fr,false,""
2024-07-26T02:00:00.000000,France,France,FR,4.52,17.61,99.02,17.83,opendata.reseaux-energies.fr,false,""
2024-07-26T03:00:00.000000,France,France,FR,4.53,17.55,99.02,17.29,opendata.reseaux-energies.fr,false,""
2024-07-26T04:00:00.000000,France,France,FR,4.63,17.68,98.99,17.79,opendata.reseaux-energies.fr,false,""
2024-07-26T05:00:00.000000,France,France,FR,4.69,17.79,98.97,19.15,opendata.reseaux-energies.fr,false,""
2024-07-26T06:00:00.000000,France,France,FR,4.63,18.4,98.98,22.62,opendata.reseaux-energies.fr,false,""
2024-07-26T07:00:00.000000,France,France,FR,4.4,18.85,99.03,25.99,opendata.reseaux-energies.fr,false,""
2024-07-26T08:00:00.000000,France,France,FR,4.11,19.41,99.1,28.97,opendata.reseaux-energies.fr,false,""
2024-07-26T09:00:00.000000,France,France,FR,3.89,19.92,99.15,31.34,opendata.reseaux-energies.fr,false,""
2024-07-26T10:00:00.000000,France,France,FR,3.73,20.26,99.18,33.29,opendata.reseaux-energies.fr,false,""
2024-07-26T11:00:00.000000,France,France,FR,3.76,20.29,99.17,33.25,opendata.reseaux-energies.fr,false,""
2024-07-26T12:00:00.000000,France,France,FR,3.96,20.52,99.13,32.91,opendata.reseaux-energies.fr,false,""
2024-07-26T13:00:00.000000,France,France,FR,3.8,20.26,99.16,32.39,opendata.reseaux-energies.fr,false,""
2024-07-26T14:00:00.000000,France,France,FR,3.85,19.96,99.15,31.02,opendata.reseaux-energies.fr,false,""
2024-07-26T15:00:00.000000,France,France,FR,3.97,19.64,99.12,29.75,opendata.reseaux-energies.fr,false,""
2024-07-26T16:00:00.000000,France,France,FR,4.9,20.05,98.87,27.44,opendata.reseaux-energies.fr,false,""
2024-07-26T17:00:00.000000,France,France,FR,10.22,25.8,98.04,24.76,opendata.reseaux-energies.fr,false,""
2024-07-26T18:00:00.000000,France,France,FR,20.17,37.84,96.59,21.56,opendata.reseaux-energies.fr,false,""
2024-07-26T19:00:00.000000,France,France,FR,20.94,38.6,96.49,19.61,opendata.reseaux-energies.fr,false,""
2024-07-26T20:00:00.000000,France,France,FR,19.38,36.64,96.71,19.92,opendata.reseaux-energies.fr,false,""
2024-07-26T21:00:00.000000,France,France,FR,16.45,32.9,97.05,20.72,opendata.reseaux-energies.fr,false,""
2024-07-26T22:00:00.000000,France,France,FR,14.86,30.89,97.3,19.66,opendata.reseaux-energies.fr,false,""
2024-07-26T23:00:00.000000,France,France,FR,5.06,18.43,98.86,17.6,opendata.reseaux-energies.fr,false,""
2024-07-27T00:00:00.000000,France,France,FR,4.56,17.8,99.0,16.63,opendata.reseaux-energies.fr,false,""
2024-07-27T01:00:00.000000,France,France,FR,4.5,17.74,99.01,15.8,opendata.reseaux-energies.fr,false,""
2024-07-27T02:00:00.000000,France,France,FR,4.56,17.91,99.0,15.83,opendata.reseaux-energies.fr,false,""
2024-07-27T03:00:00.000000,France,France,FR,4.6,17.97,98.99,15.94,opendata.reseaux-energies.fr,false,""
2024-07-27T04:00:00.000000,France,France,FR,4.61,17.93,98.99,15.91,opendata.reseaux-energies.fr,false,""
2024-07-27T05:00:00.000000,France,France,FR,4.56,17.96,99.0,16.59,opendata.reseaux-energies.fr,false,""
2024-07-27T06:00:00.000000,France,France,FR,4.41,18.22,99.04,19.18,opendata.reseaux-energies.fr,false,""
2024-07-27T07:00:00.000000,France,France,FR,4.15,18.57,99.1,22.26,opendata.reseaux-energies.fr,false,""
2024-07-27T08:00:00.000000,France,France,FR,3.98,19.1,99.14,25.11,opendata.reseaux-energies.fr,false,""
2024-07-27T09:00:00.000000,France,France,FR,3.86,19.55,99.16,27.75,opendata.reseaux-energies.fr,false,""
2024-07-27T10:00:00.000000,France,France,FR,3.76,19.8,99.19,29.54,opendata.reseaux-energies.fr,false,""
2024-07-27T11:00:00.000000,France,France,FR,3.79,20.17,99.18,30.43,opendata.reseaux-energies.fr,false,""
2024-07-27T12:00:00.000000,France,France,FR,3.82,20.21,99.17,30.23,opendata.reseaux-energies.fr,false,""
2024-07-27T13:00:00.000000,France,France,FR,3.9,20.14,99.16,29.89,opendata.reseaux-energies.fr,false,""
2024-07-27T14:00:00.000000,France,France,FR,3.96,19.92,99.14,29.12,opendata.reseaux-energies.fr,false,""
2024-07-27T15:00:00.000000,France,France,FR,3.91,19.36,99.15,27.24,opendata.reseaux-energies.fr,false,""
2024-07-27T16:00:00.000000,France,France,FR,3.93,18.62,99.15,25.5,opendata.reseaux-energies.fr,false,""
2024-07-27T17:00:00.000000,France,France,FR,4.02,17.96,99.13,23.75,opendata.reseaux-energies.fr,false,""
2024-07-27T18:00:00.000000,France,France,FR,4.29,17.62,99.06,21.0,opendata.reseaux-energies.fr,false,""
2024-07-27T19:00:00.000000,France,France,FR,4.32,17.33,99.06,19.73,opendata.reseaux-energies.fr,false,""
2024-07-27T20:00:00.000000,France,France,FR,4.33,17.24,99.05,19.78,opendata.reseaux-energies.fr,false,""
2024-07-27T21:00:00.000000,France,France,FR,4.29,17.09,99.06,20.76,opendata.reseaux-energies.fr,false,""
2024-07-27T22:00:00.000000,France,France,FR,4.3,17.21,99.06,19.12,opendata.reseaux-energies.fr,false,""
2024-07-27T23:00:00.000000,France,France,FR,4.53,17.81,99.01,18.61,opendata.reseaux-energies.fr,false,""
2024-07-28T00:00:00.000000,France,France,FR,4.5,17.85,99.02,18.41,opendata.reseaux-energies.fr,false,""
2024-07-28T01:00:00.000000,France,France,FR,4.84,18.44,98.97,18.06,opendata.reseaux-energies.fr,false,""
2024-07-28T02:00:00.000000,France,France,FR,6.96,21.22,98.72,18.15,opendata.reseaux-energies.fr,false,""
2024-07-28T03:00:00.000000,France,France,FR,7.01,21.24,98.71,17.95,opendata.reseaux-energies.fr,false,""
2024-07-28T04:00:00.000000,France,France,FR,6.98,21.31,98.71,18.69,opendata.reseaux-energies.fr,false,""
2024-07-28T05:00:00.000000,France,France,FR,6.13,20.37,98.81,19.64,opendata.reseaux-energies.fr,false,""
2024-07-28T06:00:00.000000,France,France,FR,4.55,19.01,99.01,22.12,opendata.reseaux-energies.fr,false,""
2024-07-28T07:00:00.000000,France,France,FR,4.42,20.15,99.04,26.92,opendata.reseaux-energies.fr,false,""
2024-07-28T08:00:00.000000,France,France,FR,5.25,23.32,98.86,34.55,opendata.reseaux-energies.fr,false,""
2024-07-28T09:00:00.000000,France,France,FR,6.85,26.37,98.54,36.51,opendata.reseaux-energies.fr,false,""
2024-07-28T10:00:00.000000,France,France,FR,8.51,29.33,98.31,39.59,opendata.reseaux-energies.fr,false,""
2024-07-28T11:00:00.000000,France,France,FR,7.27,27.95,98.52,41.06,opendata.reseaux-energies.fr,false,""
2024-07-28T12:00:00.000000,France,France,FR,6.39,26.75,98.66,40.53,opendata.reseaux-energies.fr,false,""
2024-07-28T13:00:00.000000,France,France,FR,7.37,28.15,98.49,40.82,opendata.reseaux-energies.fr,false,""
2024-07-28T14:00:00.000000,France,France,FR,6.49,26.33,98.6,38.26,opendata.reseaux-energies.fr,false,""
2024-07-28T15:00:00.000000,France,France,FR,4.47,22.3,99.02,35.82,opendata.reseaux-energies.fr,false,""
2024-07-28T16:00:00.000000,France,France,FR,4.0,20.15,99.12,32.55,opendata.reseaux-energies.fr,false,""
2024-07-28T17:00:00.000000,France,France,FR,3.97,18.34,99.13,26.82,opendata.reseaux-energies.fr,false,""
2024-07-28T18:00:00.000000,France,France,FR,4.23,17.7,99.07,24.19,opendata.reseaux-energies.fr,false,""
2024-07-28T19:00:00.000000,France,France,FR,4.37,17.44,99.04,23.3,opendata.reseaux-energies.fr,false,""
2024-07-28T20:00:00.000000,France,France,FR,4.29,17.35,99.06,24.87,opendata.reseaux-energies.fr,false,""
2024-07-28T21:00:00.000000,France,France,FR,4.13,17.11,99.09,25.62,opendata.reseaux-energies.fr,false,""
2024-07-28T22:00:00.000000,France,France,FR,4.24,17.33,99.08,24.28,opendata.reseaux-energies.fr,false,""
2024-07-28T23:00:00.000000,France,France,FR,4.39,17.89,99.05,24.53,opendata.reseaux-energies.fr,false,""
2024-07-29T00:00:00.000000,France,France,FR,4.46,17.95,99.03,23.91,opendata.reseaux-energies.fr,false,""
2024-07-29T01:00:00.000000,France,France,FR,4.57,18.19,99.01,23.65,opendata.reseaux-energies.fr,false,""
2024-07-29T02:00:00.000000,France,France,FR,4.6,18.24,99.0,23.16,opendata.reseaux-energies.fr,false,""
2024-07-29T03:00:00.000000,France,France,FR,4.59,18.12,99.0,22.32,opendata.reseaux-energies.fr,false,""
2024-07-29T04:00:00.000000,France,France,FR,4.48,17.87,99.02,22.09,opendata.reseaux-energies.fr,false,""
2024-07-29T05:00:00.000000,France,France,FR,4.36,17.9,99.05,23.37,opendata.reseaux-energies.fr,false,""
2024-07-29T06:00:00.000000,France,France,FR,4.27,18.32,99.07,25.09,opendata.reseaux-energies.fr,false,""
2024-07-29T07:00:00.000000,France,France,FR,4.54,19.59,98.99,27.06,opendata.reseaux-energies.fr,false,""
2024-07-29T08:00:00.000000,France,France,FR,4.9,21.17,98.9,30.14,opendata.reseaux-energies.fr,false,""
2024-07-29T09:00:00.000000,France,France,FR,5.24,22.62,98.81,34.37,opendata.reseaux-energies.fr,false,""
2024-07-29T10:00:00.000000,France,France,FR,6.16,24.66,98.63,38.5,opendata.reseaux-energies.fr,false,""
2024-07-29T11:00:00.000000,France,France,FR,6.06,24.84,98.64,39.48,opendata.reseaux-energies.fr,false,""
2024-07-29T12:00:00.000000,France,France,FR,6.3,25.09,98.56,39.05,opendata.reseaux-energies.fr,false,""
2024-07-29T13:00:00.000000,France,France,FR,6.18,24.64,98.58,37.88,opendata.reseaux-energies.fr,false,""
2024-07-29T14:00:00.000000,France,France,FR,6.21,23.87,98.54,34.75,opendata.reseaux-energies.fr,false,""
2024-07-29T15:00:00.000000,France,France,FR,6.45,23.08,98.42,30.85,opendata.reseaux-energies.fr,false,""
2024-07-29T16:00:00.000000,France,France,FR,7.37,23.13,98.16,27.85,opendata.reseaux-energies.fr,false,""
2024-07-29T17:00:00.000000,France,France,FR,9.4,24.54,97.62,24.81,opendata.reseaux-energies.fr,false,""
2024-07-29T18:00:00.000000,France,France,FR,9.96,24.36,97.49,22.64,opendata.reseaux-energies.fr,false,""
2024-07-29T19:00:00.000000,France,France,FR,9.21,23.16,97.7,21.23,opendata.reseaux-energies.fr,false,""
2024-07-29T20:00:00.000000,France,France,FR,9.17,23.12,97.71,21.43,opendata.reseaux-energies.fr,false,""
2024-07-29T21:00:00.000000,France,France,FR,8.64,22.56,97.86,21.78,opendata.reseaux-energies.fr,false,""
2024-07-29T22:00:00.000000,France,France,FR,7.12,20.58,98.29,20.06,opendata.reseaux-energies.fr,false,""
2024-07-29T23:00:00.000000,France,France,FR,4.55,17.32,99.0,18.23,opendata.reseaux-energies.fr,false,""
2024-07-30T00:00:00.000000,France,France,FR,4.47,17.12,99.02,17.34,opendata.reseaux-energies.fr,false,""
2024-07-30T01:00:00.000000,France,France,FR,4.45,17.11,99.02,16.26,opendata.reseaux-energies.fr,false,""
2024-07-30T02:00:00.000000,France,France,FR,4.47,17.14,99.02,15.67,opendata.reseaux-energies.fr,false,""
2024-07-30T03:00:00.000000,France,France,FR,4.49,17.16,99.02,15.1,opendata.reseaux-energies.fr,false,""
2024-07-30T04:00:00.000000,France,France,FR,4.45,17.12,99.03,16.0,opendata.reseaux-energies.fr,false,""
2024-07-30T05:00:00.000000,France,France,FR,4.4,17.32,99.04,17.96,opendata.reseaux-energies.fr,false,""
2024-07-30T06:00:00.000000,France,France,FR,4.35,17.89,99.05,21.16,opendata.reseaux-energies.fr,false,""
2024-07-30T07:00:00.000000,France,France,FR,4.55,18.97,98.98,24.23,opendata.reseaux-energies.fr,false,""
2024-07-30T08:00:00.000000,France,France,FR,4.79,20.05,98.91,26.61,opendata.reseaux-energies.fr,false,""
2024-07-30T09:00:00.000000,France,France,FR,4.92,20.88,98.87,29.28,opendata.reseaux-energies.fr,false,""
2024-07-30T10:00:00.000000,France,France,FR,6.37,23.41,98.51,31.52,opendata.reseaux-energies.fr,false,""
2024-07-30T11:00:00.000000,France,France,FR,7.48,25.33,98.25,33.34,opendata.reseaux-energies.fr,false,""
2024-07-30T12:00:00.000000,France,France,FR,8.26,26.45,98.06,33.95,opendata.reseaux-energies.fr,false,""
2024-07-30T13:00:00.000000,France,France,FR,8.47,26.32,97.99,32.36,opendata.reseaux-energies.fr,false,""
2024-07-30T14:00:00.000000,France,France,FR,8.07,25.12,98.05,30.8,opendata.reseaux-energies.fr,false,""
2024-07-30T15:00:00.000000,France,France,FR,9.66,26.3,97.56,28.21,opendata.reseaux-energies.fr,false,""
2024-07-30T16:00:00.000000,France,France,FR,13.52,30.42,96.54,25.92,opendata.reseaux-energies.fr,false,""
2024-07-30T17:00:00.000000,France,France,FR,14.92,31.36,96.14,23.91,opendata.reseaux-energies.fr,false,""
2024-07-30T18:00:00.000000,France,France,FR,15.88,32.05,95.86,22.97,opendata.reseaux-energies.fr,false,""
2024-07-30T19:00:00.000000,France,France,FR,17.63,34.11,95.38,21.42,opendata.reseaux-energies.fr,false,""
2024-07-30T20:00:00.000000,France,France,FR,16.75,32.95,95.62,21.77,opendata.reseaux-energies.fr,false,""
2024-07-30T21:00:00.000000,France,France,FR,17.27,33.52,95.48,21.39,opendata.reseaux-energies.fr,false,""
2024-07-30T22:00:00.000000,France,France,FR,17.95,34.43,95.3,20.3,opendata.reseaux-energies.fr,false,""
2024-07-30T23:00:00.000000,France,France,FR,8.98,22.8,97.78,19.49,opendata.reseaux-energies.fr,false,""
2024-07-31T00:00:00.000000,France,France,FR,7.05,20.42,98.31,18.72,opendata.reseaux-energies.fr,false,""
2024-07-31T01:00:00.000000,France,France,FR,4.52,17.14,99.01,18.32,opendata.reseaux-energies.fr,false,""
2024-07-31T02:00:00.000000,France,France,FR,4.55,17.17,99.01,16.95,opendata.reseaux-energies.fr,false,""
2024-07-31T03:00:00.000000,France,France,FR,4.5,17.17,99.02,18.54,opendata.reseaux-energies.fr,false,""
2024-07-31T04:00:00.000000,France,France,FR,4.53,17.26,99.01,19.52,opendata.reseaux-energies.fr,false,""
2024-07-31T05:00:00.000000,France,France,FR,4.65,17.41,98.98,20.88,opendata.reseaux-energies.fr,false,""
2024-07-31T06:00:00.000000,France,France,FR,4.64,17.75,98.97,23.03,opendata.reseaux-energies.fr,false,""
2024-07-31T07:00:00.000000,France,France,FR,4.38,18.21,99.03,26.46,opendata.reseaux-energies.fr,false,""
2024-07-31T08:00:00.000000,France,France,FR,5.08,20.04,98.83,29.41,opendata.reseaux-energies.fr,false,""
2024-07-31T09:00:00.000000,France,France,FR,5.49,21.4,98.71,31.28,opendata.reseaux-energies.fr,false,""
2024-07-31T10:00:00.000000,France,France,FR,6.55,23.44,98.41,32.85,opendata.reseaux-energies.fr,false,""
2024-07-31T11:00:00.000000,France,France,FR,6.81,23.98,98.35,32.52,opendata.reseaux-energies.fr,false,""
2024-07-31T12:00:00.000000,France,France,FR,6.58,23.76,98.4,32.72,opendata.reseaux-energies.fr,false,""
2024-07-31T13:00:00.000000,France,France,FR,6.4,23.44,98.46,32.62,opendata.reseaux-energies.fr,false,""
2024-07-31T14:00:00.000000,France,France,FR,6.63,23.51,98.39,31.6,opendata.reseaux-energies.fr,false,""
2024-07-31T15:00:00.000000,France,France,FR,7.16,23.45,98.25,30.24,opendata.reseaux-energies.fr,false,""
2024-07-31T16:00:00.000000,France,France,FR,10.47,26.68,97.35,27.67,opendata.reseaux-energies.fr,false,""
2024-07-31T17:00:00.000000,France,France,FR,15.74,32.64,95.91,25.68,opendata.reseaux-energies.fr,false,""
2024-07-31T18:00:00.000000,France,France,FR,18.04,34.87,95.28,23.39,opendata.reseaux-energies.fr,false,""
2024-07-31T19:00:00.000000,France,France,FR,19.07,35.94,95.0,21.69,opendata.reseaux-energies.fr,false,""
2024-07-31T20:00:00.000000,France,France,FR,19.97,37.24,94.76,21.57,opendata.reseaux-energies.fr,false,""
2024-07-31T21:00:00.000000,France,France,FR,20.16,37.34,94.7,21.05,opendata.reseaux-energies.fr,false,""
2024-07-31T22:00:00.000000,France,France,FR,19.69,36.77,94.83,19.24,opendata.reseaux-energies.fr,false,""
2024-07-31T23:00:00.000000,France,France,FR,13.62,29.04,96.5,17.92,opendata.reseaux-energies.fr,false,""
2024-08-01T00:00:00.000000,France,France,FR,9.42,23.64,97.67,17.51,opendata.reseaux-energies.fr,false,""
2024-08-01T01:00:00.000000,France,France,FR,8.77,22.92,97.83,17.26,opendata.reseaux-energies.fr,false,""
2024-08-01T02:00:00.000000,France,France,FR,9.5,23.9,97.63,17.16,opendata.reseaux-energies.fr,false,""
2024-08-01T03:00:00.000000,France,France,FR,9.32,23.71,97.68,17.11,opendata.reseaux-energies.fr,false,""
2024-08-01T04:00:00.000000,France,France,FR,9.76,24.3,97.56,17.99,opendata.reseaux-energies.fr,false,""
2024-08-01T05:00:00.000000,France,France,FR,9.6,24.08,97.61,20.34,opendata.reseaux-energies.fr,false,""
2024-08-01T06:00:00.000000,France,France,FR,8.92,23.62,97.79,23.67,opendata.reseaux-energies.fr,false,""
2024-08-01T07:00:00.000000,France,France,FR,7.87,22.93,98.07,26.14,opendata.reseaux-energies.fr,false,""
2024-08-01T08:00:00.000000,France,France,FR,12.42,29.55,97.43,28.06,opendata.reseaux-energies.fr,false,""
2024-08-01T09:00:00.000000,France,France,FR,15.03,33.46,97.11,30.31,opendata.reseaux-energies.fr,false,""
2024-08-01T10:00:00.000000,France,France,FR,21.14,41.74,96.48,31.82,opendata.reseaux-energies.fr,false,""
2024-08-01T11:00:00.000000,France,France,FR,19.45,39.93,96.72,32.45,opendata.reseaux-energies.fr,false,""
2024-08-01T12:00:00.000000,France,France,FR,14.08,33.16,97.41,33.41,opendata.reseaux-energies.fr,false,""
2024-08-01T13:00:00.000000,France,France,FR,13.39,32.12,97.58,33.58,opendata.reseaux-energies.fr,false,""
2024-08-01T14:00:00.000000,France,France,FR,5.96,22.36,98.57,33.78,opendata.reseaux-energies.fr,false,""
2024-08-01T15:00:00.000000,France,France,FR,6.32,22.22,98.46,32.21,opendata.reseaux-energies.fr,false,""
2024-08-01T16:00:00.000000,France,France,FR,7.64,23.06,98.11,29.32,opendata.reseaux-energies.fr,false,""
2024-08-01T17:00:00.000000,France,France,FR,10.11,25.3,97.45,27.24,opendata.reseaux-energies.fr,false,""
2024-08-01T18:00:00.000000,France,France,FR,9.59,23.92,97.6,25.54,opendata.reseaux-energies.fr,false,""
2024-08-01T19:00:00.000000,France,France,FR,9.76,23.96,97.55,23.8,opendata.reseaux-energies.fr,false,""
2024-08-01T20:00:00.000000,France,France,FR,9.42,23.49,97.65,22.98,opendata.reseaux-energies.fr,false,""
2024-08-01T21:00:00.000000,France,France,FR,9.52,23.62,97.62,22.41,opendata.reseaux-energies.fr,false,""
2024-08-01T22:00:00.000000,France,France,FR,8.88,22.73,97.81,20.5,opendata.reseaux-energies.fr,false,""
2024-08-01T23:00:00.000000,France,France,FR,5.65,18.59,98.7,18.98,opendata.reseaux-energies.fr,false,""
2024-08-02T00:00:00.000000,France,France,FR,5.7,18.7,98.69,18.1,opendata.reseaux-energies.fr,false,""
2024-08-02T01:00:00.000000,France,France,FR,6.02,19.18,98.61,17.17,opendata.reseaux-energies.fr,false,""
2024-08-02T02:00:00.000000,France,France,FR,6.52,19.87,98.46,16.81,opendata.reseaux-energies.fr,false,""
2024-08-02T03:00:00.000000,France,France,FR,6.47,19.79,98.48,17.1,opendata.reseaux-energies.fr,false,""
2024-08-02T04:00:00.000000,France,France,FR,6.61,19.85,98.44,17.31,opendata.reseaux-energies.fr,false,""
2024-08-02T05:00:00.000000,France,France,FR,6.64,19.91,98.43,18.85,opendata.reseaux-energies.fr,false,""
2024-08-02T06:00:00.000000,France,France,FR,6.54,20.31,98.45,22.27,opendata.reseaux-energies.fr,false,""
2024-08-02T07:00:00.000000,France,France,FR,6.56,21.12,98.44,24.77,opendata.reseaux-energies.fr,false,""
2024-08-02T08:00:00.000000,France,France,FR,6.28,21.77,98.5,27.23,opendata.reseaux-energies.fr,false,""
2024-08-02T09:00:00.000000,France,France,FR,4.29,19.91,99.04,30.29,opendata.reseaux-energies.fr,false,""
2024-08-02T10:00:00.000000,France,France,FR,3.36,19.48,99.28,32.89,opendata.reseaux-energies.fr,false,""
2024-08-02T11:00:00.000000,France,France,FR,3.24,19.58,99.31,34.29,opendata.reseaux-energies.fr,false,""
2024-08-02T12:00:00.000000,France,France,FR,3.22,19.58,99.32,34.73,opendata.reseaux-energies.fr,false,""
2024-08-02T13:00:00.000000,France,France,FR,3.21,19.54,99.32,35.18,opendata.reseaux-energies.fr,false,""
2024-08-02T14:00:00.000000,France,France,FR,3.23,19.16,99.31,34.62,opendata.reseaux-energies.fr,false,""
2024-08-02T15:00:00.000000,France,France,FR,3.37,18.68,99.28,33.43,opendata.reseaux-energies.fr,false,""
2024-08-02T16:00:00.000000,France,France,FR,4.49,19.17,99.01,31.14,opendata.reseaux-energies.fr,false,""
2024-08-02T17:00:00.000000,France,France,FR,5.54,19.54,98.74,29.02,opendata.reseaux-energies.fr,false,""
2024-08-02T18:00:00.000000,France,France,FR,5.37,18.64,98.76,26.82,opendata.reseaux-energies.fr,false,""
2024-08-02T19:00:00.000000,France,France,FR,5.5,18.51,98.73,24.61,opendata.reseaux-energies.fr,false,""
2024-08-02T20:00:00.000000,France,France,FR,5.51,18.55,98.72,25.35,opendata.reseaux-energies.fr,false,""
2024-08-02T21:00:00.000000,France,France,FR,5.36,18.3,98.76,25.59,opendata.reseaux-energies.fr,false,""
2024-08-02T22:00:00.000000,France,France,FR,5.24,18.28,98.8,24.09,opendata.reseaux-energies.fr,false,""
2024-08-02T23:00:00.000000,France,France,FR,5.35,18.59,98.77,22.19,opendata.reseaux-energies.fr,false,""
2024-08-03T00:00:00.000000,France,France,FR,5.19,18.39,98.82,21.4,opendata.reseaux-energies.fr,false,""
2024-08-03T01:00:00.000000,France,France,FR,4.3,17.21,99.07,20.48,opendata.reseaux-energies.fr,false,""
2024-08-03T02:00:00.000000,France,France,FR,3.59,16.33,99.26,20.18,opendata.reseaux-energies.fr,false,""
2024-08-03T03:00:00.000000,France,France,FR,3.61,16.32,99.26,19.6,opendata.reseaux-energies.fr,false,""
2024-08-03T04:00:00.000000,France,France,FR,3.63,16.34,99.26,19.16,opendata.reseaux-energies.fr,false,""
2024-08-03T05:00:00.000000,France,France,FR,3.61,16.41,99.26,19.54,opendata.reseaux-energies.fr,false,""
2024-08-03T06:00:00.000000,France,France,FR,3.46,16.9,99.29,21.74,opendata.reseaux-energies.fr,false,""
2024-08-03T07:00:00.000000,France,France,FR,3.27,17.57,99.33,25.22,opendata.reseaux-energies.fr,false,""
2024-08-03T08:00:00.000000,France,France,FR,3.04,18.23,99.38,29.23,opendata.reseaux-energies.fr,false,""
2024-08-03T09:00:00.000000,France,France,FR,3.01,19.06,99.39,33.24,opendata.reseaux-energies.fr,false,""
2024-08-03T10:00:00.000000,France,France,FR,3.0,19.48,99.39,35.34,opendata.reseaux-energies.fr,false,""
2024-08-03T11:00:00.000000,France,France,FR,2.98,19.89,99.39,37.24,opendata.reseaux-energies.fr,false,""
2024-08-03T12:00:00.000000,France,France,FR,2.98,20.17,99.39,38.96,opendata.reseaux-energies.fr,false,""
2024-08-03T13:00:00.000000,France,France,FR,2.98,20.17,99.39,39.74,opendata.reseaux-energies.fr,false,""
2024-08-03T14:00:00.000000,France,France,FR,3.0,19.86,99.39,38.53,opendata.reseaux-energies.fr,false,""
2024-08-03T15:00:00.000000,France,France,FR,3.04,19.28,99.38,36.11,opendata.reseaux-energies.fr,false,""
2024-08-03T16:00:00.000000,France,France,FR,3.79,19.1,99.17,31.14,opendata.reseaux-energies.fr,false,""
2024-08-03T17:00:00.000000,France,France,FR,4.82,19.21,98.9,26.65,opendata.reseaux-energies.fr,false,""
2024-08-03T18:00:00.000000,France,France,FR,5.09,18.68,98.84,22.8,opendata.reseaux-energies.fr,false,""
2024-08-03T19:00:00.000000,France,France,FR,5.25,18.48,98.8,20.43,opendata.reseaux-energies.fr,false,""
2024-08-03T20:00:00.000000,France,France,FR,5.21,18.3,98.81,20.51,opendata.reseaux-energies.fr,false,""
2024-08-03T21:00:00.000000,France,France,FR,5.25,18.26,98.8,21.33,opendata.reseaux-energies.fr,false,""
2024-08-03T22:00:00.000000,France,France,FR,4.61,17.55,98.97,20.73,opendata.reseaux-energies.fr,false,""
2024-08-03T23:00:00.000000,France,France,FR,3.45,16.16,99.3,19.82,opendata.reseaux-energies.fr,false,""
2024-08-04T00:00:00.000000,France,France,FR,3.51,16.31,99.29,18.84,opendata.reseaux-energies.fr,false,""
2024-08-04T01:00:00.000000,France,France,FR,3.64,16.63,99.26,18.54,opendata.reseaux-energies.fr,false,""
2024-08-04T02:00:00.000000,France,France,FR,3.73,16.86,99.24,18.39,opendata.reseaux-energies.fr,false,""
2024-08-04T03:00:00.000000,France,France,FR,3.73,16.83,99.24,17.63,opendata.reseaux-energies.fr,false,""
2024-08-04T04:00:00.000000,France,France,FR,4.3,17.58,99.08,17.05,opendata.reseaux-energies.fr,false,""
2024-08-04T05:00:00.000000,France,France,FR,4.29,17.69,99.09,18.36,opendata.reseaux-energies.fr,false,""
2024-08-04T06:00:00.000000,France,France,FR,4.2,18.27,99.11,21.25,opendata.reseaux-energies.fr,false,""
2024-08-04T07:00:00.000000,France,France,FR,4.03,19.02,99.14,25.13,opendata.reseaux-energies.fr,false,""
2024-08-04T08:00:00.000000,France,France,FR,3.89,19.82,99.17,29.37,opendata.reseaux-energies.fr,false,""
2024-08-04T09:00:00.000000,France,France,FR,4.08,21.44,99.12,34.32,opendata.reseaux-energies.fr,false,""
2024-08-04T10:00:00.000000,France,France,FR,4.08,22.56,99.12,38.29,opendata.reseaux-energies.fr,false,""
2024-08-04T11:00:00.000000,France,France,FR,4.46,23.14,99.04,37.44,opendata.reseaux-energies.fr,false,""
2024-08-04T12:00:00.000000,France,France,FR,4.51,23.13,99.03,36.63,opendata.reseaux-energies.fr,false,""
2024-08-04T13:00:00.000000,France,France,FR,4.78,23.35,98.96,36.27,opendata.reseaux-energies.fr,false,""
2024-08-04T14:00:00.000000,France,France,FR,4.39,22.54,99.05,36.07,opendata.reseaux-energies.fr,false,""
2024-08-04T15:00:00.000000,France,France,FR,4.02,21.17,99.13,34.03,opendata.reseaux-energies.fr,false,""
2024-08-04T16:00:00.000000,France,France,FR,4.16,19.83,99.08,28.9,opendata.reseaux-energies.fr,false,""
2024-08-04T17:00:00.000000,France,France,FR,4.7,19.03,98.94,23.7,opendata.reseaux-energies.fr,false,""
2024-08-04T18:00:00.000000,France,France,FR,5.11,18.52,98.84,20.05,opendata.reseaux-energies.fr,false,""
2024-08-04T19:00:00.000000,France,France,FR,5.15,18.15,98.83,18.08,opendata.reseaux-energies.fr,false,""
2024-08-04T20:00:00.000000,France,France,FR,5.18,18.06,98.83,18.13,opendata.reseaux-energies.fr,false,""
2024-08-04T21:00:00.000000,France,France,FR,5.14,18.02,98.84,17.99,opendata.reseaux-energies.fr,false,""
2024-08-04T22:00:00.000000,France,France,FR,5.28,18.28,98.81,16.93,opendata.reseaux-energies.fr,false,""
2024-08-04T23:00:00.000000,France,France,FR,5.03,18.07,98.87,15.79,opendata.reseaux-energies.fr,false,""
2024-08-05T00:00:00.000000,France,France,FR,5.12,18.14,98.85,15.27,opendata.reseaux-energies.fr,false,""
2024-08-05T01:00:00.000000,France,France,FR,5.28,18.48,98.81,14.94,opendata.reseaux-energies.fr,false,""
2024-08-05T02:00:00.000000,France,France,FR,5.42,18.69,98.78,14.06,opendata.reseaux-energies.fr,false,""
2024-08-05T03:00:00.000000,France,France,FR,5.36,18.61,98.79,13.85,opendata.reseaux-energies.fr,false,""
2024-08-05T04:00:00.000000,France,France,FR,5.22,18.32,98.83,14.29,opendata.reseaux-energies.fr,false,""
2024-08-05T05:00:00.000000,France,France,FR,5.26,18.42,98.81,15.39,opendata.reseaux-energies.fr,false,""
2024-08-05T06:00:00.000000,France,France,FR,5.1,18.93,98.85,18.69,opendata.reseaux-energies.fr,false,""
2024-08-05T07:00:00.000000,France,France,FR,4.67,19.49,98.94,24.17,opendata.reseaux-energies.fr,false,""
2024-08-05T08:00:00.000000,France,France,FR,4.36,20.18,99.01,28.82,opendata.reseaux-energies.fr,false,""
2024-08-05T09:00:00.000000,France,France,FR,4.38,20.95,99.0,32.09,opendata.reseaux-energies.fr,false,""
2024-08-05T10:00:00.000000,France,France,FR,4.42,21.43,98.98,33.79,opendata.reseaux-energies.fr,false,""
2024-08-05T11:00:00.000000,France,France,FR,4.4,21.78,98.98,34.94,opendata.reseaux-energies.fr,false,""
2024-08-05T12:00:00.000000,France,France,FR,4.4,22.05,98.99,35.84,opendata.reseaux-energies.fr,false,""
2024-08-05T13:00:00.000000,France,France,FR,4.41,21.98,98.98,35.5,opendata.reseaux-energies.fr,false,""
2024-08-05T14:00:00.000000,France,France,FR,4.48,21.74,98.97,34.48,opendata.reseaux-energies.fr,false,""
2024-08-05T15:00:00.000000,France,France,FR,4.62,21.21,98.94,32.0,opendata.reseaux-energies.fr,false,""
2024-08-05T16:00:00.000000,France,France,FR,4.83,20.24,98.88,28.01,opendata.reseaux-energies.fr,false,""
2024-08-05T17:00:00.000000,France,France,FR,5.32,19.7,98.76,25.11,opendata.reseaux-energies.fr,false,""
2024-08-05T18:00:00.000000,France,France,FR,5.7,19.12,98.67,21.87,opendata.reseaux-energies.fr,false,""
2024-08-05T19:00:00.000000,France,France,FR,5.76,18.78,98.66,19.36,opendata.reseaux-energies.fr,false,""
2024-08-05T20:00:00.000000,France,France,FR,5.74,18.67,98.67,18.99,opendata.reseaux-energies.fr,false,""
2024-08-05T21:00:00.000000,France,France,FR,5.66,18.6,98.68,18.6,opendata.reseaux-energies.fr,false,""
2024-08-05T22:00:00.000000,France,France,FR,5.48,18.38,98.73,18.04,opendata.reseaux-energies.fr,false,""
2024-08-05T23:00:00.000000,France,France,FR,5.44,18.41,98.75,16.72,opendata.reseaux-energies.fr,false,""
2024-08-06T00:00:00.000000,France,France,FR,5.43,18.43,98.75,15.94,opendata.reseaux-energies.fr,false,""
2024-08-06T01:00:00.000000,France,France,FR,5.36,18.41,98.77,15.84,opendata.reseaux-energies.fr,false,""
2024-08-06T02:00:00.000000,France,France,FR,5.46,18.55,98.75,15.24,opendata.reseaux-energies.fr,false,""
2024-08-06T03:00:00.000000,France,France,FR,5.54,18.65,98.73,14.88,opendata.reseaux-energies.fr,false,""
2024-08-06T04:00:00.000000,France,France,FR,5.55,18.55,98.73,14.42,opendata.reseaux-energies.fr,false,""
2024-08-06T05:00:00.000000,France,France,FR,5.79,18.91,98.66,15.42,opendata.reseaux-energies.fr,false,""
2024-08-06T06:00:00.000000,France,France,FR,5.69,19.43,98.68,18.72,opendata.reseaux-energies.fr,false,""
2024-08-06T07:00:00.000000,France,France,FR,5.34,19.93,98.76,22.76,opendata.reseaux-energies.fr,false,""
2024-08-06T08:00:00.000000,France,France,FR,4.94,20.44,98.85,26.99,opendata.reseaux-energies.fr,false,""
2024-08-06T09:00:00.000000,France,France,FR,4.72,20.93,98.91,30.8,opendata.reseaux-energies.fr,false,""
2024-08-06T10:00:00.000000,France,France,FR,4.83,21.72,98.89,33.53,opendata.reseaux-energies.fr,false,""
2024-08-06T11:00:00.000000,France,France,FR,4.6,21.83,98.93,35.29,opendata.reseaux-energies.fr,false,""
2024-08-06T12:00:00.000000,France,France,FR,4.62,21.78,98.93,35.22,opendata.reseaux-energies.fr,false,""
2024-08-06T13:00:00.000000,France,France,FR,4.66,21.44,98.92,34.41,opendata.reseaux-energies.fr,false,""
2024-08-06T14:00:00.000000,France,France,FR,4.66,20.81,98.92,32.4,opendata.reseaux-energies.fr,false,""
2024-08-06T15:00:00.000000,France,France,FR,5.31,21.03,98.74,30.33,opendata.reseaux-energies.fr,false,""
2024-08-06T16:00:00.000000,France,France,FR,5.77,20.68,98.63,27.21,opendata.reseaux-energies.fr,false,""
2024-08-06T17:00:00.000000,France,France,FR,6.56,20.73,98.42,24.1,opendata.reseaux-energies.fr,false,""
2024-08-06T18:00:00.000000,France,France,FR,7.47,21.13,98.18,20.99,opendata.reseaux-energies.fr,false,""
2024-08-06T19:00:00.000000,France,France,FR,7.75,21.25,98.1,18.84,opendata.reseaux-energies.fr,false,""
2024-08-06T20:00:00.000000,France,France,FR,7.65,21.17,98.13,18.71,opendata.reseaux-energies.fr,false,""
2024-08-06T21:00:00.000000,France,France,FR,7.76,21.2,98.1,19.21,opendata.reseaux-energies.fr,false,""
2024-08-06T22:00:00.000000,France,France,FR,5.29,18.09,98.78,18.38,opendata.reseaux-energies.fr,false,""
2024-08-06T23:00:00.000000,France,France,FR,5.14,17.99,98.82,16.81,opendata.reseaux-energies.fr,false,""
2024-08-07T00:00:00.000000,France,France,FR,5.22,18.17,98.8,16.59,opendata.reseaux-energies.fr,false,""
2024-08-07T01:00:00.000000,France,France,FR,5.27,18.29,98.79,16.5,opendata.reseaux-energies.fr,false,""
2024-08-07T02:00:00.000000,France,France,FR,5.3,18.35,98.78,16.63,opendata.reseaux-energies.fr,false,""
2024-08-07T03:00:00.000000,France,France,FR,5.25,18.26,98.8,16.29,opendata.reseaux-energies.fr,false,""
2024-08-07T04:00:00.000000,France,France,FR,5.22,18.26,98.8,16.46,opendata.reseaux-energies.fr,false,""
2024-08-07T05:00:00.000000,France,France,FR,5.2,18.19,98.8,16.78,opendata.reseaux-energies.fr,false,""
2024-08-07T06:00:00.000000,France,France,FR,5.27,18.52,98.78,18.6,opendata.reseaux-energies.fr,false,""
2024-08-07T07:00:00.000000,France,France,FR,5.03,18.97,98.84,22.29,opendata.reseaux-energies.fr,false,""
2024-08-07T08:00:00.000000,France,France,FR,4.65,19.23,98.93,25.36,opendata.reseaux-energies.fr,false,""
2024-08-07T09:00:00.000000,France,France,FR,4.39,19.63,98.99,27.8,opendata.reseaux-energies.fr,false,""
2024-08-07T10:00:00.000000,France,France,FR,4.26,19.96,99.02,29.97,opendata.reseaux-energies.fr,false,""
2024-08-07T11:00:00.000000,France,France,FR,4.12,20.07,99.05,31.41,opendata.reseaux-energies.fr,false,""
2024-08-07T12:00:00.000000,France,France,FR,4.16,20.28,99.04,32.19,opendata.reseaux-energies.fr,false,""
2024-08-07T13:00:00.000000,France,France,FR,4.41,20.72,98.98,32.57,opendata.reseaux-energies.fr,false,""
2024-08-07T14:00:00.000000,France,France,FR,5.37,21.71,98.72,31.93,opendata.reseaux-energies.fr,false,""
2024-08-07T15:00:00.000000,France,France,FR,5.84,21.92,98.59,30.54,opendata.reseaux-energies.fr,false,""
2024-08-07T16:00:00.000000,France,France,FR,5.93,21.13,98.57,27.35,opendata.reseaux-energies.fr,false,""
2024-08-07T17:00:00.000000,France,France,FR,6.19,20.39,98.52,24.55,opendata.reseaux-energies.fr,false,""
2024-08-07T18:00:00.000000,France,France,FR,6.39,19.85,98.47,21.13,opendata.reseaux-energies.fr,false,""
2024-08-07T19:00:00.000000,France,France,FR,5.18,18.01,98.81,19.27,opendata.reseaux-energies.fr,false,""
2024-08-07T20:00:00.000000,France,France,FR,5.01,17.81,98.85,19.51,opendata.reseaux-energies.fr,false,""
2024-08-07T21:00:00.000000,France,France,FR,5.03,17.81,98.85,19.23,opendata.reseaux-energies.fr,false,""
2024-08-07T22:00:00.000000,France,France,FR,5.12,17.85,98.82,17.31,opendata.reseaux-energies.fr,false,""
2024-08-07T23:00:00.000000,France,France,FR,6.07,19.29,98.71,16.85,opendata.reseaux-energies.fr,false,""
2024-08-08T00:00:00.000000,France,France,FR,7.0,20.62,98.6,16.48,opendata.reseaux-energies.fr,false,""
2024-08-08T01:00:00.000000,France,France,FR,5.35,18.55,98.78,15.01,opendata.reseaux-energies.fr,false,""
2024-08-08T02:00:00.000000,France,France,FR,5.44,18.7,98.76,14.9,opendata.reseaux-energies.fr,false,""
2024-08-08T03:00:00.000000,France,France,FR,5.44,18.65,98.76,14.84,opendata.reseaux-energies.fr,false,""
2024-08-08T04:00:00.000000,France,France,FR,5.42,18.56,98.77,15.35,opendata.reseaux-energies.fr,false,""
2024-08-08T05:00:00.000000,France,France,FR,5.32,18.48,98.79,16.55,opendata.reseaux-energies.fr,false,""
2024-08-08T06:00:00.000000,France,France,FR,5.12,18.72,98.83,19.78,opendata.reseaux-energies.fr,false,""
2024-08-08T07:00:00.000000,France,France,FR,4.92,19.43,98.88,23.95,opendata.reseaux-energies.fr,false,""
2024-08-08T08:00:00.000000,France,France,FR,4.4,19.94,99.0,27.9,opendata.reseaux-energies.fr,false,""
2024-08-08T09:00:00.000000,France,France,FR,4.21,20.59,99.04,31.33,opendata.reseaux-energies.fr,false,""
2024-08-08T10:00:00.000000,France,France,FR,4.07,20.85,99.08,33.52,opendata.reseaux-energies.fr,false,""
2024-08-08T11:00:00.000000,France,France,FR,4.07,21.16,99.08,35.1,opendata.reseaux-energies.fr,false,""
2024-08-08T12:00:00.000000,France,France,FR,4.03,21.28,99.09,35.64,opendata.reseaux-energies.fr,false,""
2024-08-08T13:00:00.000000,France,France,FR,3.95,21.17,99.11,35.69,opendata.reseaux-energies.fr,false,""
2024-08-08T14:00:00.000000,France,France,FR,4.05,20.96,99.08,34.47,opendata.reseaux-energies.fr,false,""
2024-08-08T15:00:00.000000,France,France,FR,4.24,20.53,99.04,32.59,opendata.reseaux-energies.fr,false,""
2024-08-08T16:00:00.000000,France,France,FR,3.42,18.53,99.28,29.73,opendata.reseaux-energies.fr,false,""
2024-08-08T17:00:00.000000,France,France,FR,3.4,17.24,99.3,26.19,opendata.reseaux-energies.fr,false,""
2024-08-08T18:00:00.000000,France,France,FR,3.85,16.82,99.19,23.11,opendata.reseaux-energies.fr,false,""
2024-08-08T19:00:00.000000,France,France,FR,4.23,16.98,99.09,20.82,opendata.reseaux-energies.fr,false,""
2024-08-08T20:00:00.000000,France,France,FR,4.36,17.1,99.06,20.5,opendata.reseaux-energies.fr,false,""
2024-08-08T21:00:00.000000,France,France,FR,4.42,17.14,99.04,20.1,opendata.reseaux-energies.fr,false,""
2024-08-08T22:00:00.000000,France,France,FR,4.51,17.59,99.02,19.1,opendata.reseaux-energies.fr,false,""
2024-08-08T23:00:00.000000,France,France,FR,5.14,18.89,98.85,20.3,opendata.reseaux-energies.fr,false,""
2024-08-09T00:00:00.000000,France,France,FR,5.86,20.24,98.67,22.8,opendata.reseaux-energies.fr,false,""
2024-08-09T01:00:00.000000,France,France,FR,6.35,21.18,98.55,21.58,opendata.reseaux-energies.fr,false,""
2024-08-09T02:00:00.000000,France,France,FR,6.93,22.14,98.41,22.67,opendata.reseaux-energies.fr,false,""
2024-08-09T03:00:00.000000,France,France,FR,6.9,21.94,98.42,23.09,opendata.reseaux-energies.fr,false,""
2024-08-09T04:00:00.000000,France,France,FR,6.44,21.22,98.53,23.79,opendata.reseaux-energies.fr,false,""
2024-08-09T05:00:00.000000,France,France,FR,6.39,21.13,98.54,24.72,opendata.reseaux-energies.fr,false,""
2024-08-09T06:00:00.000000,France,France,FR,5.01,19.41,98.88,24.59,opendata.reseaux-energies.fr,false,""
2024-08-09T07:00:00.000000,France,France,FR,4.69,19.73,98.94,28.42,opendata.reseaux-energies.fr,false,""
2024-08-09T08:00:00.000000,France,France,FR,4.51,20.59,98.98,33.38,opendata.reseaux-energies.fr,false,""
2024-08-09T09:00:00.000000,France,France,FR,4.35,21.46,99.02,37.94,opendata.reseaux-energies.fr,false,""
2024-08-09T10:00:00.000000,France,France,FR,4.48,22.24,98.98,40.54,opendata.reseaux-energies.fr,false,""
2024-08-09T11:00:00.000000,France,France,FR,6.31,25.1,98.48,41.64,opendata.reseaux-energies.fr,false,""
2024-08-09T12:00:00.000000,France,France,FR,7.82,26.35,98.09,37.51,opendata.reseaux-energies.fr,false,""
2024-08-09T13:00:00.000000,France,France,FR,8.62,27.41,97.9,36.43,opendata.reseaux-energies.fr,false,""
2024-08-09T14:00:00.000000,France,France,FR,8.59,27.86,97.88,39.55,opendata.reseaux-energies.fr,false,""
2024-08-09T15:00:00.000000,France,France,FR,8.12,26.93,98.01,40.19,opendata.reseaux-energies.fr,false,""
2024-08-09T16:00:00.000000,France,France,FR,7.84,25.05,98.08,35.05,opendata.reseaux-energies.fr,false,""
2024-08-09T17:00:00.000000,France,France,FR,7.4,22.71,98.19,28.51,opendata.reseaux-energies.fr,false,""
2024-08-09T18:00:00.000000,France,France,FR,7.89,22.41,98.07,24.71,opendata.reseaux-energies.fr,false,""
2024-08-09T19:00:00.000000,France,France,FR,7.33,21.36,98.24,21.65,opendata.reseaux-energies.fr,false,""
2024-08-09T20:00:00.000000,France,France,FR,5.95,19.43,98.62,21.18,opendata.reseaux-energies.fr,false,""
2024-08-09T21:00:00.000000,France,France,FR,6.1,19.62,98.58,20.94,opendata.reseaux-energies.fr,false,""
2024-08-09T22:00:00.000000,France,France,FR,4.75,17.88,98.95,18.8,opendata.reseaux-energies.fr,false,""
2024-08-09T23:00:00.000000,France,France,FR,5.27,18.67,98.81,16.33,opendata.reseaux-energies.fr,false,""
2024-08-10T00:00:00.000000,France,France,FR,5.31,18.94,98.8,15.92,opendata.reseaux-energies.fr,false,""
2024-08-10T01:00:00.000000,France,France,FR,5.51,19.38,98.75,15.7,opendata.reseaux-energies.fr,false,""
2024-08-10T02:00:00.000000,France,France,FR,5.65,19.61,98.72,15.53,opendata.reseaux-energies.fr,false,""
2024-08-10T03:00:00.000000,France,France,FR,5.59,19.6,98.74,15.3,opendata.reseaux-energies.fr,false,""
2024-08-10T04:00:00.000000,France,France,FR,5.5,19.44,98.76,15.55,opendata.reseaux-energies.fr,false,""
2024-08-10T05:00:00.000000,France,France,FR,5.39,19.3,98.79,15.77,opendata.reseaux-energies.fr,false,""
2024-08-10T06:00:00.000000,France,France,FR,5.15,19.71,98.84,19.05,opendata.reseaux-energies.fr,false,""
2024-08-10T07:00:00.000000,France,France,FR,5.09,21.09,98.85,24.94,opendata.reseaux-energies.fr,false,""
2024-08-10T08:00:00.000000,France,France,FR,7.46,25.48,98.38,28.82,opendata.reseaux-energies.fr,false,""
2024-08-10T09:00:00.000000,France,France,FR,10.2,30.38,97.9,34.29,opendata.reseaux-energies.fr,false,""
2024-08-10T10:00:00.000000,France,France,FR,12.85,34.83,97.4,38.93,opendata.reseaux-energies.fr,false,""
2024-08-10T11:00:00.000000,France,France,FR,11.67,33.49,97.59,39.37,opendata.reseaux-energies.fr,false,""
2024-08-10T12:00:00.000000,France,France,FR,11.41,33.19,97.61,39.35,opendata.reseaux-energies.fr,false,""
2024-08-10T13:00:00.000000,France,France,FR,10.7,31.88,97.67,37.83,opendata.reseaux-energies.fr,false,""
2024-08-10T14:00:00.000000,France,France,FR,8.51,28.08,97.98,34.17,opendata.reseaux-energies.fr,false,""
2024-08-10T15:00:00.000000,France,France,FR,8.22,26.91,98.0,32.41,opendata.reseaux-energies.fr,false,""
2024-08-10T16:00:00.000000,France,France,FR,8.88,26.35,97.79,28.5,opendata.reseaux-energies.fr,false,""
2024-08-10T17:00:00.000000,France,France,FR,8.96,24.77,97.78,24.85,opendata.reseaux-energies.fr,false,""
2024-08-10T18:00:00.000000,France,France,FR,9.3,24.25,97.7,21.81,opendata.reseaux-energies.fr,false,""
2024-08-10T19:00:00.000000,France,France,FR,6.89,20.85,98.36,20.91,opendata.reseaux-energies.fr,false,""
2024-08-10T20:00:00.000000,France,France,FR,6.54,20.25,98.45,21.5,opendata.reseaux-energies.fr,false,""
2024-08-10T21:00:00.000000,France,France,FR,6.47,20.14,98.47,21.84,opendata.reseaux-energies.fr,false,""
2024-08-10T22:00:00.000000,France,France,FR,4.99,18.09,98.88,20.22,opendata.reseaux-energies.fr,false,""
2024-08-10T23:00:00.000000,France,France,FR,5.04,18.27,98.87,19.25,opendata.reseaux-energies.fr,false,""
2024-08-11T00:00:00.000000,France,France,FR,5.0,18.35,98.88,18.86,opendata.reseaux-energies.fr,false,""
2024-08-11T01:00:00.000000,France,France,FR,5.3,18.88,98.8,18.79,opendata.reseaux-energies.fr,false,""
2024-08-11T02:00:00.000000,France,France,FR,5.35,19.05,98.79,18.81,opendata.reseaux-energies.fr,false,""
2024-08-11T03:00:00.000000,France,France,FR,5.4,19.18,98.78,18.81,opendata.reseaux-energies.fr,false,""
2024-08-11T04:00:00.000000,France,France,FR,5.44,19.28,98.78,19.17,opendata.reseaux-energies.fr,false,""
2024-08-11T05:00:00.000000,France,France,FR,5.28,19.33,98.82,20.94,opendata.reseaux-energies.fr,false,""
2024-08-11T06:00:00.000000,France,France,FR,4.96,19.53,98.89,23.9,opendata.reseaux-energies.fr,false,""
2024-08-11T07:00:00.000000,France,France,FR,4.74,20.65,98.94,28.32,opendata.reseaux-energies.fr,false,""
2024-08-11T08:00:00.000000,France,France,FR,5.21,22.33,98.84,30.4,opendata.reseaux-energies.fr,false,""
2024-08-11T09:00:00.000000,France,France,FR,7.63,27.24,98.42,37.51,opendata.reseaux-energies.fr,false,""
2024-08-11T10:00:00.000000,France,France,FR,13.07,35.98,97.35,44.45,opendata.reseaux-energies.fr,false,""
2024-08-11T11:00:00.000000,France,France,FR,12.91,35.92,97.33,45.64,opendata.reseaux-energies.fr,false,""
2024-08-11T12:00:00.000000,France,France,FR,12.34,35.14,97.44,45.25,opendata.reseaux-energies.fr,false,""
2024-08-11T13:00:00.000000,France,France,FR,9.81,31.21,97.92,42.34,opendata.reseaux-energies.fr,false,""
2024-08-11T14:00:00.000000,France,France,FR,7.21,26.51,98.34,37.71,opendata.reseaux-energies.fr,false,""
2024-08-11T15:00:00.000000,France,France,FR,6.29,24.08,98.58,36.13,opendata.reseaux-energies.fr,false,""
2024-08-11T16:00:00.000000,France,France,FR,5.5,21.56,98.73,31.95,opendata.reseaux-energies.fr,false,""
2024-08-11T17:00:00.000000,France,France,FR,5.27,19.56,98.77,26.41,opendata.reseaux-energies.fr,false,""
2024-08-11T18:00:00.000000,France,France,FR,5.46,18.72,98.73,23.01,opendata.reseaux-energies.fr,false,""
2024-08-11T19:00:00.000000,France,France,FR,5.38,18.25,98.75,22.53,opendata.reseaux-energies.fr,false,""
2024-08-11T20:00:00.000000,France,France,FR,5.26,18.15,98.78,24.34,opendata.reseaux-energies.fr,false,""
2024-08-11T21:00:00.000000,France,France,FR,5.16,18.04,98.8,25.05,opendata.reseaux-energies.fr,false,""
2024-08-11T22:00:00.000000,France,France,FR,4.48,17.4,98.99,25.06,opendata.reseaux-energies.fr,false,""
2024-08-11T23:00:00.000000,France,France,FR,4.64,17.93,98.96,24.88,opendata.reseaux-energies.fr,false,""
2024-08-12T00:00:00.000000,France,France,FR,4.79,18.29,98.93,23.5,opendata.reseaux-energies.fr,false,""
2024-08-12T01:00:00.000000,France,France,FR,5.06,18.96,98.87,23.37,opendata.reseaux-energies.fr,false,""
2024-08-12T02:00:00.000000,France,France,FR,4.77,18.59,98.95,23.35,opendata.reseaux-energies.fr,false,""
2024-08-12T03:00:00.000000,France,France,FR,4.95,18.69,98.9,22.14,opendata.reseaux-energies.fr,false,""
2024-08-12T04:00:00.000000,France,France,FR,4.88,18.41,98.91,21.94,opendata.reseaux-energies.fr,false,""
2024-08-12T05:00:00.000000,France,France,FR,4.93,18.24,98.89,22.01,opendata.reseaux-energies.fr,false,""
2024-08-12T06:00:00.000000,France,France,FR,4.74,18.32,98.93,23.1,opendata.reseaux-energies.fr,false,""
2024-08-12T07:00:00.000000,France,France,FR,4.89,19.27,98.89,25.48,opendata.reseaux-energies.fr,false,""
2024-08-12T08:00:00.000000,France,France,FR,7.16,23.11,98.28,28.38,opendata.reseaux-energies.fr,false,""
2024-08-12T09:00:00.000000,France,France,FR,7.84,24.73,98.19,30.79,opendata.reseaux-energies.fr,false,""
2024-08-12T10:00:00.000000,France,France,FR,9.29,27.37,97.76,33.16,opendata.reseaux-energies.fr,false,""
2024-08-12T11:00:00.000000,France,France,FR,10.08,28.62,97.58,34.05,opendata.reseaux-energies.fr,false,""
2024-08-12T12:00:00.000000,France,France,FR,8.67,26.78,97.86,34.35,opendata.reseaux-energies.fr,false,""
2024-08-12T13:00:00.000000,France,France,FR,7.08,24.59,98.28,35.3,opendata.reseaux-energies.fr,false,""
2024-08-12T14:00:00.000000,France,France,FR,6.92,23.91,98.31,34.35,opendata.reseaux-energies.fr,false,""
2024-08-12T15:00:00.000000,France,France,FR,6.86,23.19,98.34,32.44,opendata.reseaux-energies.fr,false,""
2024-08-12T16:00:00.000000,France,France,FR,7.22,22.75,98.25,29.89,opendata.reseaux-energies.fr,false,""
2024-08-12T17:00:00.000000,France,France,FR,8.28,23.09,98.05,26.51,opendata.reseaux-energies.fr,false,""
2024-08-12T18:00:00.000000,France,France,FR,7.94,21.97,98.08,24.98,opendata.reseaux-energies.fr,false,""
2024-08-12T19:00:00.000000,France,France,FR,8.05,21.82,98.04,23.06,opendata.reseaux-energies.fr,false,""
2024-08-12T20:00:00.000000,France,France,FR,7.32,20.8,98.24,21.74,opendata.reseaux-energies.fr,false,""
2024-08-12T21:00:00.000000,France,France,FR,7.36,20.91,98.23,21.25,opendata.reseaux-energies.fr,false,""
2024-08-12T22:00:00.000000,France,France,FR,6.94,20.32,98.35,18.76,opendata.reseaux-energies.fr,false,""
2024-08-12T23:00:00.000000,France,France,FR,7.26,20.86,98.26,16.76,opendata.reseaux-energies.fr,false,""
2024-08-13T00:00:00.000000,France,France,FR,7.25,21.0,98.27,16.87,opendata.reseaux-energies.fr,false,""
2024-08-13T01:00:00.000000,France,France,FR,6.14,19.67,98.58,16.23,opendata.reseaux-energies.fr,false,""
2024-08-13T02:00:00.000000,France,France,FR,6.17,19.62,98.57,16.04,opendata.reseaux-energies.fr,false,""
2024-08-13T03:00:00.000000,France,France,FR,4.66,17.71,98.99,16.23,opendata.reseaux-energies.fr,false,""
2024-08-13T04:00:00.000000,France,France,FR,4.76,17.97,98.95,17.63,opendata.reseaux-energies.fr,false,""
2024-08-13T05:00:00.000000,France,France,FR,4.81,18.13,98.93,18.97,opendata.reseaux-energies.fr,false,""
2024-08-13T06:00:00.000000,France,France,FR,4.78,18.6,98.94,21.51,opendata.reseaux-energies.fr,false,""
2024-08-13T07:00:00.000000,France,France,FR,4.53,19.13,98.99,24.6,opendata.reseaux-energies.fr,false,""
2024-08-13T08:00:00.000000,France,France,FR,4.31,19.66,99.09,27.31,opendata.reseaux-energies.fr,false,""
2024-08-13T09:00:00.000000,France,France,FR,3.97,19.59,99.16,28.64,opendata.reseaux-energies.fr,false,""
2024-08-13T10:00:00.000000,France,France,FR,4.93,21.29,98.9,29.75,opendata.reseaux-energies.fr,false,""
2024-08-13T11:00:00.000000,France,France,FR,4.95,21.64,98.89,30.63,opendata.reseaux-energies.fr,false,""
2024-08-13T12:00:00.000000,France,France,FR,4.78,21.32,98.92,30.46,opendata.reseaux-energies.fr,false,""
2024-08-13T13:00:00.000000,France,France,FR,4.6,20.76,98.96,30.32,opendata.reseaux-energies.fr,false,""
2024-08-13T14:00:00.000000,France,France,FR,5.34,21.64,98.75,30.12,opendata.reseaux-energies.fr,false,""
2024-08-13T15:00:00.000000,France,France,FR,5.59,21.3,98.7,28.45,opendata.reseaux-energies.fr,false,""
2024-08-13T16:00:00.000000,France,France,FR,5.73,20.53,98.66,26.38,opendata.reseaux-energies.fr,false,""
2024-08-13T17:00:00.000000,France,France,FR,5.85,19.52,98.63,23.23,opendata.reseaux-energies.fr,false,""
2024-08-13T18:00:00.000000,France,France,FR,6.03,19.14,98.59,21.6,opendata.reseaux-energies.fr,false,""
2024-08-13T19:00:00.000000,France,France,FR,6.0,18.9,98.6,20.25,opendata.reseaux-energies.fr,false,""
2024-08-13T20:00:00.000000,France,France,FR,6.08,19.09,98.58,19.5,opendata.reseaux-energies.fr,false,""
2024-08-13T21:00:00.000000,France,France,FR,6.04,18.95,98.59,19.24,opendata.reseaux-energies.fr,false,""
2024-08-13T22:00:00.000000,France,France,FR,5.97,19.0,98.61,17.92,opendata.reseaux-energies.fr,false,""
2024-08-13T23:00:00.000000,France,France,FR,5.65,18.72,98.7,16.3,opendata.reseaux-energies.fr,false,""
2024-08-14T00:00:00.000000,France,France,FR,4.54,17.41,99.01,16.07,opendata.reseaux-energies.fr,false,""
2024-08-14T01:00:00.000000,France,France,FR,4.53,17.44,99.02,15.49,opendata.reseaux-energies.fr,false,""
2024-08-14T02:00:00.000000,France,France,FR,4.56,17.57,99.01,15.48,opendata.reseaux-energies.fr,false,""
2024-08-14T03:00:00.000000,France,France,FR,4.57,17.55,99.01,15.32,opendata.reseaux-energies.fr,false,""
2024-08-14T04:00:00.000000,France,France,FR,4.72,17.67,98.97,15.71,opendata.reseaux-energies.fr,false,""
2024-08-14T05:00:00.000000,France,France,FR,4.64,17.68,98.99,17.57,opendata.reseaux-energies.fr,false,""
2024-08-14T06:00:00.000000,France,France,FR,4.78,18.23,98.94,19.9,opendata.reseaux-energies.fr,false,""
2024-08-14T07:00:00.000000,France,France,FR,6.25,20.74,98.53,22.34,opendata.reseaux-energies.fr,false,""
2024-08-14T08:00:00.000000,France,France,FR,8.29,23.94,98.05,24.94,opendata.reseaux-energies.fr,false,""
2024-08-14T09:00:00.000000,France,France,FR,9.23,25.74,97.85,27.34,opendata.reseaux-energies.fr,false,""
2024-08-14T10:00:00.000000,France,France,FR,9.58,26.79,97.78,29.99,opendata.reseaux-energies.fr,false,""
2024-08-14T11:00:00.000000,France,France,FR,8.08,24.9,98.17,30.13,opendata.reseaux-energies.fr,false,""
2024-08-14T12:00:00.000000,France,France,FR,8.18,25.13,98.15,30.88,opendata.reseaux-energies.fr,false,""
2024-08-14T13:00:00.000000,France,France,FR,9.53,26.96,97.78,31.3,opendata.reseaux-energies.fr,false,""
2024-08-14T14:00:00.000000,France,France,FR,9.48,26.87,97.76,31.11,opendata.reseaux-energies.fr,false,""
2024-08-14T15:00:00.000000,France,France,FR,8.53,25.26,98.05,30.05,opendata.reseaux-energies.fr,false,""
2024-08-14T16:00:00.000000,France,France,FR,8.84,24.79,97.95,27.74,opendata.reseaux-energies.fr,false,""
2024-08-14T17:00:00.000000,France,France,FR,9.05,24.2,97.88,24.67,opendata.reseaux-energies.fr,false,""
2024-08-14T18:00:00.000000,France,France,FR,7.58,21.66,98.19,21.76,opendata.reseaux-energies.fr,false,""
2024-08-14T19:00:00.000000,France,France,FR,7.77,21.7,98.12,21.13,opendata.reseaux-energies.fr,false,""
2024-08-14T20:00:00.000000,France,France,FR,7.99,21.96,98.06,20.94,opendata.reseaux-energies.fr,false,""
2024-08-14T21:00:00.000000,France,France,FR,8.62,22.98,97.89,21.0,opendata.reseaux-energies.fr,false,""
2024-08-14T22:00:00.000000,France,France,FR,6.52,20.25,98.47,20.79,opendata.reseaux-energies.fr,false,""
2024-08-14T23:00:00.000000,France,France,FR,5.44,18.8,98.77,18.39,opendata.reseaux-energies.fr,false,""
2024-08-15T00:00:00.000000,France,France,FR,5.43,18.75,98.77,17.73,opendata.reseaux-energies.fr,false,""
2024-08-15T01:00:00.000000,France,France,FR,5.36,18.73,98.79,16.85,opendata.reseaux-energies.fr,false,""
2024-08-15T02:00:00.000000,France,France,FR,5.34,18.8,98.8,16.17,opendata.reseaux-energies.fr,false,""
2024-08-15T03:00:00.000000,France,France,FR,5.57,19.35,98.74,16.64,opendata.reseaux-energies.fr,false,""
2024-08-15T04:00:00.000000,France,France,FR,5.7,19.61,98.71,16.99,opendata.reseaux-energies.fr,false,""
2024-08-15T05:00:00.000000,France,France,FR,5.73,19.78,98.7,18.52,opendata.reseaux-energies.fr,false,""
2024-08-15T06:00:00.000000,France,France,FR,6.16,20.86,98.58,21.0,opendata.reseaux-energies.fr,false,""
2024-08-15T07:00:00.000000,France,France,FR,8.63,25.19,98.0,26.22,opendata.reseaux-energies.fr,false,""
2024-08-15T08:00:00.000000,France,France,FR,10.99,29.45,97.38,30.76,opendata.reseaux-energies.fr,false,""
2024-08-15T09:00:00.000000,France,France,FR,9.73,29.22,97.73,36.1,opendata.reseaux-energies.fr,false,""
2024-08-15T10:00:00.000000,France,France,FR,8.31,28.23,98.13,40.5,opendata.reseaux-energies.fr,false,""
2024-08-15T11:00:00.000000,France,France,FR,8.08,28.62,98.16,43.31,opendata.reseaux-energies.fr,false,""
2024-08-15T12:00:00.000000,France,France,FR,7.8,28.54,98.21,44.63,opendata.reseaux-energies.fr,false,""
2024-08-15T13:00:00.000000,France,France,FR,8.35,29.35,98.09,45.86,opendata.reseaux-energies.fr,false,""
2024-08-15T14:00:00.000000,France,France,FR,8.5,28.78,98.07,44.25,opendata.reseaux-energies.fr,false,""
2024-08-15T15:00:00.000000,France,France,FR,7.94,26.76,98.19,39.41,opendata.reseaux-energies.fr,false,""
2024-08-15T16:00:00.000000,France,France,FR,7.06,24.17,98.36,33.96,opendata.reseaux-energies.fr,false,""
2024-08-15T17:00:00.000000,France,France,FR,6.83,22.05,98.37,27.0,opendata.reseaux-energies.fr,false,""
2024-08-15T18:00:00.000000,France,France,FR,7.9,22.48,98.08,23.47,opendata.reseaux-energies.fr,false,""
2024-08-15T19:00:00.000000,France,France,FR,7.91,22.15,98.08,21.65,opendata.reseaux-energies.fr,false,""
2024-08-15T20:00:00.000000,France,France,FR,8.3,22.55,97.99,22.17,opendata.reseaux-energies.fr,false,""
2024-08-15T21:00:00.000000,France,France,FR,8.63,23.02,97.91,22.72,opendata.reseaux-energies.fr,false,""
2024-08-15T22:00:00.000000,France,France,FR,7.16,21.34,98.33,21.61,opendata.reseaux-energies.fr,false,""
2024-08-15T23:00:00.000000,France,France,FR,5.39,19.17,98.79,20.78,opendata.reseaux-energies.fr,false,""
2024-08-16T00:00:00.000000,France,France,FR,5.31,19.07,98.81,20.41,opendata.reseaux-energies.fr,false,""
2024-08-16T01:00:00.000000,France,France,FR,5.35,19.23,98.81,19.92,opendata.reseaux-energies.fr,false,""
2024-08-16T02:00:00.000000,France,France,FR,5.32,19.22,98.82,19.6,opendata.reseaux-energies.fr,false,""
2024-08-16T03:00:00.000000,France,France,FR,5.38,19.19,98.8,18.7,opendata.reseaux-energies.fr,false,""
2024-08-16T04:00:00.000000,France,France,FR,5.36,19.09,98.8,18.9,opendata.reseaux-energies.fr,false,""
2024-08-16T05:00:00.000000,France,France,FR,5.22,19.07,98.84,20.25,opendata.reseaux-energies.fr,false,""
2024-08-16T06:00:00.000000,France,France,FR,5.3,19.55,98.81,22.69,opendata.reseaux-energies.fr,false,""
2024-08-16T07:00:00.000000,France,France,FR,6.13,21.38,98.57,25.96,opendata.reseaux-energies.fr,false,""
2024-08-16T08:00:00.000000,France,France,FR,6.1,22.31,98.56,29.25,opendata.reseaux-energies.fr,false,""
2024-08-16T09:00:00.000000,France,France,FR,6.08,23.05,98.59,32.78,opendata.reseaux-energies.fr,false,""
2024-08-16T10:00:00.000000,France,France,FR,5.57,22.94,98.69,34.17,opendata.reseaux-energies.fr,false,""
2024-08-16T11:00:00.000000,France,France,FR,5.23,22.78,98.76,35.01,opendata.reseaux-energies.fr,false,""
2024-08-16T12:00:00.000000,France,France,FR,5.08,22.48,98.78,35.04,opendata.reseaux-energies.fr,false,""
2024-08-16T13:00:00.000000,France,France,FR,5.2,22.45,98.75,34.77,opendata.reseaux-energies.fr,false,""
2024-08-16T14:00:00.000000,France,France,FR,5.56,22.63,98.68,33.9,opendata.reseaux-energies.fr,false,""
2024-08-16T15:00:00.000000,France,France,FR,6.21,22.87,98.58,31.82,opendata.reseaux-energies.fr,false,""
2024-08-16T16:00:00.000000,France,France,FR,6.87,22.9,98.4,28.51,opendata.reseaux-energies.fr,false,""
2024-08-16T17:00:00.000000,France,France,FR,9.31,24.95,97.7,24.94,opendata.reseaux-energies.fr,false,""
2024-08-16T18:00:00.000000,France,France,FR,9.62,24.5,97.61,22.45,opendata.reseaux-energies.fr,false,""
2024-08-16T19:00:00.000000,France,France,FR,9.71,24.44,97.59,21.45,opendata.reseaux-energies.fr,false,""
2024-08-16T20:00:00.000000,France,France,FR,8.69,23.23,97.88,21.96,opendata.reseaux-energies.fr,false,""
2024-08-16T21:00:00.000000,France,France,FR,8.72,23.27,97.87,21.81,opendata.reseaux-energies.fr,false,""
2024-08-16T22:00:00.000000,France,France,FR,8.72,23.33,97.87,20.06,opendata.reseaux-energies.fr,false,""
2024-08-16T23:00:00.000000,France,France,FR,7.28,21.51,98.27,18.35,opendata.reseaux-energies.fr,false,""
2024-08-17T00:00:00.000000,France,France,FR,5.66,19.45,98.72,18.26,opendata.reseaux-energies.fr,false,""
2024-08-17T01:00:00.000000,France,France,FR,5.54,19.37,98.75,16.99,opendata.reseaux-energies.fr,false,""
2024-08-17T02:00:00.000000,France,France,FR,5.41,19.19,98.79,15.79,opendata.reseaux-energies.fr,false,""
2024-08-17T03:00:00.000000,France,France,FR,5.31,19.06,98.82,15.69,opendata.reseaux-energies.fr,false,""
2024-08-17T04:00:00.000000,France,France,FR,5.35,19.12,98.8,16.12,opendata.reseaux-energies.fr,false,""
2024-08-17T05:00:00.000000,France,France,FR,5.41,19.18,98.79,16.76,opendata.reseaux-energies.fr,false,""
2024-08-17T06:00:00.000000,France,France,FR,5.39,19.68,98.79,20.07,opendata.reseaux-energies.fr,false,""
2024-08-17T07:00:00.000000,France,France,FR,5.64,20.87,98.76,23.47,opendata.reseaux-energies.fr,false,""
2024-08-17T08:00:00.000000,France,France,FR,6.33,22.74,98.63,27.64,opendata.reseaux-energies.fr,false,""
2024-08-17T09:00:00.000000,France,France,FR,6.03,23.1,98.69,30.35,opendata.reseaux-energies.fr,false,""
2024-08-17T10:00:00.000000,France,France,FR,5.97,23.46,98.69,31.92,opendata.reseaux-energies.fr,false,""
2024-08-17T11:00:00.000000,France,France,FR,6.18,23.97,98.6,32.46,opendata.reseaux-energies.fr,false,""
2024-08-17T12:00:00.000000,France,France,FR,6.66,24.6,98.46,31.99,opendata.reseaux-energies.fr,false,""
2024-08-17T13:00:00.000000,France,France,FR,7.05,24.91,98.39,31.51,opendata.reseaux-energies.fr,false,""
2024-08-17T14:00:00.000000,France,France,FR,7.26,24.7,98.35,30.27,opendata.reseaux-energies.fr,false,""
2024-08-17T15:00:00.000000,France,France,FR,8.02,24.98,98.19,28.41,opendata.reseaux-energies.fr,false,""
2024-08-17T16:00:00.000000,France,France,FR,8.33,24.52,98.12,25.78,opendata.reseaux-energies.fr,false,""
2024-08-17T17:00:00.000000,France,France,FR,7.41,22.47,98.26,22.95,opendata.reseaux-energies.fr,false,""
2024-08-17T18:00:00.000000,France,France,FR,9.46,24.4,97.66,20.91,opendata.reseaux-energies.fr,false,""
2024-08-17T19:00:00.000000,France,France,FR,9.87,24.77,97.56,21.03,opendata.reseaux-energies.fr,false,""
2024-08-17T20:00:00.000000,France,France,FR,8.96,23.58,97.81,21.29,opendata.reseaux-energies.fr,false,""
2024-08-17T21:00:00.000000,France,France,FR,8.82,23.41,97.85,21.41,opendata.reseaux-energies.fr,false,""
2024-08-17T22:00:00.000000,France,France,FR,7.4,21.73,98.24,21.11,opendata.reseaux-energies.fr,false,""
2024-08-17T23:00:00.000000,France,France,FR,5.47,19.3,98.78,19.74,opendata.reseaux-energies.fr,false,""
2024-08-18T00:00:00.000000,France,France,FR,5.26,19.02,98.83,19.6,opendata.reseaux-energies.fr,false,""
2024-08-18T01:00:00.000000,France,France,FR,4.71,18.35,98.98,19.11,opendata.reseaux-energies.fr,false,""
2024-08-18T02:00:00.000000,France,France,FR,4.95,18.7,98.92,18.24,opendata.reseaux-energies.fr,false,""
2024-08-18T03:00:00.000000,France,France,FR,5.41,19.33,98.79,18.56,opendata.reseaux-energies.fr,false,""
2024-08-18T04:00:00.000000,France,France,FR,5.38,19.24,98.8,18.45,opendata.reseaux-energies.fr,false,""
2024-08-18T05:00:00.000000,France,France,FR,5.4,19.39,98.79,19.85,opendata.reseaux-energies.fr,false,""
2024-08-18T06:00:00.000000,France,France,FR,5.38,19.71,98.79,21.96,opendata.reseaux-energies.fr,false,""
2024-08-18T07:00:00.000000,France,France,FR,5.47,20.58,98.79,25.01,opendata.reseaux-energies.fr,false,""
2024-08-18T08:00:00.000000,France,France,FR,6.72,23.66,98.54,31.7,opendata.reseaux-energies.fr,false,""
2024-08-18T09:00:00.000000,France,France,FR,7.6,25.9,98.33,36.7,opendata.reseaux-energies.fr,false,""
2024-08-18T10:00:00.000000,France,France,FR,7.56,26.34,98.32,39.56,opendata.reseaux-energies.fr,false,""
2024-08-18T11:00:00.000000,France,France,FR,7.62,26.92,98.3,41.94,opendata.reseaux-energies.fr,false,""
2024-08-18T12:00:00.000000,France,France,FR,7.8,27.58,98.26,43.49,opendata.reseaux-energies.fr,false,""
2024-08-18T13:00:00.000000,France,France,FR,7.98,27.75,98.21,43.11,opendata.reseaux-energies.fr,false,""
2024-08-18T14:00:00.000000,France,France,FR,8.12,27.62,98.19,41.64,opendata.reseaux-energies.fr,false,""
2024-08-18T15:00:00.000000,France,France,FR,8.15,26.72,98.18,38.39,opendata.reseaux-energies.fr,false,""
2024-08-18T16:00:00.000000,France,France,FR,8.13,25.12,98.17,32.78,opendata.reseaux-energies.fr,false,""
2024-08-18T17:00:00.000000,France,France,FR,9.28,25.23,97.83,28.24,opendata.reseaux-energies.fr,false,""
2024-08-18T18:00:00.000000,France,France,FR,8.15,22.91,98.05,24.42,opendata.reseaux-energies.fr,false,""
2024-08-18T19:00:00.000000,France,France,FR,7.65,21.94,98.16,23.8,opendata.reseaux-energies.fr,false,""
2024-08-18T20:00:00.000000,France,France,FR,5.07,18.43,98.87,23.99,opendata.reseaux-energies.fr,false,""
2024-08-18T21:00:00.000000,France,France,FR,5.17,18.55,98.84,23.67,opendata.reseaux-energies.fr,false,""
2024-08-18T22:00:00.000000,France,France,FR,5.23,18.76,98.84,22.58,opendata.reseaux-energies.fr,false,""
2024-08-18T23:00:00.000000,France,France,FR,5.11,18.76,98.86,20.79,opendata.reseaux-energies.fr,false,""
2024-08-19T00:00:00.000000,France,France,FR,5.31,18.92,98.82,19.6,opendata.reseaux-energies.fr,false,""
2024-08-19T01:00:00.000000,France,France,FR,5.37,18.96,98.8,18.78,opendata.reseaux-energies.fr,false,""
2024-08-19T02:00:00.000000,France,France,FR,5.6,19.28,98.74,17.91,opendata.reseaux-energies.fr,false,""
2024-08-19T03:00:00.000000,France,France,FR,6.75,20.68,98.43,17.89,opendata.reseaux-energies.fr,false,""
2024-08-19T04:00:00.000000,France,France,FR,7.88,22.14,98.11,19.0,opendata.reseaux-energies.fr,false,""
2024-08-19T05:00:00.000000,France,France,FR,8.61,23.02,97.91,19.22,opendata.reseaux-energies.fr,false,""
2024-08-19T06:00:00.000000,France,France,FR,9.86,24.98,97.55,21.7,opendata.reseaux-energies.fr,false,""
2024-08-19T07:00:00.000000,France,France,FR,9.36,25.45,97.67,25.67,opendata.reseaux-energies.fr,false,""
2024-08-19T08:00:00.000000,France,France,FR,8.36,25.34,97.93,29.65,opendata.reseaux-energies.fr,false,""
2024-08-19T09:00:00.000000,France,France,FR,7.43,25.02,98.18,32.68,opendata.reseaux-energies.fr,false,""
2024-08-19T10:00:00.000000,France,France,FR,7.16,25.16,98.24,35.03,opendata.reseaux-energies.fr,false,""
2024-08-19T11:00:00.000000,France,France,FR,6.9,25.1,98.31,36.37,opendata.reseaux-energies.fr,false,""
2024-08-19T12:00:00.000000,France,France,FR,6.11,24.12,98.53,36.48,opendata.reseaux-energies.fr,false,""
2024-08-19T13:00:00.000000,France,France,FR,6.66,24.75,98.37,36.05,opendata.reseaux-energies.fr,false,""
2024-08-19T14:00:00.000000,France,France,FR,7.08,24.81,98.26,34.12,opendata.reseaux-energies.fr,false,""
2024-08-19T15:00:00.000000,France,France,FR,7.7,24.88,98.1,31.19,opendata.reseaux-energies.fr,false,""
2024-08-19T16:00:00.000000,France,France,FR,8.99,25.45,97.77,27.84,opendata.reseaux-energies.fr,false,""
2024-08-19T17:00:00.000000,France,France,FR,11.15,26.95,97.19,24.12,opendata.reseaux-energies.fr,false,""
2024-08-19T18:00:00.000000,France,France,FR,12.2,27.51,96.9,21.87,opendata.reseaux-energies.fr,false,""
2024-08-19T19:00:00.000000,France,France,FR,12.16,27.19,96.91,20.26,opendata.reseaux-energies.fr,false,""
2024-08-19T20:00:00.000000,France,France,FR,11.09,25.76,97.21,19.15,opendata.reseaux-energies.fr,false,""
2024-08-19T21:00:00.000000,France,France,FR,9.83,24.13,97.55,19.35,opendata.reseaux-energies.fr,false,""
2024-08-19T22:00:00.000000,France,France,FR,8.6,22.64,97.89,19.12,opendata.reseaux-energies.fr,false,""
2024-08-19T23:00:00.000000,France,France,FR,8.36,22.62,97.97,20.19,opendata.reseaux-energies.fr,false,""
2024-08-20T00:00:00.000000,France,France,FR,7.22,20.95,98.27,18.68,opendata.reseaux-energies.fr,false,""
2024-08-20T01:00:00.000000,France,France,FR,4.92,17.94,98.92,18.2,opendata.reseaux-energies.fr,false,""
2024-08-20T02:00:00.000000,France,France,FR,4.91,17.93,98.92,18.25,opendata.reseaux-energies.fr,false,""
2024-08-20T03:00:00.000000,France,France,FR,5.05,18.09,98.88,18.03,opendata.reseaux-energies.fr,false,""
2024-08-20T04:00:00.000000,France,France,FR,4.71,17.59,98.97,18.41,opendata.reseaux-energies.fr,false,""
2024-08-20T05:00:00.000000,France,France,FR,4.65,17.52,98.98,19.98,opendata.reseaux-energies.fr,false,""
2024-08-20T06:00:00.000000,France,France,FR,4.83,18.13,98.93,22.73,opendata.reseaux-energies.fr,false,""
2024-08-20T07:00:00.000000,France,France,FR,4.65,18.96,98.96,26.5,opendata.reseaux-energies.fr,false,""
2024-08-20T08:00:00.000000,France,France,FR,4.31,19.63,99.03,30.88,opendata.reseaux-energies.fr,false,""
2024-08-20T09:00:00.000000,France,France,FR,4.23,20.45,99.06,34.14,opendata.reseaux-energies.fr,false,""
2024-08-20T10:00:00.000000,France,France,FR,4.09,20.9,99.09,37.04,opendata.reseaux-energies.fr,false,""
2024-08-20T11:00:00.000000,France,France,FR,3.94,20.93,99.13,38.37,opendata.reseaux-energies.fr,false,""
2024-08-20T12:00:00.000000,France,France,FR,3.98,21.08,99.12,38.88,opendata.reseaux-energies.fr,false,""
2024-08-20T13:00:00.000000,France,France,FR,4.07,21.13,99.1,40.05,opendata.reseaux-energies.fr,false,""
2024-08-20T14:00:00.000000,France,France,FR,4.09,20.8,99.09,38.98,opendata.reseaux-energies.fr,false,""
2024-08-20T15:00:00.000000,France,France,FR,4.16,20.12,99.07,36.09,opendata.reseaux-energies.fr,false,""
2024-08-20T16:00:00.000000,France,France,FR,4.09,18.96,99.1,33.12,opendata.reseaux-energies.fr,false,""
2024-08-20T17:00:00.000000,France,France,FR,4.48,18.21,99.01,29.89,opendata.reseaux-energies.fr,false,""
2024-08-20T18:00:00.000000,France,France,FR,4.71,17.87,98.95,28.44,opendata.reseaux-energies.fr,false,""
2024-08-20T19:00:00.000000,France,France,FR,4.51,17.46,99.0,27.45,opendata.reseaux-energies.fr,false,""
2024-08-20T20:00:00.000000,France,France,FR,4.57,17.63,98.99,26.9,opendata.reseaux-energies.fr,false,""
2024-08-20T21:00:00.000000,France,France,FR,4.36,17.38,99.05,25.74,opendata.reseaux-energies.fr,false,""
2024-08-20T22:00:00.000000,France,France,FR,4.17,17.28,99.1,25.08,opendata.reseaux-energies.fr,false,""
2024-08-20T23:00:00.000000,France,France,FR,4.51,17.89,99.01,25.38,opendata.reseaux-energies.fr,false,""
2024-08-21T00:00:00.000000,France,France,FR,4.94,18.69,98.9,25.12,opendata.reseaux-energies.fr,false,""
2024-08-21T01:00:00.000000,France,France,FR,5.5,19.52,98.76,24.34,opendata.reseaux-energies.fr,false,""
2024-08-21T02:00:00.000000,France,France,FR,4.96,18.78,98.91,22.86,opendata.reseaux-energies.fr,false,""
2024-08-21T03:00:00.000000,France,France,FR,4.72,18.26,98.97,21.59,opendata.reseaux-energies.fr,false,""
2024-08-21T04:00:00.000000,France,France,FR,4.71,18.0,98.96,19.88,opendata.reseaux-energies.fr,false,""
2024-08-21T05:00:00.000000,France,France,FR,4.62,17.69,98.98,19.19,opendata.reseaux-energies.fr,false,""
2024-08-21T06:00:00.000000,France,France,FR,4.77,18.31,98.93,20.68,opendata.reseaux-energies.fr,false,""
2024-08-21T07:00:00.000000,France,France,FR,5.72,20.74,98.72,24.42,opendata.reseaux-energies.fr,false,""
2024-08-21T08:00:00.000000,France,France,FR,6.44,23.26,98.55,30.13,opendata.reseaux-energies.fr,false,""
2024-08-21T09:00:00.000000,France,France,FR,6.95,25.31,98.38,35.46,opendata.reseaux-energies.fr,false,""
2024-08-21T10:00:00.000000,France,France,FR,7.63,26.83,98.17,38.32,opendata.reseaux-energies.fr,false,""
2024-08-21T11:00:00.000000,France,France,FR,8.3,27.43,98.02,35.82,opendata.reseaux-energies.fr,false,""
2024-08-21T12:00:00.000000,France,France,FR,8.09,26.98,98.07,34.75,opendata.reseaux-energies.fr,false,""
2024-08-21T13:00:00.000000,France,France,FR,7.89,26.57,98.13,34.0,opendata.reseaux-energies.fr,false,""
2024-08-21T14:00:00.000000,France,France,FR,6.89,25.11,98.35,34.71,opendata.reseaux-energies.fr,false,""
2024-08-21T15:00:00.000000,France,France,FR,7.03,24.82,98.3,33.85,opendata.reseaux-energies.fr,false,""
2024-08-21T16:00:00.000000,France,France,FR,7.06,23.42,98.3,28.41,opendata.reseaux-energies.fr,false,""
2024-08-21T17:00:00.000000,France,France,FR,7.67,22.51,98.14,22.89,opendata.reseaux-energies.fr,false,""
2024-08-21T18:00:00.000000,France,France,FR,8.0,21.97,98.06,19.25,opendata.reseaux-energies.fr,false,""
2024-08-21T19:00:00.000000,France,France,FR,7.19,20.9,98.28,17.89,opendata.reseaux-energies.fr,false,""
2024-08-21T20:00:00.000000,France,France,FR,5.45,18.54,98.76,17.23,opendata.reseaux-energies.fr,false,""
2024-08-21T21:00:00.000000,France,France,FR,6.82,20.4,98.4,18.2,opendata.reseaux-energies.fr,false,""
2024-08-21T22:00:00.000000,France,France,FR,7.9,22.04,98.12,17.42,opendata.reseaux-energies.fr,false,""
2024-08-21T23:00:00.000000,France,France,FR,9.08,24.08,97.81,18.58,opendata.reseaux-energies.fr,false,""
2024-08-22T00:00:00.000000,France,France,FR,8.08,22.97,98.08,18.95,opendata.reseaux-energies.fr,false,""
2024-08-22T01:00:00.000000,France,France,FR,7.7,22.66,98.2,19.75,opendata.reseaux-energies.fr,false,""
2024-08-22T02:00:00.000000,France,France,FR,7.72,22.8,98.19,20.49,opendata.reseaux-energies.fr,false,""
2024-08-22T03:00:00.000000,France,France,FR,7.16,22.09,98.33,22.11,opendata.reseaux-energies.fr,false,""
2024-08-22T04:00:00.000000,France,France,FR,6.9,21.47,98.4,22.8,opendata.reseaux-energies.fr,false,""
2024-08-22T05:00:00.000000,France,France,FR,7.2,21.92,98.32,24.13,opendata.reseaux-energies.fr,false,""
2024-08-22T06:00:00.000000,France,France,FR,5.8,20.37,98.69,25.08,opendata.reseaux-energies.fr,false,""
2024-08-22T07:00:00.000000,France,France,FR,4.12,19.28,99.11,28.72,opendata.reseaux-energies.fr,false,""
2024-08-22T08:00:00.000000,France,France,FR,3.7,20.1,99.21,34.04,opendata.reseaux-energies.fr,false,""
2024-08-22T09:00:00.000000,France,France,FR,4.25,22.29,99.09,41.11,opendata.reseaux-energies.fr,false,""
2024-08-22T10:00:00.000000,France,France,FR,5.95,24.75,98.69,40.43,opendata.reseaux-energies.fr,false,""
2024-08-22T11:00:00.000000,France,France,FR,7.04,26.48,98.46,40.74,opendata.reseaux-energies.fr,false,""
2024-08-22T12:00:00.000000,France,France,FR,6.55,25.72,98.53,40.4,opendata.reseaux-energies.fr,false,""
2024-08-22T13:00:00.000000,France,France,FR,5.75,24.15,98.7,38.54,opendata.reseaux-energies.fr,false,""
2024-08-22T14:00:00.000000,France,France,FR,4.72,22.51,98.92,39.74,opendata.reseaux-energies.fr,false,""
2024-08-22T15:00:00.000000,France,France,FR,4.6,21.82,98.95,39.91,opendata.reseaux-energies.fr,false,""
2024-08-22T16:00:00.000000,France,France,FR,4.34,19.8,99.03,33.67,opendata.reseaux-energies.fr,false,""
2024-08-22T17:00:00.000000,France,France,FR,4.05,17.78,99.12,28.36,opendata.reseaux-energies.fr,false,""
2024-08-22T18:00:00.000000,France,France,FR,4.55,17.55,98.99,25.42,opendata.reseaux-energies.fr,false,""
2024-08-22T19:00:00.000000,France,France,FR,4.65,17.57,98.96,25.15,opendata.reseaux-energies.fr,false,""
2024-08-22T20:00:00.000000,France,France,FR,4.53,17.63,98.99,25.52,opendata.reseaux-energies.fr,false,""
2024-08-22T21:00:00.000000,France,France,FR,4.46,17.69,99.01,26.61,opendata.reseaux-energies.fr,false,""
2024-08-22T22:00:00.000000,France,France,FR,4.68,18.16,98.96,27.17,opendata.reseaux-energies.fr,false,""
2024-08-22T23:00:00.000000,France,France,FR,4.55,18.09,98.98,27.68,opendata.reseaux-energies.fr,false,""
2024-08-23T00:00:00.000000,France,France,FR,4.63,18.36,98.97,28.71,opendata.reseaux-energies.fr,false,""
2024-08-23T01:00:00.000000,France,France,FR,4.64,18.76,98.97,30.48,opendata.reseaux-energies.fr,false,""
2024-08-23T02:00:00.000000,France,France,FR,4.92,19.25,98.9,30.34,opendata.reseaux-energies.fr,false,""
2024-08-23T03:00:00.000000,France,France,FR,4.99,19.19,98.88,30.57,opendata.reseaux-energies.fr,false,""
2024-08-23T04:00:00.000000,France,France,FR,4.81,18.88,98.92,31.04,opendata.reseaux-energies.fr,false,""
2024-08-23T05:00:00.000000,France,France,FR,4.72,18.8,98.94,32.26,opendata.reseaux-energies.fr,false,""
2024-08-23T06:00:00.000000,France,France,FR,4.48,18.76,98.99,34.02,opendata.reseaux-energies.fr,false,""
2024-08-23T07:00:00.000000,France,France,FR,4.44,19.55,98.99,37.02,opendata.reseaux-energies.fr,false,""
2024-08-23T08:00:00.000000,France,France,FR,5.04,21.43,98.82,40.77,opendata.reseaux-energies.fr,false,""
2024-08-23T09:00:00.000000,France,France,FR,5.65,23.2,98.67,43.4,opendata.reseaux-energies.fr,false,""
2024-08-23T10:00:00.000000,France,France,FR,9.35,28.35,98.05,41.29,opendata.reseaux-energies.fr,false,""
2024-08-23T11:00:00.000000,France,France,FR,9.87,29.49,97.96,41.76,opendata.reseaux-energies.fr,false,""
2024-08-23T12:00:00.000000,France,France,FR,9.13,28.44,98.06,40.38,opendata.reseaux-energies.fr,false,""
2024-08-23T13:00:00.000000,France,France,FR,8.35,27.23,98.17,38.85,opendata.reseaux-energies.fr,false,""
2024-08-23T14:00:00.000000,France,France,FR,6.22,24.21,98.54,39.02,opendata.reseaux-energies.fr,false,""
2024-08-23T15:00:00.000000,France,France,FR,5.72,22.86,98.66,38.28,opendata.reseaux-energies.fr,false,""
2024-08-23T16:00:00.000000,France,France,FR,5.54,21.28,98.7,32.31,opendata.reseaux-energies.fr,false,""
2024-08-23T17:00:00.000000,France,France,FR,5.46,19.67,98.72,27.77,opendata.reseaux-energies.fr,false,""
2024-08-23T18:00:00.000000,France,France,FR,6.88,20.8,98.34,24.52,opendata.reseaux-energies.fr,false,""
2024-08-23T19:00:00.000000,France,France,FR,7.6,21.54,98.14,22.41,opendata.reseaux-energies.fr,false,""
2024-08-23T20:00:00.000000,France,France,FR,7.67,21.7,98.12,21.29,opendata.reseaux-energies.fr,false,""
2024-08-23T21:00:00.000000,France,France,FR,7.52,21.6,98.17,20.87,opendata.reseaux-energies.fr,false,""
2024-08-23T22:00:00.000000,France,France,FR,7.62,21.72,98.14,20.82,opendata.reseaux-energies.fr,false,""
2024-08-23T23:00:00.000000,France,France,FR,7.21,21.36,98.25,21.09,opendata.reseaux-energies.fr,false,""
2024-08-24T00:00:00.000000,France,France,FR,4.77,18.33,98.93,22.09,opendata.reseaux-energies.fr,false,""
2024-08-24T01:00:00.000000,France,France,FR,4.75,18.66,98.93,23.29,opendata.reseaux-energies.fr,false,""
2024-08-24T02:00:00.000000,France,France,FR,4.88,18.92,98.89,24.75,opendata.reseaux-energies.fr,false,""
2024-08-24T03:00:00.000000,France,France,FR,4.9,18.84,98.89,24.12,opendata.reseaux-energies.fr,false,""
2024-08-24T04:00:00.000000,France,France,FR,4.82,18.7,98.91,24.55,opendata.reseaux-energies.fr,false,""
2024-08-24T05:00:00.000000,France,France,FR,4.86,18.82,98.89,26.85,opendata.reseaux-energies.fr,false,""
2024-08-24T06:00:00.000000,France,France,FR,4.53,18.96,98.98,30.05,opendata.reseaux-energies.fr,false,""
2024-08-24T07:00:00.000000,France,France,FR,4.34,19.84,99.02,33.96,opendata.reseaux-energies.fr,false,""
2024-08-24T08:00:00.000000,France,France,FR,4.46,21.43,98.99,39.55,opendata.reseaux-energies.fr,false,""
2024-08-24T09:00:00.000000,France,France,FR,7.47,26.61,98.46,42.55,opendata.reseaux-energies.fr,false,""
2024-08-24T10:00:00.000000,France,France,FR,8.46,28.81,98.37,45.06,opendata.reseaux-energies.fr,false,""
2024-08-24T11:00:00.000000,France,France,FR,7.88,28.1,98.44,45.79,opendata.reseaux-energies.fr,false,""
2024-08-24T12:00:00.000000,France,France,FR,7.56,27.47,98.44,45.1,opendata.reseaux-energies.fr,false,""
2024-08-24T13:00:00.000000,France,France,FR,9.17,29.19,98.19,44.31,opendata.reseaux-energies.fr,false,""
2024-08-24T14:00:00.000000,France,France,FR,8.89,27.97,98.17,40.91,opendata.reseaux-energies.fr,false,""
2024-08-24T15:00:00.000000,France,France,FR,4.78,21.44,98.92,40.18,opendata.reseaux-energies.fr,false,""
2024-08-24T16:00:00.000000,France,France,FR,4.49,19.78,98.98,38.39,opendata.reseaux-energies.fr,false,""
2024-08-24T17:00:00.000000,France,France,FR,4.38,18.4,99.02,35.4,opendata.reseaux-energies.fr,false,""
2024-08-24T18:00:00.000000,France,France,FR,4.61,18.39,98.96,32.89,opendata.reseaux-energies.fr,false,""
2024-08-24T19:00:00.000000,France,France,FR,4.7,18.46,98.93,32.08,opendata.reseaux-energies.fr,false,""
2024-08-24T20:00:00.000000,France,France,FR,4.95,18.76,98.87,30.14,opendata.reseaux-energies.fr,false,""
2024-08-24T21:00:00.000000,France,France,FR,5.07,18.87,98.84,28.6,opendata.reseaux-energies.fr,false,""
2024-08-24T22:00:00.000000,France,France,FR,5.12,19.35,98.84,28.63,opendata.reseaux-energies.fr,false,""
2024-08-24T23:00:00.000000,France,France,FR,6.72,22.42,98.44,30.13,opendata.reseaux-energies.fr,false,""
2024-08-25T00:00:00.000000,France,France,FR,7.03,22.93,98.35,29.43,opendata.reseaux-energies.fr,false,""
2024-08-25T01:00:00.000000,France,France,FR,9.29,26.09,97.75,29.12,opendata.reseaux-energies.fr,false,""
2024-08-25T02:00:00.000000,France,France,FR,9.88,26.67,97.59,26.26,opendata.reseaux-energies.fr,false,""
2024-08-25T03:00:00.000000,France,France,FR,10.73,27.96,97.37,25.19,opendata.reseaux-energies.fr,false,""
2024-08-25T04:00:00.000000,France,France,FR,11.35,28.77,97.22,24.57,opendata.reseaux-energies.fr,false,""
2024-08-25T05:00:00.000000,France,France,FR,8.21,24.71,98.1,24.55,opendata.reseaux-energies.fr,false,""
2024-08-25T06:00:00.000000,France,France,FR,8.54,25.73,98.07,25.91,opendata.reseaux-energies.fr,false,""
2024-08-25T07:00:00.000000,France,France,FR,10.01,28.68,97.8,27.81,opendata.reseaux-energies.fr,false,""
2024-08-25T08:00:00.000000,France,France,FR,10.19,30.06,97.89,32.77,opendata.reseaux-energies.fr,false,""
2024-08-25T09:00:00.000000,France,France,FR,10.23,31.17,97.98,37.06,opendata.reseaux-energies.fr,false,""
2024-08-25T10:00:00.000000,France,France,FR,13.51,36.54,97.41,42.01,opendata.reseaux-energies.fr,false,""
2024-08-25T11:00:00.000000,France,France,FR,13.35,36.81,97.4,43.4,opendata.reseaux-energies.fr,false,""
2024-08-25T12:00:00.000000,France,France,FR,11.48,34.26,97.69,42.23,opendata.reseaux-energies.fr,false,""
2024-08-25T13:00:00.000000,France,France,FR,7.97,29.28,98.36,40.65,opendata.reseaux-energies.fr,false,""
2024-08-25T14:00:00.000000,France,France,FR,6.53,26.52,98.58,37.78,opendata.reseaux-energies.fr,false,""
2024-08-25T15:00:00.000000,France,France,FR,6.13,25.33,98.6,37.09,opendata.reseaux-energies.fr,false,""
2024-08-25T16:00:00.000000,France,France,FR,6.01,23.66,98.62,33.24,opendata.reseaux-energies.fr,false,""
2024-08-25T17:00:00.000000,France,France,FR,5.25,20.44,98.82,26.45,opendata.reseaux-energies.fr,false,""
2024-08-25T18:00:00.000000,France,France,FR,10.14,25.45,97.78,22.34,opendata.reseaux-energies.fr,false,""
2024-08-25T19:00:00.000000,France,France,FR,9.48,24.33,97.85,21.19,opendata.reseaux-energies.fr,false,""
2024-08-25T20:00:00.000000,France,France,FR,7.09,21.34,98.36,21.85,opendata.reseaux-energies.fr,false,""
2024-08-25T21:00:00.000000,France,France,FR,7.05,21.29,98.36,21.18,opendata.reseaux-energies.fr,false,""
2024-08-25T22:00:00.000000,France,France,FR,6.69,20.94,98.46,19.8,opendata.reseaux-energies.fr,false,""
2024-08-25T23:00:00.000000,France,France,FR,6.35,20.69,98.54,18.83,opendata.reseaux-energies.fr,false,""
2024-08-26T00:00:00.000000,France,France,FR,7.66,22.53,98.21,18.86,opendata.reseaux-energies.fr,false,""
2024-08-26T01:00:00.000000,France,France,FR,7.69,22.7,98.2,18.39,opendata.reseaux-energies.fr,false,""
2024-08-26T02:00:00.000000,France,France,FR,6.76,21.49,98.44,18.27,opendata.reseaux-energies.fr,false,""
2024-08-26T03:00:00.000000,France,France,FR,6.85,21.63,98.42,18.7,opendata.reseaux-energies.fr,false,""
2024-08-26T04:00:00.000000,France,France,FR,7.04,21.68,98.36,19.18,opendata.reseaux-energies.fr,false,""
2024-08-26T05:00:00.000000,France,France,FR,6.15,20.26,98.6,19.37,opendata.reseaux-energies.fr,false,""
2024-08-26T06:00:00.000000,France,France,FR,4.98,18.87,98.89,21.0,opendata.reseaux-energies.fr,false,""
2024-08-26T07:00:00.000000,France,France,FR,4.69,19.6,98.95,25.87,opendata.reseaux-energies.fr,false,""
2024-08-26T08:00:00.000000,France,France,FR,4.36,20.55,99.01,29.93,opendata.reseaux-energies.fr,false,""
2024-08-26T09:00:00.000000,France,France,FR,4.38,21.61,99.02,33.24,opendata.reseaux-energies.fr,false,""
2024-08-26T10:00:00.000000,France,France,FR,4.58,22.5,98.97,36.06,opendata.reseaux-energies.fr,false,""
2024-08-26T11:00:00.000000,France,France,FR,4.82,23.22,98.92,37.59,opendata.reseaux-energies.fr,false,""
2024-08-26T12:00:00.000000,France,France,FR,4.6,22.82,98.97,37.15,opendata.reseaux-energies.fr,false,""
2024-08-26T13:00:00.000000,France,France,FR,4.13,21.94,99.07,36.78,opendata.reseaux-energies.fr,false,""
2024-08-26T14:00:00.000000,France,France,FR,5.93,23.78,98.56,34.81,opendata.reseaux-energies.fr,false,""
2024-08-26T15:00:00.000000,France,France,FR,7.45,24.8,98.15,31.31,opendata.reseaux-energies.fr,false,""
2024-08-26T16:00:00.000000,France,France,FR,9.78,26.52,97.53,26.46,opendata.reseaux-energies.fr,false,""
2024-08-26T17:00:00.000000,France,France,FR,15.88,33.07,95.86,22.38,opendata.reseaux-energies.fr,false,""
2024-08-26T18:00:00.000000,France,France,FR,17.93,34.77,95.31,19.42,opendata.reseaux-energies.fr,false,""
2024-08-26T19:00:00.000000,France,France,FR,17.96,34.74,95.3,18.91,opendata.reseaux-energies.fr,false,""
2024-08-26T20:00:00.000000,France,France,FR,16.71,33.0,95.65,17.92,opendata.reseaux-energies.fr,false,""
2024-08-26T21:00:00.000000,France,France,FR,16.58,32.91,95.69,18.19,opendata.reseaux-energies.fr,false,""
2024-08-26T22:00:00.000000,France,France,FR,12.13,27.24,96.93,17.49,opendata.reseaux-energies.fr,false,""
2024-08-26T23:00:00.000000,France,France,FR,5.64,18.9,98.72,16.52,opendata.reseaux-energies.fr,false,""
2024-08-27T00:00:00.000000,France,France,FR,5.3,18.55,98.82,15.84,opendata.reseaux-energies.fr,false,""
2024-08-27T01:00:00.000000,France,France,FR,6.19,19.93,98.58,16.53,opendata.reseaux-energies.fr,false,""
2024-08-27T02:00:00.000000,France,France,FR,6.15,19.99,98.59,17.3,opendata.reseaux-energies.fr,false,""
2024-08-27T03:00:00.000000,France,France,FR,6.73,20.89,98.43,18.4,opendata.reseaux-energies.fr,false,""
2024-08-27T04:00:00.000000,France,France,FR,7.3,21.59,98.27,19.15,opendata.reseaux-energies.fr,false,""
2024-08-27T05:00:00.000000,France,France,FR,7.57,21.9,98.2,20.15,opendata.reseaux-energies.fr,false,""
2024-08-27T06:00:00.000000,France,France,FR,6.46,20.61,98.5,22.01,opendata.reseaux-energies.fr,false,""
2024-08-27T07:00:00.000000,France,France,FR,5.21,19.97,98.82,25.51,opendata.reseaux-energies.fr,false,""
2024-08-27T08:00:00.000000,France,France,FR,4.87,20.78,98.89,28.44,opendata.reseaux-energies.fr,false,""
2024-08-27T09:00:00.000000,France,France,FR,5.21,22.43,98.81,32.47,opendata.reseaux-energies.fr,false,""
2024-08-27T10:00:00.000000,France,France,FR,6.29,25.28,98.61,37.76,opendata.reseaux-energies.fr,false,""
2024-08-27T11:00:00.000000,France,France,FR,6.23,25.69,98.65,39.64,opendata.reseaux-energies.fr,false,""
2024-08-27T12:00:00.000000,France,France,FR,6.03,25.41,98.69,39.36,opendata.reseaux-energies.fr,false,""
2024-08-27T13:00:00.000000,France,France,FR,5.4,24.06,98.8,37.79,opendata.reseaux-energies.fr,false,""
2024-08-27T14:00:00.000000,France,France,FR,5.48,23.05,98.72,34.36,opendata.reseaux-energies.fr,false,""
2024-08-27T15:00:00.000000,France,France,FR,8.33,25.68,97.93,30.0,opendata.reseaux-energies.fr,false,""
2024-08-27T16:00:00.000000,France,France,FR,12.91,30.45,96.67,26.23,opendata.reseaux-energies.fr,false,""
2024-08-27T17:00:00.000000,France,France,FR,19.47,37.66,94.89,22.99,opendata.reseaux-energies.fr,false,""
2024-08-27T18:00:00.000000,France,France,FR,22.33,40.58,94.1,20.67,opendata.reseaux-energies.fr,false,""
2024-08-27T19:00:00.000000,France,France,FR,21.77,39.81,94.26,20.36,opendata.reseaux-energies.fr,false,""
2024-08-27T20:00:00.000000,France,France,FR,20.93,38.74,94.49,19.04,opendata.reseaux-energies.fr,false,""
2024-08-27T21:00:00.000000,France,France,FR,18.72,35.87,95.1,18.41,opendata.reseaux-energies.fr,false,""
2024-08-27T22:00:00.000000,France,France,FR,16.03,32.34,95.84,17.14,opendata.reseaux-energies.fr,false,""
2024-08-27T23:00:00.000000,France,France,FR,14.0,29.67,96.41,15.71,opendata.reseaux-energies.fr,false,""
2024-08-28T00:00:00.000000,France,France,FR,10.37,24.95,97.41,15.1,opendata.reseaux-energies.fr,false,""
2024-08-28T01:00:00.000000,France,France,FR,9.73,24.13,97.59,14.82,opendata.reseaux-energies.fr,false,""
2024-08-28T02:00:00.000000,France,France,FR,9.44,23.77,97.67,14.67,opendata.reseaux-energies.fr,false,""
2024-08-28T03:00:00.000000,France,France,FR,9.59,23.93,97.62,14.92,opendata.reseaux-energies.fr,false,""
2024-08-28T04:00:00.000000,France,France,FR,16.26,32.52,95.78,15.7,opendata.reseaux-energies.fr,false,""
2024-08-28T05:00:00.000000,France,France,FR,18.38,35.26,95.19,18.22,opendata.reseaux-energies.fr,false,""
2024-08-28T06:00:00.000000,France,France,FR,18.13,35.44,95.25,21.39,opendata.reseaux-energies.fr,false,""
2024-08-28T07:00:00.000000,France,France,FR,17.17,35.21,95.5,24.4,opendata.reseaux-energies.fr,false,""
2024-08-28T08:00:00.000000,France,France,FR,14.67,33.23,96.18,27.01,opendata.reseaux-energies.fr,false,""
2024-08-28T09:00:00.000000,France,France,FR,9.35,27.39,97.68,30.79,opendata.reseaux-energies.fr,false,""
2024-08-28T10:00:00.000000,France,France,FR,8.42,26.99,97.95,34.56,opendata.reseaux-energies.fr,false,""
2024-08-28T11:00:00.000000,France,France,FR,7.89,26.81,98.11,37.32,opendata.reseaux-energies.fr,false,""
2024-08-28T12:00:00.000000,France,France,FR,8.16,27.28,98.02,37.89,opendata.reseaux-energies.fr,false,""
2024-08-28T13:00:00.000000,France,France,FR,8.53,27.39,97.91,38.09,opendata.reseaux-energies.fr,false,""
2024-08-28T14:00:00.000000,France,France,FR,7.74,25.56,98.09,35.07,opendata.reseaux-energies.fr,false,""
2024-08-28T15:00:00.000000,France,France,FR,8.28,25.45,97.94,32.09,opendata.reseaux-energies.fr,false,""
2024-08-28T16:00:00.000000,France,France,FR,14.47,32.19,96.26,27.97,opendata.reseaux-energies.fr,false,""
2024-08-28T17:00:00.000000,France,France,FR,21.36,40.01,94.37,24.86,opendata.reseaux-energies.fr,false,""
2024-08-28T18:00:00.000000,France,France,FR,35.56,57.53,92.32,20.75,opendata.reseaux-energies.fr,false,""
2024-08-28T19:00:00.000000,France,France,FR,34.33,55.82,92.4,19.02,opendata.reseaux-energies.fr,false,""
2024-08-28T20:00:00.000000,France,France,FR,31.75,52.51,92.78,17.93,opendata.reseaux-energies.fr,false,""
2024-08-28T21:00:00.000000,France,France,FR,31.64,52.42,92.75,17.27,opendata.reseaux-energies.fr,false,""
2024-08-28T22:00:00.000000,France,France,FR,17.98,34.83,95.31,16.86,opendata.reseaux-energies.fr,false,""
2024-08-28T23:00:00.000000,France,France,FR,15.13,31.23,96.1,15.78,opendata.reseaux-energies.fr,false,""
2024-08-29T00:00:00.000000,France,France,FR,14.65,30.63,96.23,15.84,opendata.reseaux-energies.fr,false,""
2024-08-29T01:00:00.000000,France,France,FR,12.93,28.5,96.7,15.51,opendata.reseaux-energies.fr,false,""
2024-08-29T02:00:00.000000,France,France,FR,11.61,26.74,97.07,14.5,opendata.reseaux-energies.fr,false,""
2024-08-29T03:00:00.000000,France,France,FR,12.5,27.84,96.82,14.55,opendata.reseaux-energies.fr,false,""
2024-08-29T04:00:00.000000,France,France,FR,20.59,38.28,94.59,14.76,opendata.reseaux-energies.fr,false,""
2024-08-29T05:00:00.000000,France,France,FR,23.47,41.96,93.79,16.36,opendata.reseaux-energies.fr,false,""
2024-08-29T06:00:00.000000,France,France,FR,22.91,41.57,93.94,19.63,opendata.reseaux-energies.fr,false,""
2024-08-29T07:00:00.000000,France,France,FR,22.02,41.3,94.18,21.81,opendata.reseaux-energies.fr,false,""
2024-08-29T08:00:00.000000,France,France,FR,17.47,36.43,95.49,24.9,opendata.reseaux-energies.fr,false,""
2024-08-29T09:00:00.000000,France,France,FR,11.62,29.68,97.18,27.59,opendata.reseaux-energies.fr,false,""
2024-08-29T10:00:00.000000,France,France,FR,9.67,27.71,97.76,30.37,opendata.reseaux-energies.fr,false,""
2024-08-29T11:00:00.000000,France,France,FR,9.0,26.89,97.88,30.93,opendata.reseaux-energies.fr,false,""
2024-08-29T12:00:00.000000,France,France,FR,9.26,27.16,97.82,29.91,opendata.reseaux-energies.fr,false,""
2024-08-29T13:00:00.000000,France,France,FR,11.34,29.63,97.24,28.49,opendata.reseaux-energies.fr,false,""
2024-08-29T14:00:00.000000,France,France,FR,10.11,27.66,97.45,26.35,opendata.reseaux-energies.fr,false,""
2024-08-29T15:00:00.000000,France,France,FR,13.28,31.21,96.57,24.76,opendata.reseaux-energies.fr,false,""
2024-08-29T16:00:00.000000,France,France,FR,20.68,39.97,94.54,22.05,opendata.reseaux-energies.fr,false,""
2024-08-29T17:00:00.000000,France,France,FR,25.4,45.19,93.35,21.81,opendata.reseaux-energies.fr,false,""
2024-08-29T18:00:00.000000,France,France,FR,24.7,43.65,93.46,20.67,opendata.reseaux-energies.fr,false,""
2024-08-29T19:00:00.000000,France,France,FR,24.47,43.33,93.5,20.47,opendata.reseaux-energies.fr,false,""
2024-08-29T20:00:00.000000,France,France,FR,25.77,45.03,93.15,18.71,opendata.reseaux-energies.fr,false,""
2024-08-29T21:00:00.000000,France,France,FR,25.82,45.09,93.14,18.23,opendata.reseaux-energies.fr,false,""
2024-08-29T22:00:00.000000,France,France,FR,24.2,43.02,93.59,16.82,opendata.reseaux-energies.fr,false,""
2024-08-29T23:00:00.000000,France,France,FR,17.07,33.81,95.56,16.15,opendata.reseaux-energies.fr,false,""
2024-08-30T00:00:00.000000,France,France,FR,12.13,27.5,96.94,16.18,opendata.reseaux-energies.fr,false,""
2024-08-30T01:00:00.000000,France,France,FR,11.97,27.31,96.98,15.54,opendata.reseaux-energies.fr,false,""
2024-08-30T02:00:00.000000,France,France,FR,12.36,27.8,96.87,15.04,opendata.reseaux-energies.fr,false,""
2024-08-30T03:00:00.000000,France,France,FR,12.14,27.44,96.93,16.1,opendata.reseaux-energies.fr,false,""
2024-08-30T04:00:00.000000,France,France,FR,13.52,29.22,96.55,17.24,opendata.reseaux-energies.fr,false,""
2024-08-30T05:00:00.000000,France,France,FR,23.93,42.64,93.67,17.74,opendata.reseaux-energies.fr,false,""
2024-08-30T06:00:00.000000,France,France,FR,24.76,44.1,93.43,20.78,opendata.reseaux-energies.fr,false,""
2024-08-30T07:00:00.000000,France,France,FR,23.62,43.41,93.75,23.53,opendata.reseaux-energies.fr,false,""
2024-08-30T08:00:00.000000,France,France,FR,22.38,42.6,94.09,25.93,opendata.reseaux-energies.fr,false,""
2024-08-30T09:00:00.000000,France,France,FR,16.8,36.31,95.62,29.1,opendata.reseaux-energies.fr,false,""
2024-08-30T10:00:00.000000,France,France,FR,9.86,28.02,97.55,32.22,opendata.reseaux-energies.fr,false,""
2024-08-30T11:00:00.000000,France,France,FR,9.58,27.89,97.61,32.83,opendata.reseaux-energies.fr,false,""
2024-08-30T12:00:00.000000,France,France,FR,9.17,27.24,97.72,32.74,opendata.reseaux-energies.fr,false,""
2024-08-30T13:00:00.000000,France,France,FR,9.16,27.07,97.71,33.19,opendata.reseaux-energies.fr,false,""
2024-08-30T14:00:00.000000,France,France,FR,10.21,28.01,97.41,31.85,opendata.reseaux-energies.fr,false,""
2024-08-30T15:00:00.000000,France,France,FR,13.69,31.79,96.46,30.44,opendata.reseaux-energies.fr,false,""
2024-08-30T16:00:00.000000,France,France,FR,17.4,35.67,95.44,27.5,opendata.reseaux-energies.fr,false,""
2024-08-30T17:00:00.000000,France,France,FR,19.89,38.04,94.76,25.25,opendata.reseaux-energies.fr,false,""
2024-08-30T18:00:00.000000,France,France,FR,20.96,38.91,94.47,23.62,opendata.reseaux-energies.fr,false,""
2024-08-30T19:00:00.000000,France,France,FR,21.4,39.43,94.35,22.97,opendata.reseaux-energies.fr,false,""
2024-08-30T20:00:00.000000,France,France,FR,19.91,37.68,94.77,23.43,opendata.reseaux-energies.fr,false,""
2024-08-30T21:00:00.000000,France,France,FR,19.01,36.49,95.02,22.86,opendata.reseaux-energies.fr,false,""
2024-08-30T22:00:00.000000,France,France,FR,17.89,35.03,95.34,22.39,opendata.reseaux-energies.fr,false,""
2024-08-30T23:00:00.000000,France,France,FR,10.44,25.44,97.4,21.73,opendata.reseaux-energies.fr,false,""
2024-08-31T00:00:00.000000,France,France,FR,6.81,20.86,98.4,21.12,opendata.reseaux-energies.fr,false,""
2024-08-31T01:00:00.000000,France,France,FR,6.83,20.97,98.4,20.11,opendata.reseaux-energies.fr,false,""
2024-08-31T02:00:00.000000,France,France,FR,6.81,20.96,98.41,19.27,opendata.reseaux-energies.fr,false,""
2024-08-31T03:00:00.000000,France,France,FR,6.78,20.94,98.41,19.25,opendata.reseaux-energies.fr,false,""
2024-08-31T04:00:00.000000,France,France,FR,6.72,20.79,98.43,19.57,opendata.reseaux-energies.fr,false,""
2024-08-31T05:00:00.000000,France,France,FR,6.65,20.74,98.45,19.98,opendata.reseaux-energies.fr,false,""
2024-08-31T06:00:00.000000,France,France,FR,6.78,21.44,98.41,22.28,opendata.reseaux-energies.fr,false,""
2024-08-31T07:00:00.000000,France,France,FR,6.66,22.1,98.43,25.58,opendata.reseaux-energies.fr,false,""
2024-08-31T08:00:00.000000,France,France,FR,7.37,24.3,98.28,29.29,opendata.reseaux-energies.fr,false,""
2024-08-31T09:00:00.000000,France,France,FR,7.5,26.01,98.3,34.53,opendata.reseaux-energies.fr,false,""
2024-08-31T10:00:00.000000,France,France,FR,8.3,28.4,98.32,39.0,opendata.reseaux-energies.fr,false,""
2024-08-31T11:00:00.000000,France,France,FR,8.21,29.07,98.33,40.97,opendata.reseaux-energies.fr,false,""
2024-08-31T12:00:00.000000,France,France,FR,7.21,27.94,98.51,41.06,opendata.reseaux-energies.fr,false,""
2024-08-31T13:00:00.000000,France,France,FR,6.74,27.06,98.54,39.62,opendata.reseaux-energies.fr,false,""
2024-08-31T14:00:00.000000,France,France,FR,6.32,24.98,98.64,34.99,opendata.reseaux-energies.fr,false,""
2024-08-31T15:00:00.000000,France,France,FR,5.77,22.54,98.68,30.22,opendata.reseaux-energies.fr,false,""
2024-08-31T16:00:00.000000,France,France,FR,11.77,29.08,97.01,27.51,opendata.reseaux-energies.fr,false,""
2024-08-31T17:00:00.000000,France,France,FR,13.02,29.6,96.69,25.79,opendata.reseaux-energies.fr,false,""
2024-08-31T18:00:00.000000,France,France,FR,14.93,31.62,96.16,24.17,opendata.reseaux-energies.fr,false,""
2024-08-31T19:00:00.000000,France,France,FR,16.82,34.02,95.64,23.21,opendata.reseaux-energies.fr,false,""
2024-08-31T20:00:00.000000,France,France,FR,16.69,33.91,95.68,22.18,opendata.reseaux-energies.fr,false,""
2024-08-31T21:00:00.000000,France,France,FR,14.01,30.41,96.42,22.66,opendata.reseaux-energies.fr,false,""
2024-08-31T22:00:00.000000,France,France,FR,10.89,26.37,97.28,21.8,opendata.reseaux-energies.fr,false,""
2024-08-31T23:00:00.000000,France,France,FR,5.72,19.68,98.72,20.7,opendata.reseaux-energies.fr,false,""
2024-09-01T00:00:00.000000,France,France,FR,4.96,18.74,98.93,19.55,opendata.reseaux-energies.fr,false,""
2024-09-01T01:00:00.000000,France,France,FR,4.56,18.3,99.05,18.56,opendata.reseaux-energies.fr,false,""
2024-09-01T02:00:00.000000,France,France,FR,4.49,18.26,99.07,18.65,opendata.reseaux-energies.fr,false,""
2024-09-01T03:00:00.000000,France,France,FR,4.44,18.11,99.09,18.0,opendata.reseaux-energies.fr,false,""
2024-09-01T04:00:00.000000,France,France,FR,4.45,18.03,99.09,17.55,opendata.reseaux-energies.fr,false,""
2024-09-01T05:00:00.000000,France,France,FR,4.41,17.94,99.09,18.35,opendata.reseaux-energies.fr,false,""
2024-09-01T06:00:00.000000,France,France,FR,4.24,18.14,99.13,21.02,opendata.reseaux-energies.fr,false,""
2024-09-01T07:00:00.000000,France,France,FR,4.54,19.41,99.06,23.88,opendata.reseaux-energies.fr,false,""
2024-09-01T08:00:00.000000,France,France,FR,10.4,28.91,98.14,30.22,opendata.reseaux-energies.fr,false,""
2024-09-01T09:00:00.000000,France,France,FR,13.04,33.93,97.75,36.66,opendata.reseaux-energies.fr,false,""
2024-09-01T10:00:00.000000,France,France,FR,15.14,37.4,97.43,41.39,opendata.reseaux-energies.fr,false,""
2024-09-01T11:00:00.000000,France,France,FR,12.86,34.55,97.83,42.32,opendata.reseaux-energies.fr,false,""
2024-09-01T12:00:00.000000,France,France,FR,9.74,30.31,98.34,41.56,opendata.reseaux-energies.fr,false,""
2024-09-01T13:00:00.000000,France,France,FR,8.08,27.73,98.53,39.87,opendata.reseaux-energies.fr,false,""
2024-09-01T14:00:00.000000,France,France,FR,5.13,22.82,98.93,35.04,opendata.reseaux-energies.fr,false,""
2024-09-01T15:00:00.000000,France,France,FR,5.58,21.78,98.76,31.11,opendata.reseaux-energies.fr,false,""
2024-09-01T16:00:00.000000,France,France,FR,10.32,26.77,97.48,27.47,opendata.reseaux-energies.fr,false,""
2024-09-01T17:00:00.000000,France,France,FR,16.58,34.04,95.72,24.89,opendata.reseaux-energies.fr,false,""
2024-09-01T18:00:00.000000,France,France,FR,19.74,37.57,94.85,21.58,opendata.reseaux-energies.fr,false,""
2024-09-01T19:00:00.000000,France,France,FR,20.55,38.4,94.63,19.42,opendata.reseaux-energies.fr,false,""
2024-09-01T20:00:00.000000,France,France,FR,20.29,38.03,94.69,18.45,opendata.reseaux-energies.fr,false,""
2024-09-01T21:00:00.000000,France,France,FR,21.21,39.28,94.44,18.0,opendata.reseaux-energies.fr,false,""
2024-09-01T22:00:00.000000,France,France,FR,18.02,35.24,95.33,16.5,opendata.reseaux-energies.fr,false,""
2024-09-01T23:00:00.000000,France,France,FR,11.72,27.02,97.07,15.38,opendata.reseaux-energies.fr,false,""
2024-09-02T00:00:00.000000,France,France,FR,11.79,27.14,97.05,14.8,opendata.reseaux-energies.fr,false,""
2024-09-02T01:00:00.000000,France,France,FR,11.9,27.23,97.02,14.37,opendata.reseaux-energies.fr,false,""
2024-09-02T02:00:00.000000,France,France,FR,13.77,29.65,96.51,13.92,opendata.reseaux-energies.fr,false,""
2024-09-02T03:00:00.000000,France,France,FR,16.13,32.56,95.85,13.52,opendata.reseaux-energies.fr,false,""
2024-09-02T04:00:00.000000,France,France,FR,24.4,43.25,93.56,14.25,opendata.reseaux-energies.fr,false,""
2024-09-02T05:00:00.000000,France,France,FR,27.7,47.52,92.65,17.01,opendata.reseaux-energies.fr,false,""
2024-09-02T06:00:00.000000,France,France,FR,27.19,47.21,92.78,18.93,opendata.reseaux-energies.fr,false,""
2024-09-02T07:00:00.000000,France,France,FR,26.31,46.87,93.02,21.95,opendata.reseaux-energies.fr,false,""
2024-09-02T08:00:00.000000,France,France,FR,21.78,42.0,94.26,25.37,opendata.reseaux-energies.fr,false,""
2024-09-02T09:00:00.000000,France,France,FR,13.97,32.8,96.43,29.42,opendata.reseaux-energies.fr,false,""
2024-09-02T10:00:00.000000,France,France,FR,10.41,28.89,97.43,31.69,opendata.reseaux-energies.fr,false,""
2024-09-02T11:00:00.000000,France,France,FR,10.06,28.44,97.48,31.94,opendata.reseaux-energies.fr,false,""
2024-09-02T12:00:00.000000,France,France,FR,9.58,27.69,97.61,31.32,opendata.reseaux-energies.fr,false,""
2024-09-02T13:00:00.000000,France,France,FR,10.41,28.48,97.38,30.53,opendata.reseaux-energies.fr,false,""
2024-09-02T14:00:00.000000,France,France,FR,11.26,29.15,97.14,29.02,opendata.reseaux-energies.fr,false,""
2024-09-02T15:00:00.000000,France,France,FR,17.12,35.96,95.56,25.85,opendata.reseaux-energies.fr,false,""
2024-09-02T16:00:00.000000,France,France,FR,25.45,45.81,93.38,22.8,opendata.reseaux-energies.fr,false,""
2024-09-02T17:00:00.000000,France,France,FR,32.08,53.27,92.16,21.0,opendata.reseaux-energies.fr,false,""
2024-09-02T18:00:00.000000,France,France,FR,36.18,57.98,91.5,17.86,opendata.reseaux-energies.fr,false,""
2024-09-02T19:00:00.000000,France,France,FR,35.68,57.45,91.59,16.45,opendata.reseaux-energies.fr,false,""
2024-09-02T20:00:00.000000,France,France,FR,32.37,53.27,92.1,14.95,opendata.reseaux-energies.fr,false,""
2024-09-02T21:00:00.000000,France,France,FR,31.8,52.54,92.22,14.52,opendata.reseaux-energies.fr,false,""
2024-09-02T22:00:00.000000,France,France,FR,23.41,41.8,93.83,14.26,opendata.reseaux-energies.fr,false,""
2024-09-02T23:00:00.000000,France,France,FR,16.79,33.26,95.64,13.3,opendata.reseaux-energies.fr,false,""
2024-09-03T00:00:00.000000,France,France,FR,12.26,27.29,96.89,12.78,opendata.reseaux-energies.fr,false,""
2024-09-03T01:00:00.000000,France,France,FR,11.88,26.82,97.0,12.97,opendata.reseaux-energies.fr,false,""
2024-09-03T02:00:00.000000,France,France,FR,11.52,26.37,97.11,12.61,opendata.reseaux-energies.fr,false,""
2024-09-03T03:00:00.000000,France,France,FR,14.13,29.68,96.39,12.63,opendata.reseaux-energies.fr,false,""
2024-09-03T04:00:00.000000,France,France,FR,21.49,39.19,94.36,13.01,opendata.reseaux-energies.fr,false,""
2024-09-03T05:00:00.000000,France,France,FR,26.7,45.94,92.92,15.13,opendata.reseaux-energies.fr,false,""
2024-09-03T06:00:00.000000,France,France,FR,26.91,46.34,92.9,17.9,opendata.reseaux-energies.fr,false,""
2024-09-03T07:00:00.000000,France,France,FR,26.88,46.89,92.93,19.8,opendata.reseaux-energies.fr,false,""
2024-09-03T08:00:00.000000,France,France,FR,22.44,42.08,94.13,21.72,opendata.reseaux-energies.fr,false,""
2024-09-03T09:00:00.000000,France,France,FR,13.8,31.46,96.54,24.56,opendata.reseaux-energies.fr,false,""
2024-09-03T10:00:00.000000,France,France,FR,12.64,30.45,96.83,26.88,opendata.reseaux-energies.fr,false,""
2024-09-03T11:00:00.000000,France,France,FR,11.55,29.19,97.1,27.38,opendata.reseaux-energies.fr,false,""
2024-09-03T12:00:00.000000,France,France,FR,10.86,28.24,97.3,27.41,opendata.reseaux-energies.fr,false,""
2024-09-03T13:00:00.000000,France,France,FR,11.44,28.59,97.17,26.62,opendata.reseaux-energies.fr,false,""
2024-09-03T14:00:00.000000,France,France,FR,12.59,29.57,96.85,25.93,opendata.reseaux-energies.fr,false,""
2024-09-03T15:00:00.000000,France,France,FR,14.78,32.12,96.28,24.92,opendata.reseaux-energies.fr,false,""
2024-09-03T16:00:00.000000,France,France,FR,25.05,44.84,93.46,21.96,opendata.reseaux-energies.fr,false,""
2024-09-03T17:00:00.000000,France,France,FR,27.13,46.84,92.9,21.59,opendata.reseaux-energies.fr,false,""
2024-09-03T18:00:00.000000,France,France,FR,28.77,48.35,92.62,20.1,opendata.reseaux-energies.fr,false,""
2024-09-03T19:00:00.000000,France,France,FR,28.58,47.92,92.75,18.76,opendata.reseaux-energies.fr,false,""
2024-09-03T20:00:00.000000,France,France,FR,29.79,49.35,92.58,17.47,opendata.reseaux-energies.fr,false,""
2024-09-03T21:00:00.000000,France,France,FR,30.97,50.62,92.41,17.05,opendata.reseaux-energies.fr,false,""
2024-09-03T22:00:00.000000,France,France,FR,32.61,52.0,92.42,15.8,opendata.reseaux-energies.fr,false,""
2024-09-03T23:00:00.000000,France,France,FR,29.7,48.06,93.38,14.52,opendata.reseaux-energies.fr,false,""
2024-09-04T00:00:00.000000,France,France,FR,26.25,43.66,94.32,14.3,opendata.reseaux-energies.fr,false,""
2024-09-04T01:00:00.000000,France,France,FR,25.52,42.71,94.56,13.4,opendata.reseaux-energies.fr,false,""
2024-09-04T02:00:00.000000,France,France,FR,25.18,42.22,94.67,13.18,opendata.reseaux-energies.fr,false,""
2024-09-04T03:00:00.000000,France,France,FR,25.15,42.24,94.61,12.82,opendata.reseaux-energies.fr,false,""
2024-09-04T04:00:00.000000,France,France,FR,29.91,48.52,93.22,13.42,opendata.reseaux-energies.fr,false,""
2024-09-04T05:00:00.000000,France,France,FR,32.13,51.24,92.65,15.31,opendata.reseaux-energies.fr,false,""
2024-09-04T06:00:00.000000,France,France,FR,33.99,53.83,92.16,17.91,opendata.reseaux-energies.fr,false,""
2024-09-04T07:00:00.000000,France,France,FR,33.85,54.57,91.95,20.1,opendata.reseaux-energies.fr,false,""
2024-09-04T08:00:00.000000,France,France,FR,33.32,54.64,91.99,21.01,opendata.reseaux-energies.fr,false,""
2024-09-04T09:00:00.000000,France,France,FR,29.21,50.14,93.01,23.28,opendata.reseaux-energies.fr,false,""
2024-09-04T10:00:00.000000,France,France,FR,26.59,46.62,94.01,24.73,opendata.reseaux-energies.fr,false,""
2024-09-04T11:00:00.000000,France,France,FR,27.78,48.02,93.83,24.6,opendata.reseaux-energies.fr,false,""
2024-09-04T12:00:00.000000,France,France,FR,29.41,49.93,93.48,24.4,opendata.reseaux-energies.fr,false,""
2024-09-04T13:00:00.000000,France,France,FR,30.47,50.92,93.22,23.84,opendata.reseaux-energies.fr,false,""
2024-09-04T14:00:00.000000,France,France,FR,29.39,49.4,93.45,23.4,opendata.reseaux-energies.fr,false,""
2024-09-04T15:00:00.000000,France,France,FR,30.13,50.01,93.23,22.55,opendata.reseaux-energies.fr,false,""
2024-09-04T16:00:00.000000,France,France,FR,30.68,50.07,93.14,21.42,opendata.reseaux-energies.fr,false,""
2024-09-04T17:00:00.000000,France,France,FR,32.08,51.31,92.66,22.04,opendata.reseaux-energies.fr,false,""
2024-09-04T18:00:00.000000,France,France,FR,33.33,52.73,92.25,20.79,opendata.reseaux-energies.fr,false,""
2024-09-04T19:00:00.000000,France,France,FR,31.65,50.6,92.67,19.61,opendata.reseaux-energies.fr,false,""
2024-09-04T20:00:00.000000,France,France,FR,26.88,44.64,93.86,19.43,opendata.reseaux-energies.fr,false,""
2024-09-04T21:00:00.000000,France,France,FR,27.06,45.21,93.66,19.7,opendata.reseaux-energies.fr,false,""
2024-09-04T22:00:00.000000,France,France,FR,23.98,41.8,94.18,19.64,opendata.reseaux-energies.fr,false,""
2024-09-04T23:00:00.000000,France,France,FR,19.2,35.77,95.43,19.61,opendata.reseaux-energies.fr,false,""
2024-09-05T00:00:00.000000,France,France,FR,12.31,27.4,96.95,19.79,opendata.reseaux-energies.fr,false,""
2024-09-05T01:00:00.000000,France,France,FR,10.44,25.14,97.37,19.72,opendata.reseaux-energies.fr,false,""
2024-09-05T02:00:00.000000,France,France,FR,11.09,26.03,97.2,19.76,opendata.reseaux-energies.fr,false,""
2024-09-05T03:00:00.000000,France,France,FR,11.47,26.62,97.09,20.44,opendata.reseaux-energies.fr,false,""
2024-09-05T04:00:00.000000,France,France,FR,11.98,27.23,96.94,22.05,opendata.reseaux-energies.fr,false,""
2024-09-05T05:00:00.000000,France,France,FR,17.1,33.78,95.52,23.63,opendata.reseaux-energies.fr,false,""
2024-09-05T06:00:00.000000,France,France,FR,18.15,35.28,95.23,25.07,opendata.reseaux-energies.fr,false,""
2024-09-05T07:00:00.000000,France,France,FR,17.57,34.97,95.38,25.87,opendata.reseaux-energies.fr,false,""
2024-09-05T08:00:00.000000,France,France,FR,16.18,33.99,95.76,27.5,opendata.reseaux-energies.fr,false,""
2024-09-05T09:00:00.000000,France,France,FR,13.06,30.83,96.64,29.96,opendata.reseaux-energies.fr,false,""
2024-09-05T10:00:00.000000,France,France,FR,11.47,29.33,97.08,31.37,opendata.reseaux-energies.fr,false,""
2024-09-05T11:00:00.000000,France,France,FR,9.3,26.92,97.74,32.58,opendata.reseaux-energies.fr,false,""
2024-09-05T12:00:00.000000,France,France,FR,8.27,25.75,97.96,32.93,opendata.reseaux-energies.fr,false,""
2024-09-05T13:00:00.000000,France,France,FR,11.14,29.59,97.18,32.41,opendata.reseaux-energies.fr,false,""
2024-09-05T14:00:00.000000,France,France,FR,14.04,33.15,96.38,31.17,opendata.reseaux-energies.fr,false,""
2024-09-05T15:00:00.000000,France,France,FR,15.99,35.11,95.85,28.72,opendata.reseaux-energies.fr,false,""
2024-09-05T16:00:00.000000,France,France,FR,17.61,35.99,95.42,24.54,opendata.reseaux-energies.fr,false,""
2024-09-05T17:00:00.000000,France,France,FR,22.31,41.09,94.12,22.17,opendata.reseaux-energies.fr,false,""
2024-09-05T18:00:00.000000,France,France,FR,22.85,41.38,93.97,19.94,opendata.reseaux-energies.fr,false,""
2024-09-05T19:00:00.000000,France,France,FR,24.05,42.84,93.64,18.09,opendata.reseaux-energies.fr,false,""
2024-09-05T20:00:00.000000,France,France,FR,21.32,39.34,94.4,16.65,opendata.reseaux-energies.fr,false,""
2024-09-05T21:00:00.000000,France,France,FR,16.97,33.66,95.62,16.18,opendata.reseaux-energies.fr,false,""
2024-09-05T22:00:00.000000,France,France,FR,12.36,27.71,96.87,15.39,opendata.reseaux-energies.fr,false,""
2024-09-05T23:00:00.000000,France,France,FR,5.13,18.38,98.87,15.64,opendata.reseaux-energies.fr,false,""
2024-09-06T00:00:00.000000,France,France,FR,5.16,18.43,98.86,15.77,opendata.reseaux-energies.fr,false,""
2024-09-06T01:00:00.000000,France,France,FR,5.21,18.51,98.86,15.94,opendata.reseaux-energies.fr,false,""
2024-09-06T02:00:00.000000,France,France,FR,5.26,18.5,98.84,15.75,opendata.reseaux-energies.fr,false,""
2024-09-06T03:00:00.000000,France,France,FR,5.64,18.89,98.74,16.07,opendata.reseaux-energies.fr,false,""
2024-09-06T04:00:00.000000,France,France,FR,9.34,23.62,97.71,17.89,opendata.reseaux-energies.fr,false,""
2024-09-06T05:00:00.000000,France,France,FR,19.53,36.81,94.89,18.89,opendata.reseaux-energies.fr,false,""
2024-09-06T06:00:00.000000,France,France,FR,20.9,38.84,94.51,20.94,opendata.reseaux-energies.fr,false,""
2024-09-06T07:00:00.000000,France,France,FR,20.2,38.46,94.69,23.04,opendata.reseaux-energies.fr,false,""
2024-09-06T08:00:00.000000,France,France,FR,18.1,36.52,95.36,25.83,opendata.reseaux-energies.fr,false,""
2024-09-06T09:00:00.000000,France,France,FR,14.15,31.99,96.46,27.16,opendata.reseaux-energies.fr,false,""
2024-09-06T10:00:00.000000,France,France,FR,10.45,27.75,97.49,29.18,opendata.reseaux-energies.fr,false,""
2024-09-06T11:00:00.000000,France,France,FR,7.65,24.49,98.26,31.46,opendata.reseaux-energies.fr,false,""
2024-09-06T12:00:00.000000,France,France,FR,8.17,25.48,98.11,32.61,opendata.reseaux-energies.fr,false,""
2024-09-06T13:00:00.000000,France,France,FR,9.55,27.07,97.73,31.5,opendata.reseaux-energies.fr,false,""
2024-09-06T14:00:00.000000,France,France,FR,10.06,27.37,97.59,30.46,opendata.reseaux-energies.fr,false,""
2024-09-06T15:00:00.000000,France,France,FR,11.14,28.06,97.28,28.25,opendata.reseaux-energies.fr,false,""
2024-09-06T16:00:00.000000,France,France,FR,19.52,38.06,94.96,25.22,opendata.reseaux-energies.fr,false,""
2024-09-06T17:00:00.000000,France,France,FR,23.86,42.95,93.73,23.4,opendata.reseaux-energies.fr,false,""
2024-09-06T18:00:00.000000,France,France,FR,24.01,42.79,93.65,22.19,opendata.reseaux-energies.fr,false,""
2024-09-06T19:00:00.000000,France,France,FR,24.64,43.48,93.47,21.51,opendata.reseaux-energies.fr,false,""
2024-09-06T20:00:00.000000,France,France,FR,21.48,39.32,94.34,21.21,opendata.reseaux-energies.fr,false,""
2024-09-06T21:00:00.000000,France,France,FR,19.21,36.4,94.97,21.58,opendata.reseaux-energies.fr,false,""
2024-09-06T22:00:00.000000,France,France,FR,20.75,38.42,94.55,21.77,opendata.reseaux-energies.fr,false,""
2024-09-06T23:00:00.000000,France,France,FR,21.27,39.36,94.41,21.21,opendata.reseaux-energies.fr,false,""
2024-09-07T00:00:00.000000,France,France,FR,9.93,24.7,97.54,20.94,opendata.reseaux-energies.fr,false,""
2024-09-07T01:00:00.000000,France,France,FR,8.48,22.93,97.95,19.69,opendata.reseaux-energies.fr,false,""
2024-09-07T02:00:00.000000,France,France,FR,8.7,23.22,97.89,18.76,opendata.reseaux-energies.fr,false,""
2024-09-07T03:00:00.000000,France,France,FR,10.15,25.09,97.49,18.59,opendata.reseaux-energies.fr,false,""
2024-09-07T04:00:00.000000,France,France,FR,10.7,25.84,97.33,19.48,opendata.reseaux-energies.fr,false,""
2024-09-07T05:00:00.000000,France,France,FR,10.9,26.15,97.28,20.36,opendata.reseaux-energies.fr,false,""
2024-09-07T06:00:00.000000,France,France,FR,10.6,26.0,97.35,22.28,opendata.reseaux-energies.fr,false,""
2024-09-07T07:00:00.000000,France,France,FR,10.24,26.25,97.44,24.8,opendata.reseaux-energies.fr,false,""
2024-09-07T08:00:00.000000,France,France,FR,9.58,26.27,97.62,26.29,opendata.reseaux-energies.fr,false,""
2024-09-07T09:00:00.000000,France,France,FR,9.21,26.86,97.89,29.94,opendata.reseaux-energies.fr,false,""
2024-09-07T10:00:00.000000,France,France,FR,12.91,33.18,97.69,36.67,opendata.reseaux-energies.fr,false,""
2024-09-07T11:00:00.000000,France,France,FR,11.66,32.34,98.04,39.53,opendata.reseaux-energies.fr,false,""
2024-09-07T12:00:00.000000,France,France,FR,9.15,29.15,98.38,39.49,opendata.reseaux-energies.fr,false,""
2024-09-07T13:00:00.000000,France,France,FR,5.42,23.58,98.83,36.29,opendata.reseaux-energies.fr,false,""
2024-09-07T14:00:00.000000,France,France,FR,5.16,21.84,98.89,32.26,opendata.reseaux-energies.fr,false,""
2024-09-07T15:00:00.000000,France,France,FR,5.1,20.53,98.86,28.89,opendata.reseaux-energies.fr,false,""
2024-09-07T16:00:00.000000,France,France,FR,7.2,22.52,98.27,26.42,opendata.reseaux-energies.fr,false,""
2024-09-07T17:00:00.000000,France,France,FR,8.06,22.81,98.04,26.08,opendata.reseaux-energies.fr,false,""
2024-09-07T18:00:00.000000,France,France,FR,8.13,22.5,98.02,24.94,opendata.reseaux-energies.fr,false,""
2024-09-07T19:00:00.000000,France,France,FR,8.34,22.52,97.96,22.9,opendata.reseaux-energies.fr,false,""
2024-09-07T20:00:00.000000,France,France,FR,7.96,21.94,98.07,22.52,opendata.reseaux-energies.fr,false,""
2024-09-07T21:00:00.000000,France,France,FR,7.69,21.6,98.14,22.92,opendata.reseaux-energies.fr,false,""
2024-09-07T22:00:00.000000,France,France,FR,7.54,21.45,98.18,23.25,opendata.reseaux-energies.fr,false,""
2024-09-07T23:00:00.000000,France,France,FR,6.6,20.41,98.44,22.73,opendata.reseaux-energies.fr,false,""
2024-09-08T00:00:00.000000,France,France,FR,7.11,21.1,98.3,23.43,opendata.reseaux-energies.fr,false,""
2024-09-08T01:00:00.000000,France,France,FR,5.61,19.2,98.73,23.34,opendata.reseaux-energies.fr,false,""
2024-09-08T02:00:00.000000,France,France,FR,5.07,18.59,98.88,23.38,opendata.reseaux-energies.fr,false,""
2024-09-08T03:00:00.000000,France,France,FR,5.2,18.9,98.85,23.29,opendata.reseaux-energies.fr,false,""
2024-09-08T04:00:00.000000,France,France,FR,5.18,18.78,98.86,22.76,opendata.reseaux-energies.fr,false,""
2024-09-08T05:00:00.000000,France,France,FR,5.18,18.86,98.86,23.99,opendata.reseaux-energies.fr,false,""
2024-09-08T06:00:00.000000,France,France,FR,5.09,19.05,98.88,25.73,opendata.reseaux-energies.fr,false,""
2024-09-08T07:00:00.000000,France,France,FR,4.96,19.56,98.9,27.72,opendata.reseaux-energies.fr,false,""
2024-09-08T08:00:00.000000,France,France,FR,5.31,21.29,98.83,32.77,opendata.reseaux-energies.fr,false,""
2024-09-08T09:00:00.000000,France,France,FR,7.08,25.37,98.47,40.68,opendata.reseaux-energies.fr,false,""
2024-09-08T10:00:00.000000,France,France,FR,8.07,27.48,98.29,44.8,opendata.reseaux-energies.fr,false,""
2024-09-08T11:00:00.000000,France,France,FR,7.96,27.84,98.33,46.51,opendata.reseaux-energies.fr,false,""
2024-09-08T12:00:00.000000,France,France,FR,7.01,26.49,98.49,47.11,opendata.reseaux-energies.fr,false,""
2024-09-08T13:00:00.000000,France,France,FR,6.36,24.85,98.63,46.21,opendata.reseaux-energies.fr,false,""
2024-09-08T14:00:00.000000,France,France,FR,5.96,23.13,98.72,41.09,opendata.reseaux-energies.fr,false,""
2024-09-08T15:00:00.000000,France,France,FR,5.62,21.85,98.78,38.14,opendata.reseaux-energies.fr,false,""
2024-09-08T16:00:00.000000,France,France,FR,5.31,20.24,98.84,32.04,opendata.reseaux-energies.fr,false,""
2024-09-08T17:00:00.000000,France,France,FR,4.8,18.56,98.94,28.71,opendata.reseaux-energies.fr,false,""
2024-09-08T18:00:00.000000,France,France,FR,4.71,17.95,98.96,28.66,opendata.reseaux-energies.fr,false,""
2024-09-08T19:00:00.000000,France,France,FR,4.64,17.86,98.97,29.75,opendata.reseaux-energies.fr,false,""
2024-09-08T20:00:00.000000,France,France,FR,4.7,18.0,98.95,30.34,opendata.reseaux-energies.fr,false,""
2024-09-08T21:00:00.000000,France,France,FR,4.59,17.93,98.97,31.29,opendata.reseaux-energies.fr,false,""
2024-09-08T22:00:00.000000,France,France,FR,4.57,18.02,98.98,30.99,opendata.reseaux-energies.fr,false,""
2024-09-08T23:00:00.000000,France,France,FR,4.77,18.49,98.94,30.23,opendata.reseaux-energies.fr,false,""
2024-09-09T00:00:00.000000,France,France,FR,4.83,18.61,98.93,28.99,opendata.reseaux-energies.fr,false,""
2024-09-09T01:00:00.000000,France,France,FR,4.91,18.82,98.91,28.71,opendata.reseaux-energies.fr,false,""
2024-09-09T02:00:00.000000,France,France,FR,5.0,18.9,98.89,28.99,opendata.reseaux-energies.fr,false,""
2024-09-09T03:00:00.000000,France,France,FR,4.92,18.6,98.91,27.97,opendata.reseaux-energies.fr,false,""
2024-09-09T04:00:00.000000,France,France,FR,4.79,18.17,98.93,27.2,opendata.reseaux-energies.fr,false,""
2024-09-09T05:00:00.000000,France,France,FR,4.96,18.07,98.88,26.65,opendata.reseaux-energies.fr,false,""
2024-09-09T06:00:00.000000,France,France,FR,5.11,18.32,98.84,27.9,opendata.reseaux-energies.fr,false,""
2024-09-09T07:00:00.000000,France,France,FR,5.41,19.13,98.77,29.94,opendata.reseaux-energies.fr,false,""
2024-09-09T08:00:00.000000,France,France,FR,4.98,19.06,98.86,32.31,opendata.reseaux-energies.fr,false,""
2024-09-09T09:00:00.000000,France,France,FR,4.44,18.99,98.99,33.9,opendata.reseaux-energies.fr,false,""
2024-09-09T10:00:00.000000,France,France,FR,4.56,19.56,98.99,36.08,opendata.reseaux-energies.fr,false,""
2024-09-09T11:00:00.000000,France,France,FR,4.27,19.57,99.04,37.38,opendata.reseaux-energies.fr,false,""
2024-09-09T12:00:00.000000,France,France,FR,4.25,19.87,99.03,39.24,opendata.reseaux-energies.fr,false,""
2024-09-09T13:00:00.000000,France,France,FR,4.55,20.59,98.97,41.03,opendata.reseaux-energies.fr,false,""
2024-09-09T14:00:00.000000,France,France,FR,4.75,20.79,98.91,40.6,opendata.reseaux-energies.fr,false,""
2024-09-09T15:00:00.000000,France,France,FR,5.04,20.56,98.84,38.23,opendata.reseaux-energies.fr,false,""
2024-09-09T16:00:00.000000,France,France,FR,6.35,21.18,98.47,33.43,opendata.reseaux-energies.fr,false,""
2024-09-09T17:00:00.000000,France,France,FR,8.76,23.44,97.82,30.44,opendata.reseaux-energies.fr,false,""
2024-09-09T18:00:00.000000,France,France,FR,10.0,24.62,97.49,28.47,opendata.reseaux-energies.fr,false,""
2024-09-09T19:00:00.000000,France,France,FR,10.29,24.92,97.41,26.29,opendata.reseaux-energies.fr,false,""
2024-09-09T20:00:00.000000,France,France,FR,10.52,25.18,97.36,24.71,opendata.reseaux-energies.fr,false,""
2024-09-09T21:00:00.000000,France,France,FR,10.75,25.47,97.3,23.53,opendata.reseaux-energies.fr,false,""
2024-09-09T22:00:00.000000,France,France,FR,7.08,20.06,98.35,22.03,opendata.reseaux-energies.fr,false,""
2024-09-09T23:00:00.000000,France,France,FR,6.18,18.26,98.64,20.82,opendata.reseaux-energies.fr,false,""
2024-09-10T00:00:00.000000,France,France,FR,6.53,18.84,98.56,20.9,opendata.reseaux-energies.fr,false,""
2024-09-10T01:00:00.000000,France,France,FR,6.93,19.55,98.46,21.89,opendata.reseaux-energies.fr,false,""
2024-09-10T02:00:00.000000,France,France,FR,6.49,18.9,98.58,21.23,opendata.reseaux-energies.fr,false,""
2024-09-10T03:00:00.000000,France,France,FR,6.53,18.96,98.56,21.76,opendata.reseaux-energies.fr,false,""
2024-09-10T04:00:00.000000,France,France,FR,6.84,19.33,98.48,22.54,opendata.reseaux-energies.fr,false,""
2024-09-10T05:00:00.000000,France,France,FR,7.05,19.67,98.41,24.34,opendata.reseaux-energies.fr,false,""
2024-09-10T06:00:00.000000,France,France,FR,6.75,19.54,98.49,26.01,opendata.reseaux-energies.fr,false,""
2024-09-10T07:00:00.000000,France,France,FR,6.29,19.97,98.59,29.67,opendata.reseaux-energies.fr,false,""
2024-09-10T08:00:00.000000,France,France,FR,5.1,19.45,98.89,33.78,opendata.reseaux-energies.fr,false,""
2024-09-10T09:00:00.000000,France,France,FR,5.28,20.7,98.84,39.37,opendata.reseaux-energies.fr,false,""
2024-09-10T10:00:00.000000,France,France,FR,5.17,21.02,98.87,42.42,opendata.reseaux-energies.fr,false,""
2024-09-10T11:00:00.000000,France,France,FR,4.88,20.89,98.94,44.02,opendata.reseaux-energies.fr,false,""
2024-09-10T12:00:00.000000,France,France,FR,4.88,21.14,98.94,45.58,opendata.reseaux-energies.fr,false,""
2024-09-10T13:00:00.000000,France,France,FR,4.91,21.17,98.93,46.02,opendata.reseaux-energies.fr,false,""
2024-09-10T14:00:00.000000,France,France,FR,5.48,21.34,98.83,44.61,opendata.reseaux-energies.fr,false,""
2024-09-10T15:00:00.000000,France,France,FR,7.31,22.3,98.6,41.58,opendata.reseaux-energies.fr,false,""
2024-09-10T16:00:00.000000,France,France,FR,8.02,21.59,98.52,36.55,opendata.reseaux-energies.fr,false,""
2024-09-10T17:00:00.000000,France,France,FR,11.04,23.83,98.07,32.74,opendata.reseaux-energies.fr,false,""
2024-09-10T18:00:00.000000,France,France,FR,14.29,27.31,97.47,31.07,opendata.reseaux-energies.fr,false,""
2024-09-10T19:00:00.000000,France,France,FR,15.85,29.18,97.15,30.47,opendata.reseaux-energies.fr,false,""
2024-09-10T20:00:00.000000,France,France,FR,15.95,29.39,97.13,31.53,opendata.reseaux-energies.fr,false,""
2024-09-10T21:00:00.000000,France,France,FR,15.13,28.58,97.23,32.34,opendata.reseaux-energies.fr,false,""
2024-09-10T22:00:00.000000,France,France,FR,13.37,27.78,97.64,34.94,opendata.reseaux-energies.fr,false,""
2024-09-10T23:00:00.000000,France,France,FR,13.13,27.53,97.84,35.84,opendata.reseaux-energies.fr,false,""
2024-09-11T00:00:00.000000,France,France,FR,12.57,26.71,98.02,34.52,opendata.reseaux-energies.fr,false,""
2024-09-11T01:00:00.000000,France,France,FR,12.95,27.22,97.96,33.39,opendata.reseaux-energies.fr,false,""
2024-09-11T02:00:00.000000,France,France,FR,13.24,27.74,97.91,33.58,opendata.reseaux-energies.fr,false,""
2024-09-11T03:00:00.000000,France,France,FR,13.05,27.52,97.92,31.25,opendata.reseaux-energies.fr,false,""
2024-09-11T04:00:00.000000,France,France,FR,9.91,23.73,98.39,31.44,opendata.reseaux-energies.fr,false,""
2024-09-11T05:00:00.000000,France,France,FR,9.45,22.73,98.45,28.84,opendata.reseaux-energies.fr,false,""
2024-09-11T06:00:00.000000,France,France,FR,10.11,23.39,98.34,27.49,opendata.reseaux-energies.fr,false,""
2024-09-11T07:00:00.000000,France,France,FR,9.92,23.68,98.36,27.54,opendata.reseaux-energies.fr,false,""
2024-09-11T08:00:00.000000,France,France,FR,9.45,23.98,98.41,29.68,opendata.reseaux-energies.fr,false,""
2024-09-11T09:00:00.000000,France,France,FR,8.98,24.13,98.48,31.95,opendata.reseaux-energies.fr,false,""
2024-09-11T10:00:00.000000,France,France,FR,10.16,26.05,98.32,34.54,opendata.reseaux-energies.fr,false,""
2024-09-11T11:00:00.000000,France,France,FR,10.45,26.87,98.27,36.79,opendata.reseaux-energies.fr,false,""
2024-09-11T12:00:00.000000,France,France,FR,7.57,23.79,98.63,37.41,opendata.reseaux-energies.fr,false,""
2024-09-11T13:00:00.000000,France,France,FR,7.58,23.49,98.63,37.23,opendata.reseaux-energies.fr,false,""
2024-09-11T14:00:00.000000,France,France,FR,5.38,20.65,98.86,35.76,opendata.reseaux-energies.fr,false,""
2024-09-11T15:00:00.000000,France,France,FR,5.9,20.65,98.71,33.11,opendata.reseaux-energies.fr,false,""
2024-09-11T16:00:00.000000,France,France,FR,6.82,21.28,98.48,30.67,opendata.reseaux-energies.fr,false,""
2024-09-11T17:00:00.000000,France,France,FR,8.5,22.7,98.02,27.96,opendata.reseaux-energies.fr,false,""
2024-09-11T18:00:00.000000,France,France,FR,7.87,21.63,98.13,26.08,opendata.reseaux-energies.fr,false,""
2024-09-11T19:00:00.000000,France,France,FR,7.36,21.03,98.23,24.98,opendata.reseaux-energies.fr,false,""
2024-09-11T20:00:00.000000,France,France,FR,7.29,20.92,98.26,24.39,opendata.reseaux-energies.fr,false,""
2024-09-11T21:00:00.000000,France,France,FR,7.43,21.0,98.22,23.24,opendata.reseaux-energies.fr,false,""
2024-09-11T22:00:00.000000,France,France,FR,6.07,19.3,98.61,23.32,opendata.reseaux-energies.fr,false,""
2024-09-11T23:00:00.000000,France,France,FR,4.96,17.95,98.93,21.98,opendata.reseaux-energies.fr,false,""
2024-09-12T00:00:00.000000,France,France,FR,4.99,18.1,98.92,21.67,opendata.reseaux-energies.fr,false,""
2024-09-12T01:00:00.000000,France,France,FR,5.05,18.14,98.9,20.76,opendata.reseaux-energies.fr,false,""
2024-09-12T02:00:00.000000,France,France,FR,5.02,18.08,98.9,20.35,opendata.reseaux-energies.fr,false,""
2024-09-12T03:00:00.000000,France,France,FR,5.01,18.01,98.9,19.77,opendata.reseaux-energies.fr,false,""
2024-09-12T04:00:00.000000,France,France,FR,6.52,19.88,98.48,19.41,opendata.reseaux-energies.fr,false,""
2024-09-12T05:00:00.000000,France,France,FR,8.69,22.45,97.9,21.04,opendata.reseaux-energies.fr,false,""
2024-09-12T06:00:00.000000,France,France,FR,9.95,24.19,97.62,23.2,opendata.reseaux-energies.fr,false,""
2024-09-12T07:00:00.000000,France,France,FR,9.73,24.72,97.69,25.34,opendata.reseaux-energies.fr,false,""
2024-09-12T08:00:00.000000,France,France,FR,8.55,24.42,97.99,28.18,opendata.reseaux-energies.fr,false,""
2024-09-12T09:00:00.000000,France,France,FR,6.59,22.99,98.51,32.84,opendata.reseaux-energies.fr,false,""
2024-09-12T10:00:00.000000,France,France,FR,6.19,22.93,98.6,35.74,opendata.reseaux-energies.fr,false,""
2024-09-12T11:00:00.000000,France,France,FR,6.05,23.0,98.64,37.68,opendata.reseaux-energies.fr,false,""
2024-09-12T12:00:00.000000,France,France,FR,5.94,23.22,98.67,39.7,opendata.reseaux-energies.fr,false,""
2024-09-12T13:00:00.000000,France,France,FR,5.87,23.22,98.68,40.46,opendata.reseaux-energies.fr,false,""
2024-09-12T14:00:00.000000,France,France,FR,5.64,22.69,98.7,39.43,opendata.reseaux-energies.fr,false,""
2024-09-12T15:00:00.000000,France,France,FR,6.27,22.7,98.57,35.96,opendata.reseaux-energies.fr,false,""
2024-09-12T16:00:00.000000,France,France,FR,7.19,22.66,98.36,30.63,opendata.reseaux-energies.fr,false,""
2024-09-12T17:00:00.000000,France,France,FR,9.14,23.81,97.86,25.67,opendata.reseaux-energies.fr,false,""
2024-09-12T18:00:00.000000,France,France,FR,8.74,22.6,97.92,23.49,opendata.reseaux-energies.fr,false,""
2024-09-12T19:00:00.000000,France,France,FR,7.99,21.61,98.08,22.17,opendata.reseaux-energies.fr,false,""
2024-09-12T20:00:00.000000,France,France,FR,8.92,22.75,97.9,22.13,opendata.reseaux-energies.fr,false,""
2024-09-12T21:00:00.000000,France,France,FR,9.19,23.05,97.85,21.96,opendata.reseaux-energies.fr,false,""
2024-09-12T22:00:00.000000,France,France,FR,7.35,20.8,98.26,21.36,opendata.reseaux-energies.fr,false,""
2024-09-12T23:00:00.000000,France,France,FR,6.79,20.21,98.39,20.12,opendata.reseaux-energies.fr,false,""
2024-09-13T00:00:00.000000,France,France,FR,6.78,20.26,98.39,20.1,opendata.reseaux-energies.fr,false,""
2024-09-13T01:00:00.000000,France,France,FR,6.3,19.7,98.53,20.32,opendata.reseaux-energies.fr,false,""
2024-09-13T02:00:00.000000,France,France,FR,6.07,19.58,98.59,21.49,opendata.reseaux-energies.fr,false,""
2024-09-13T03:00:00.000000,France,France,FR,6.34,19.89,98.51,21.64,opendata.reseaux-energies.fr,false,""
2024-09-13T04:00:00.000000,France,France,FR,7.04,20.68,98.32,21.5,opendata.reseaux-energies.fr,false,""
2024-09-13T05:00:00.000000,France,France,FR,9.07,22.98,97.88,22.62,opendata.reseaux-energies.fr,false,""
2024-09-13T06:00:00.000000,France,France,FR,10.24,24.61,97.64,24.87,opendata.reseaux-energies.fr,false,""
2024-09-13T07:00:00.000000,France,France,FR,9.07,24.24,97.91,27.85,opendata.reseaux-energies.fr,false,""
2024-09-13T08:00:00.000000,France,France,FR,7.09,23.2,98.43,31.99,opendata.reseaux-energies.fr,false,""
2024-09-13T09:00:00.000000,France,France,FR,6.24,23.12,98.59,35.33,opendata.reseaux-energies.fr,false,""
2024-09-13T10:00:00.000000,France,France,FR,6.47,23.9,98.52,37.17,opendata.reseaux-energies.fr,false,""
2024-09-13T11:00:00.000000,France,France,FR,6.11,23.85,98.61,38.79,opendata.reseaux-energies.fr,false,""
2024-09-13T12:00:00.000000,France,France,FR,6.42,24.38,98.54,39.71,opendata.reseaux-energies.fr,false,""
2024-09-13T13:00:00.000000,France,France,FR,6.58,24.58,98.53,40.38,opendata.reseaux-energies.fr,false,""
2024-09-13T14:00:00.000000,France,France,FR,6.57,24.3,98.55,39.42,opendata.reseaux-energies.fr,false,""
2024-09-13T15:00:00.000000,France,France,FR,7.15,24.1,98.41,36.27,opendata.reseaux-energies.fr,false,""
2024-09-13T16:00:00.000000,France,France,FR,6.96,22.25,98.44,30.48,opendata.reseaux-energies.fr,false,""
2024-09-13T17:00:00.000000,France,France,FR,7.83,21.85,98.2,25.27,opendata.reseaux-energies.fr,false,""
2024-09-13T18:00:00.000000,France,France,FR,8.68,22.32,97.99,23.38,opendata.reseaux-energies.fr,false,""
2024-09-13T19:00:00.000000,France,France,FR,7.55,20.99,98.22,22.51,opendata.reseaux-energies.fr,false,""
2024-09-13T20:00:00.000000,France,France,FR,7.73,21.35,98.22,22.39,opendata.reseaux-energies.fr,false,""
2024-09-13T21:00:00.000000,France,France,FR,7.66,21.25,98.23,22.43,opendata.reseaux-energies.fr,false,""
2024-09-13T22:00:00.000000,France,France,FR,6.27,19.53,98.6,21.4,opendata.reseaux-energies.fr,false,""
2024-09-13T23:00:00.000000,France,France,FR,5.09,18.14,98.88,20.2,opendata.reseaux-energies.fr,false,""
2024-09-14T00:00:00.000000,France,France,FR,4.94,17.96,98.91,19.2,opendata.reseaux-energies.fr,false,""
2024-09-14T01:00:00.000000,France,France,FR,4.99,18.06,98.9,18.42,opendata.reseaux-energies.fr,false,""
2024-09-14T02:00:00.000000,France,France,FR,5.01,18.05,98.9,17.81,opendata.reseaux-energies.fr,false,""
2024-09-14T03:00:00.000000,France,France,FR,4.97,17.87,98.9,17.19,opendata.reseaux-energies.fr,false,""
2024-09-14T04:00:00.000000,France,France,FR,4.91,17.69,98.91,16.64,opendata.reseaux-energies.fr,false,""
2024-09-14T05:00:00.000000,France,France,FR,4.98,17.72,98.88,16.95,opendata.reseaux-energies.fr,false,""
2024-09-14T06:00:00.000000,France,France,FR,5.15,18.33,98.85,19.22,opendata.reseaux-energies.fr,false,""
2024-09-14T07:00:00.000000,France,France,FR,5.31,19.85,98.83,24.54,opendata.reseaux-energies.fr,false,""
2024-09-14T08:00:00.000000,France,France,FR,4.69,20.68,98.97,29.97,opendata.reseaux-energies.fr,false,""
2024-09-14T09:00:00.000000,France,France,FR,4.71,22.29,98.98,36.12,opendata.reseaux-energies.fr,false,""
2024-09-14T10:00:00.000000,France,France,FR,4.76,23.55,98.97,40.67,opendata.reseaux-energies.fr,false,""
2024-09-14T11:00:00.000000,France,France,FR,4.48,23.89,99.01,43.08,opendata.reseaux-energies.fr,false,""
2024-09-14T12:00:00.000000,France,France,FR,4.47,24.27,99.01,44.04,opendata.reseaux-energies.fr,false,""
2024-09-14T13:00:00.000000,France,France,FR,4.92,24.57,98.91,43.44,opendata.reseaux-energies.fr,false,""
2024-09-14T14:00:00.000000,France,France,FR,5.21,24.11,98.86,40.38,opendata.reseaux-energies.fr,false,""
2024-09-14T15:00:00.000000,France,France,FR,4.61,21.66,98.98,34.48,opendata.reseaux-energies.fr,false,""
2024-09-14T16:00:00.000000,France,France,FR,4.85,19.96,98.93,27.47,opendata.reseaux-energies.fr,false,""
2024-09-14T17:00:00.000000,France,France,FR,5.58,19.12,98.75,22.05,opendata.reseaux-energies.fr,false,""
2024-09-14T18:00:00.000000,France,France,FR,5.21,17.93,98.82,20.59,opendata.reseaux-energies.fr,false,""
2024-09-14T19:00:00.000000,France,France,FR,4.93,17.55,98.89,20.63,opendata.reseaux-energies.fr,false,""
2024-09-14T20:00:00.000000,France,France,FR,4.79,17.45,98.92,20.45,opendata.reseaux-energies.fr,false,""
2024-09-14T21:00:00.000000,France,France,FR,4.81,17.44,98.91,20.48,opendata.reseaux-energies.fr,false,""
2024-09-14T22:00:00.000000,France,France,FR,4.81,17.49,98.92,19.91,opendata.reseaux-energies.fr,false,""
2024-09-14T23:00:00.000000,France,France,FR,4.87,17.8,98.91,19.36,opendata.reseaux-energies.fr,false,""
2024-09-15T00:00:00.000000,France,France,FR,4.94,17.98,98.9,18.38,opendata.reseaux-energies.fr,false,""
2024-09-15T01:00:00.000000,France,France,FR,4.99,18.07,98.89,17.92,opendata.reseaux-energies.fr,false,""
2024-09-15T02:00:00.000000,France,France,FR,5.03,18.1,98.88,17.44,opendata.reseaux-energies.fr,false,""
2024-09-15T03:00:00.000000,France,France,FR,5.01,18.07,98.88,17.26,opendata.reseaux-energies.fr,false,""
2024-09-15T04:00:00.000000,France,France,FR,5.01,18.02,98.89,17.16,opendata.reseaux-energies.fr,false,""
2024-09-15T05:00:00.000000,France,France,FR,4.96,17.91,98.9,17.29,opendata.reseaux-energies.fr,false,""
2024-09-15T06:00:00.000000,France,France,FR,4.82,18.19,98.93,19.35,opendata.reseaux-energies.fr,false,""
2024-09-15T07:00:00.000000,France,France,FR,5.25,20.23,98.85,25.56,opendata.reseaux-energies.fr,false,""
2024-09-15T08:00:00.000000,France,France,FR,5.48,22.58,98.81,33.18,opendata.reseaux-energies.fr,false,""
2024-09-15T09:00:00.000000,France,France,FR,5.35,24.28,98.84,41.01,opendata.reseaux-energies.fr,false,""
2024-09-15T10:00:00.000000,France,France,FR,4.84,24.61,98.94,45.28,opendata.reseaux-energies.fr,false,""
2024-09-15T11:00:00.000000,France,France,FR,5.28,24.84,98.86,42.25,opendata.reseaux-energies.fr,false,""
2024-09-15T12:00:00.000000,France,France,FR,5.09,24.6,98.88,40.14,opendata.reseaux-energies.fr,false,""
2024-09-15T13:00:00.000000,France,France,FR,5.12,24.76,98.88,41.7,opendata.reseaux-energies.fr,false,""
2024-09-15T14:00:00.000000,France,France,FR,5.44,24.84,98.82,41.87,opendata.reseaux-energies.fr,false,""
2024-09-15T15:00:00.000000,France,France,FR,5.61,23.45,98.79,36.18,opendata.reseaux-energies.fr,false,""
2024-09-15T16:00:00.000000,France,France,FR,5.69,21.26,98.77,27.98,opendata.reseaux-energies.fr,false,""
2024-09-15T17:00:00.000000,France,France,FR,6.0,19.67,98.69,21.69,opendata.reseaux-energies.fr,false,""
2024-09-15T18:00:00.000000,France,France,FR,6.31,19.33,98.61,21.91,opendata.reseaux-energies.fr,false,""
2024-09-15T19:00:00.000000,France,France,FR,5.22,17.98,98.84,21.16,opendata.reseaux-energies.fr,false,""
2024-09-15T20:00:00.000000,France,France,FR,5.44,18.28,98.8,20.89,opendata.reseaux-energies.fr,false,""
2024-09-15T21:00:00.000000,France,France,FR,6.06,19.03,98.67,21.26,opendata.reseaux-energies.fr,false,""
2024-09-15T22:00:00.000000,France,France,FR,5.27,18.07,98.83,19.34,opendata.reseaux-energies.fr,false,""
2024-09-15T23:00:00.000000,France,France,FR,4.84,17.67,98.92,17.33,opendata.reseaux-energies.fr,false,""
2024-09-16T00:00:00.000000,France,France,FR,5.78,18.94,98.73,16.78,opendata.reseaux-energies.fr,false,""
2024-09-16T01:00:00.000000,France,France,FR,6.04,19.22,98.68,16.09,opendata.reseaux-energies.fr,false,""
2024-09-16T02:00:00.000000,France,France,FR,5.95,19.2,98.7,16.06,opendata.reseaux-energies.fr,false,""
2024-09-16T03:00:00.000000,France,France,FR,6.25,19.49,98.64,15.92,opendata.reseaux-energies.fr,false,""
2024-09-16T04:00:00.000000,France,France,FR,6.45,19.45,98.6,16.64,opendata.reseaux-energies.fr,false,""
2024-09-16T05:00:00.000000,France,France,FR,7.01,19.91,98.47,19.24,opendata.reseaux-energies.fr,false,""
2024-09-16T06:00:00.000000,France,France,FR,7.11,20.25,98.45,21.48,opendata.reseaux-energies.fr,false,""
2024-09-16T07:00:00.000000,France,France,FR,6.46,20.36,98.59,24.32,opendata.reseaux-energies.fr,false,""
2024-09-16T08:00:00.000000,France,France,FR,5.88,20.96,98.74,27.76,opendata.reseaux-energies.fr,false,""
2024-09-16T09:00:00.000000,France,France,FR,5.41,21.43,98.84,31.5,opendata.reseaux-energies.fr,false,""
2024-09-16T10:00:00.000000,France,France,FR,5.04,21.6,98.91,33.89,opendata.reseaux-energies.fr,false,""
2024-09-16T11:00:00.000000,France,France,FR,4.97,21.93,98.93,35.93,opendata.reseaux-energies.fr,false,""
2024-09-16T12:00:00.000000,France,France,FR,5.11,22.5,98.9,37.31,opendata.reseaux-energies.fr,false,""
2024-09-16T13:00:00.000000,France,France,FR,5.2,22.33,98.88,36.93,opendata.reseaux-energies.fr,false,""
2024-09-16T14:00:00.000000,France,France,FR,5.28,21.82,98.87,35.65,opendata.reseaux-energies.fr,false,""
2024-09-16T15:00:00.000000,France,France,FR,5.41,21.17,98.85,33.6,opendata.reseaux-energies.fr,false,""
2024-09-16T16:00:00.000000,France,France,FR,5.95,20.91,98.7,30.79,opendata.reseaux-energies.fr,false,""
2024-09-16T17:00:00.000000,France,France,FR,20.93,38.78,96.32,28.17,opendata.reseaux-energies.fr,false,""
2024-09-16T18:00:00.000000,France,France,FR,21.09,38.46,96.29,27.53,opendata.reseaux-energies.fr,false,""
2024-09-16T19:00:00.000000,France,France,FR,15.97,31.97,97.3,26.59,opendata.reseaux-energies.fr,false,""
2024-09-16T20:00:00.000000,France,France,FR,7.85,21.62,98.46,27.08,opendata.reseaux-energies.fr,false,""
2024-09-16T21:00:00.000000,France,France,FR,5.17,18.17,98.85,26.9,opendata.reseaux-energies.fr,false,""
2024-09-16T22:00:00.000000,France,France,FR,5.24,18.25,98.89,26.86,opendata.reseaux-energies.fr,false,""
2024-09-16T23:00:00.000000,France,France,FR,7.25,20.49,98.68,26.49,opendata.reseaux-energies.fr,false,""
2024-09-17T00:00:00.000000,France,France,FR,8.71,22.1,98.51,26.53,opendata.reseaux-energies.fr,false,""
2024-09-17T01:00:00.000000,France,France,FR,11.55,25.23,98.12,26.13,opendata.reseaux-energies.fr,false,""
2024-09-17T02:00:00.000000,France,France,FR,12.24,26.08,98.03,25.98,opendata.reseaux-energies.fr,false,""
2024-09-17T03:00:00.000000,France,France,FR,12.18,26.04,98.04,26.01,opendata.reseaux-energies.fr,false,""
2024-09-17T04:00:00.000000,France,France,FR,11.98,25.67,98.07,26.27,opendata.reseaux-energies.fr,false,""
2024-09-17T05:00:00.000000,France,France,FR,11.88,25.35,98.03,27.57,opendata.reseaux-energies.fr,false,""
2024-09-17T06:00:00.000000,France,France,FR,12.06,25.69,97.98,29.09,opendata.reseaux-energies.fr,false,""
2024-09-17T07:00:00.000000,France,France,FR,11.65,26.06,98.09,31.8,opendata.reseaux-energies.fr,false,""
2024-09-17T08:00:00.000000,France,France,FR,11.1,26.4,98.19,35.47,opendata.reseaux-energies.fr,false,""
2024-09-17T09:00:00.000000,France,France,FR,10.54,26.44,98.3,38.75,opendata.reseaux-energies.fr,false,""
2024-09-17T10:00:00.000000,France,France,FR,10.81,27.21,98.27,41.03,opendata.reseaux-energies.fr,false,""
2024-09-17T11:00:00.000000,France,France,FR,11.54,28.25,98.19,41.65,opendata.reseaux-energies.fr,false,""
2024-09-17T12:00:00.000000,France,France,FR,11.84,28.97,98.14,43.29,opendata.reseaux-energies.fr,false,""
2024-09-17T13:00:00.000000,France,France,FR,7.06,23.88,98.72,44.21,opendata.reseaux-energies.fr,false,""
2024-09-17T14:00:00.000000,France,France,FR,4.23,20.35,99.05,42.82,opendata.reseaux-energies.fr,false,""
2024-09-17T15:00:00.000000,France,France,FR,4.42,19.74,99.01,39.76,opendata.reseaux-energies.fr,false,""
2024-09-17T16:00:00.000000,France,France,FR,4.46,18.62,99.0,35.66,opendata.reseaux-energies.fr,false,""
2024-09-17T17:00:00.000000,France,France,FR,4.91,18.11,98.89,32.23,opendata.reseaux-energies.fr,false,""
2024-09-17T18:00:00.000000,France,France,FR,4.59,17.36,98.95,31.39,opendata.reseaux-energies.fr,false,""
2024-09-17T19:00:00.000000,France,France,FR,4.4,17.23,98.99,30.87,opendata.reseaux-energies.fr,false,""
2024-09-17T20:00:00.000000,France,France,FR,4.41,17.31,98.99,30.59,opendata.reseaux-energies.fr,false,""
2024-09-17T21:00:00.000000,France,France,FR,4.44,17.37,98.99,29.94,opendata.reseaux-energies.fr,false,""
2024-09-17T22:00:00.000000,France,France,FR,4.32,17.31,99.02,29.33,opendata.reseaux-energies.fr,false,""
2024-09-17T23:00:00.000000,France,France,FR,4.3,17.46,99.02,28.3,opendata.reseaux-energies.fr,false,""
2024-09-18T00:00:00.000000,France,France,FR,4.35,17.51,99.01,27.33,opendata.reseaux-energies.fr,false,""
2024-09-18T01:00:00.000000,France,France,FR,4.36,17.55,99.02,26.79,opendata.reseaux-energies.fr,false,""
2024-09-18T02:00:00.000000,France,France,FR,4.48,17.68,98.99,25.88,opendata.reseaux-energies.fr,false,""
2024-09-18T03:00:00.000000,France,France,FR,5.06,18.38,98.83,25.54,opendata.reseaux-energies.fr,false,""
2024-09-18T04:00:00.000000,France,France,FR,5.24,18.57,98.78,26.08,opendata.reseaux-energies.fr,false,""
2024-09-18T05:00:00.000000,France,France,FR,5.41,18.56,98.73,27.57,opendata.reseaux-energies.fr,false,""
2024-09-18T06:00:00.000000,France,France,FR,5.85,19.34,98.6,29.65,opendata.reseaux-energies.fr,false,""
2024-09-18T07:00:00.000000,France,France,FR,6.2,20.77,98.5,31.96,opendata.reseaux-energies.fr,false,""
2024-09-18T08:00:00.000000,France,France,FR,6.28,22.09,98.46,35.27,opendata.reseaux-energies.fr,false,""
2024-09-18T09:00:00.000000,France,France,FR,5.6,22.06,98.63,38.4,opendata.reseaux-energies.fr,false,""
2024-09-18T10:00:00.000000,France,France,FR,5.49,22.69,98.65,41.38,opendata.reseaux-energies.fr,false,""
2024-09-18T11:00:00.000000,France,France,FR,6.01,23.76,98.51,43.44,opendata.reseaux-energies.fr,false,""
2024-09-18T12:00:00.000000,France,France,FR,6.04,23.89,98.5,44.08,opendata.reseaux-energies.fr,false,""
2024-09-18T13:00:00.000000,France,France,FR,5.93,23.59,98.53,44.46,opendata.reseaux-energies.fr,false,""
2024-09-18T14:00:00.000000,France,France,FR,5.51,22.54,98.66,42.91,opendata.reseaux-energies.fr,false,""
2024-09-18T15:00:00.000000,France,France,FR,4.89,20.7,98.84,39.68,opendata.reseaux-energies.fr,false,""
2024-09-18T16:00:00.000000,France,France,FR,5.38,20.18,98.73,34.22,opendata.reseaux-energies.fr,false,""
2024-09-18T17:00:00.000000,France,France,FR,14.13,30.1,97.17,29.12,opendata.reseaux-energies.fr,false,""
2024-09-18T18:00:00.000000,France,France,FR,14.11,29.65,97.2,27.72,opendata.reseaux-energies.fr,false,""
2024-09-18T19:00:00.000000,France,France,FR,15.65,30.96,97.2,26.69,opendata.reseaux-energies.fr,false,""
2024-09-18T20:00:00.000000,France,France,FR,14.6,29.22,97.53,26.51,opendata.reseaux-energies.fr,false,""
2024-09-18T21:00:00.000000,France,France,FR,13.43,27.64,97.75,26.3,opendata.reseaux-energies.fr,false,""
2024-09-18T22:00:00.000000,France,France,FR,10.62,24.13,98.11,26.59,opendata.reseaux-energies.fr,false,""
2024-09-18T23:00:00.000000,France,France,FR,10.46,23.89,98.16,25.82,opendata.reseaux-energies.fr,false,""
2024-09-19T00:00:00.000000,France,France,FR,10.24,23.66,98.23,25.77,opendata.reseaux-energies.fr,false,""
2024-09-19T01:00:00.000000,France,France,FR,9.14,22.55,98.37,24.62,opendata.reseaux-energies.fr,false,""
2024-09-19T02:00:00.000000,France,France,FR,8.97,22.41,98.39,23.8,opendata.reseaux-energies.fr,false,""
2024-09-19T03:00:00.000000,France,France,FR,9.83,23.31,98.25,23.31,opendata.reseaux-energies.fr,false,""
2024-09-19T04:00:00.000000,France,France,FR,10.56,23.95,98.16,23.26,opendata.reseaux-energies.fr,false,""
2024-09-19T05:00:00.000000,France,France,FR,12.13,25.49,97.94,24.41,opendata.reseaux-energies.fr,false,""
2024-09-19T06:00:00.000000,France,France,FR,11.92,25.48,97.95,26.61,opendata.reseaux-energies.fr,false,""
2024-09-19T07:00:00.000000,France,France,FR,11.33,25.69,98.06,29.58,opendata.reseaux-energies.fr,false,""
2024-09-19T08:00:00.000000,France,France,FR,10.69,26.1,98.2,32.82,opendata.reseaux-energies.fr,false,""
2024-09-19T09:00:00.000000,France,France,FR,11.8,28.7,98.13,36.86,opendata.reseaux-energies.fr,false,""
2024-09-19T10:00:00.000000,France,France,FR,12.08,29.92,98.08,39.86,opendata.reseaux-energies.fr,false,""
2024-09-19T11:00:00.000000,France,France,FR,12.46,31.12,98.04,42.77,opendata.reseaux-energies.fr,false,""
2024-09-19T12:00:00.000000,France,France,FR,10.64,29.18,98.23,44.97,opendata.reseaux-energies.fr,false,""
2024-09-19T13:00:00.000000,France,France,FR,9.83,27.99,98.36,44.29,opendata.reseaux-energies.fr,false,""
2024-09-19T14:00:00.000000,France,France,FR,8.87,26.17,98.48,42.34,opendata.reseaux-energies.fr,false,""
2024-09-19T15:00:00.000000,France,France,FR,9.25,25.24,98.38,36.52,opendata.reseaux-energies.fr,false,""
2024-09-19T16:00:00.000000,France,France,FR,9.38,24.09,98.38,31.25,opendata.reseaux-energies.fr,false,""
2024-09-19T17:00:00.000000,France,France,FR,10.27,23.77,98.15,26.29,opendata.reseaux-energies.fr,false,""
2024-09-19T18:00:00.000000,France,France,FR,10.51,23.76,98.08,26.17,opendata.reseaux-energies.fr,false,""
2024-09-19T19:00:00.000000,France,France,FR,10.5,23.84,98.09,26.34,opendata.reseaux-energies.fr,false,""
2024-09-19T20:00:00.000000,France,France,FR,10.85,24.4,98.02,26.83,opendata.reseaux-energies.fr,false,""
2024-09-19T21:00:00.000000,France,France,FR,10.74,24.24,98.05,26.47,opendata.reseaux-energies.fr,false,""
2024-09-19T22:00:00.000000,France,France,FR,10.44,23.3,98.09,24.57,opendata.reseaux-energies.fr,false,""
2024-09-19T23:00:00.000000,France,France,FR,10.79,23.14,97.95,21.58,opendata.reseaux-energies.fr,false,""
2024-09-20T00:00:00.000000,France,France,FR,11.06,23.46,97.89,19.96,opendata.reseaux-energies.fr,false,""
2024-09-20T01:00:00.000000,France,France,FR,10.31,22.49,98.11,19.9,opendata.reseaux-energies.fr,false,""
2024-09-20T02:00:00.000000,France,France,FR,9.99,22.03,98.19,19.47,opendata.reseaux-energies.fr,false,""
2024-09-20T03:00:00.000000,France,France,FR,9.96,21.9,98.2,19.05,opendata.reseaux-energies.fr,false,""
2024-09-20T04:00:00.000000,France,France,FR,9.83,21.69,98.21,19.59,opendata.reseaux-energies.fr,false,""
2024-09-20T05:00:00.000000,France,France,FR,9.77,21.67,98.19,21.47,opendata.reseaux-energies.fr,false,""
2024-09-20T06:00:00.000000,France,France,FR,9.7,21.81,98.19,22.86,opendata.reseaux-energies.fr,false,""
2024-09-20T07:00:00.000000,France,France,FR,9.47,22.3,98.24,24.18,opendata.reseaux-energies.fr,false,""
2024-09-20T08:00:00.000000,France,France,FR,9.1,22.95,98.34,26.18,opendata.reseaux-energies.fr,false,""
2024-09-20T09:00:00.000000,France,France,FR,9.61,24.74,98.24,29.03,opendata.reseaux-energies.fr,false,""
2024-09-20T10:00:00.000000,France,France,FR,12.49,29.91,97.67,33.58,opendata.reseaux-energies.fr,false,""
2024-09-20T11:00:00.000000,France,France,FR,12.58,30.52,97.69,35.52,opendata.reseaux-energies.fr,false,""
2024-09-20T12:00:00.000000,France,France,FR,12.76,30.74,97.63,35.66,opendata.reseaux-energies.fr,false,""
2024-09-20T13:00:00.000000,France,France,FR,11.09,27.69,97.95,32.76,opendata.reseaux-energies.fr,false,""
2024-09-20T14:00:00.000000,France,France,FR,9.18,23.84,98.34,27.7,opendata.reseaux-energies.fr,false,""
2024-09-20T15:00:00.000000,France,France,FR,10.2,23.89,98.19,24.56,opendata.reseaux-energies.fr,false,""
2024-09-20T16:00:00.000000,France,France,FR,12.22,25.19,97.82,21.96,opendata.reseaux-energies.fr,false,""
2024-09-20T17:00:00.000000,France,France,FR,12.58,25.01,97.69,20.79,opendata.reseaux-energies.fr,false,""
2024-09-20T18:00:00.000000,France,France,FR,11.28,23.47,97.79,20.12,opendata.reseaux-energies.fr,false,""
2024-09-20T19:00:00.000000,France,France,FR,11.04,23.15,97.84,19.61,opendata.reseaux-energies.fr,false,""
2024-09-20T20:00:00.000000,France,France,FR,10.59,22.53,97.97,19.03,opendata.reseaux-energies.fr,false,""
2024-09-20T21:00:00.000000,France,France,FR,9.57,21.41,98.11,17.96,opendata.reseaux-energies.fr,false,""
2024-09-20T22:00:00.000000,France,France,FR,6.12,17.67,98.64,17.51,opendata.reseaux-energies.fr,false,""
2024-09-20T23:00:00.000000,France,France,FR,6.23,17.95,98.62,16.78,opendata.reseaux-energies.fr,false,""
2024-09-21T00:00:00.000000,France,France,FR,6.14,17.91,98.64,16.91,opendata.reseaux-energies.fr,false,""
2024-09-21T01:00:00.000000,France,France,FR,6.12,17.92,98.65,16.37,opendata.reseaux-energies.fr,false,""
2024-09-21T02:00:00.000000,France,France,FR,6.4,18.27,98.58,15.56,opendata.reseaux-energies.fr,false,""
2024-09-21T03:00:00.000000,France,France,FR,6.3,18.09,98.61,15.21,opendata.reseaux-energies.fr,false,""
2024-09-21T04:00:00.000000,France,France,FR,6.24,18.0,98.62,15.77,opendata.reseaux-energies.fr,false,""
2024-09-21T05:00:00.000000,France,France,FR,6.31,18.21,98.6,16.45,opendata.reseaux-energies.fr,false,""
2024-09-21T06:00:00.000000,France,France,FR,6.08,18.05,98.66,18.34,opendata.reseaux-energies.fr,false,""
2024-09-21T07:00:00.000000,France,France,FR,5.79,18.36,98.72,21.11,opendata.reseaux-energies.fr,false,""
2024-09-21T08:00:00.000000,France,France,FR,5.94,19.87,98.69,24.92,opendata.reseaux-energies.fr,false,""
2024-09-21T09:00:00.000000,France,France,FR,9.66,26.82,98.12,32.31,opendata.reseaux-energies.fr,false,""
2024-09-21T10:00:00.000000,France,France,FR,12.19,31.37,97.75,36.99,opendata.reseaux-energies.fr,false,""
2024-09-21T11:00:00.000000,France,France,FR,16.52,37.32,97.11,37.54,opendata.reseaux-energies.fr,false,""
2024-09-21T12:00:00.000000,France,France,FR,14.46,33.91,97.39,33.57,opendata.reseaux-energies.fr,false,""
2024-09-21T13:00:00.000000,France,France,FR,7.92,24.05,98.32,29.35,opendata.reseaux-energies.fr,false,""
2024-09-21T14:00:00.000000,France,France,FR,6.22,20.66,98.62,26.66,opendata.reseaux-energies.fr,false,""
2024-09-21T15:00:00.000000,France,France,FR,5.92,19.2,98.69,22.88,opendata.reseaux-energies.fr,false,""
2024-09-21T16:00:00.000000,France,France,FR,6.26,18.65,98.61,20.11,opendata.reseaux-energies.fr,false,""
2024-09-21T17:00:00.000000,France,France,FR,6.46,18.42,98.56,19.72,opendata.reseaux-energies.fr,false,""
2024-09-21T18:00:00.000000,France,France,FR,6.48,18.31,98.55,19.69,opendata.reseaux-energies.fr,false,""
2024-09-21T19:00:00.000000,France,France,FR,6.15,17.78,98.64,18.92,opendata.reseaux-energies.fr,false,""
2024-09-21T20:00:00.000000,France,France,FR,6.14,17.81,98.64,19.41,opendata.reseaux-energies.fr,false,""
2024-09-21T21:00:00.000000,France,France,FR,6.15,17.79,98.63,19.93,opendata.reseaux-energies.fr,false,""
2024-09-21T22:00:00.000000,France,France,FR,6.09,17.74,98.65,20.14,opendata.reseaux-energies.fr,false,""
2024-09-21T23:00:00.000000,France,France,FR,6.38,18.24,98.58,19.52,opendata.reseaux-energies.fr,false,""
2024-09-22T00:00:00.000000,France,France,FR,6.35,18.24,98.59,17.87,opendata.reseaux-energies.fr,false,""
2024-09-22T01:00:00.000000,France,France,FR,6.46,18.38,98.57,16.43,opendata.reseaux-energies.fr,false,""
2024-09-22T02:00:00.000000,France,France,FR,6.59,18.56,98.53,15.78,opendata.reseaux-energies.fr,false,""
2024-09-22T03:00:00.000000,France,France,FR,6.59,18.52,98.53,15.5,opendata.reseaux-energies.fr,false,""
2024-09-22T04:00:00.000000,France,France,FR,6.5,18.41,98.56,15.48,opendata.reseaux-energies.fr,false,""
2024-09-22T05:00:00.000000,France,France,FR,6.62,18.75,98.53,16.05,opendata.reseaux-energies.fr,false,""
2024-09-22T06:00:00.000000,France,France,FR,6.48,18.58,98.56,16.66,opendata.reseaux-energies.fr,false,""
2024-09-22T07:00:00.000000,France,France,FR,6.07,18.37,98.67,17.91,opendata.reseaux-energies.fr,false,""
2024-09-22T08:00:00.000000,France,France,FR,6.54,19.7,98.55,19.58,opendata.reseaux-energies.fr,false,""
2024-09-22T09:00:00.000000,France,France,FR,11.48,27.42,97.79,25.66,opendata.reseaux-energies.fr,false,""
2024-09-22T10:00:00.000000,France,France,FR,18.13,37.23,96.68,31.88,opendata.reseaux-energies.fr,false,""
2024-09-22T11:00:00.000000,France,France,FR,17.03,36.14,96.85,33.18,opendata.reseaux-energies.fr,false,""
2024-09-22T12:00:00.000000,France,France,FR,12.22,29.66,97.54,30.83,opendata.reseaux-energies.fr,false,""
2024-09-22T13:00:00.000000,France,France,FR,6.96,21.93,98.49,26.67,opendata.reseaux-energies.fr,false,""
2024-09-22T14:00:00.000000,France,France,FR,6.76,20.82,98.53,25.09,opendata.reseaux-energies.fr,false,""
2024-09-22T15:00:00.000000,France,France,FR,6.28,19.4,98.61,21.79,opendata.reseaux-energies.fr,false,""
2024-09-22T16:00:00.000000,France,France,FR,6.3,18.72,98.6,20.54,opendata.reseaux-energies.fr,false,""
2024-09-22T17:00:00.000000,France,France,FR,6.58,18.5,98.52,20.22,opendata.reseaux-energies.fr,false,""
2024-09-22T18:00:00.000000,France,France,FR,6.51,18.34,98.54,20.63,opendata.reseaux-energies.fr,false,""
2024-09-22T19:00:00.000000,France,France,FR,6.27,17.82,98.6,18.36,opendata.reseaux-energies.fr,false,""
2024-09-22T20:00:00.000000,France,France,FR,6.46,18.0,98.55,17.83,opendata.reseaux-energies.fr,false,""
2024-09-22T21:00:00.000000,France,France,FR,6.51,18.08,98.54,18.41,opendata.reseaux-energies.fr,false,""
2024-09-22T22:00:00.000000,France,France,FR,5.56,18.42,98.72,19.1,opendata.reseaux-energies.fr,false,""
2024-09-22T23:00:00.000000,France,France,FR,5.35,18.41,98.78,17.39,opendata.reseaux-energies.fr,false,""
2024-09-23T00:00:00.000000,France,France,FR,5.37,18.48,98.77,17.46,opendata.reseaux-energies.fr,false,""
2024-09-23T01:00:00.000000,France,France,FR,5.45,18.65,98.76,17.71,opendata.reseaux-energies.fr,false,""
2024-09-23T02:00:00.000000,France,France,FR,5.23,18.39,98.82,17.4,opendata.reseaux-energies.fr,false,""
2024-09-23T03:00:00.000000,France,France,FR,5.22,18.36,98.82,17.23,opendata.reseaux-energies.fr,false,""
2024-09-23T04:00:00.000000,France,France,FR,5.24,18.18,98.81,17.19,opendata.reseaux-energies.fr,false,""
2024-09-23T05:00:00.000000,France,France,FR,5.25,17.98,98.8,19.02,opendata.reseaux-energies.fr,false,""
2024-09-23T06:00:00.000000,France,France,FR,5.49,18.3,98.72,21.56,opendata.reseaux-energies.fr,false,""
2024-09-23T07:00:00.000000,France,France,FR,5.24,18.51,98.78,23.6,opendata.reseaux-energies.fr,false,""
2024-09-23T08:00:00.000000,France,France,FR,4.82,18.83,98.88,26.39,opendata.reseaux-energies.fr,false,""
2024-09-23T09:00:00.000000,France,France,FR,4.54,19.26,98.94,29.22,opendata.reseaux-energies.fr,false,""
2024-09-23T10:00:00.000000,France,France,FR,4.48,19.82,98.96,31.66,opendata.reseaux-energies.fr,false,""
2024-09-23T11:00:00.000000,France,France,FR,4.69,20.42,98.89,32.36,opendata.reseaux-energies.fr,false,""
2024-09-23T12:00:00.000000,France,France,FR,4.82,20.63,98.86,32.11,opendata.reseaux-energies.fr,false,""
2024-09-23T13:00:00.000000,France,France,FR,4.55,20.16,98.94,31.87,opendata.reseaux-energies.fr,false,""
2024-09-23T14:00:00.000000,France,France,FR,4.97,20.3,98.83,30.54,opendata.reseaux-energies.fr,false,""
2024-09-23T15:00:00.000000,France,France,FR,5.48,20.17,98.68,28.02,opendata.reseaux-energies.fr,false,""
2024-09-23T16:00:00.000000,France,France,FR,5.45,19.26,98.7,25.67,opendata.reseaux-energies.fr,false,""
2024-09-23T17:00:00.000000,France,France,FR,5.25,18.05,98.76,25.07,opendata.reseaux-energies.fr,false,""
2024-09-23T18:00:00.000000,France,France,FR,5.56,18.17,98.67,24.67,opendata.reseaux-energies.fr,false,""
2024-09-23T19:00:00.000000,France,France,FR,6.84,19.69,98.46,22.52,opendata.reseaux-energies.fr,false,""
2024-09-23T20:00:00.000000,France,France,FR,9.09,22.11,98.2,21.33,opendata.reseaux-energies.fr,false,""
2024-09-23T21:00:00.000000,France,France,FR,11.68,24.79,97.85,21.17,opendata.reseaux-energies.fr,false,""
2024-09-23T22:00:00.000000,France,France,FR,13.7,27.02,97.63,20.48,opendata.reseaux-energies.fr,false,""
2024-09-23T23:00:00.000000,France,France,FR,14.16,27.52,97.6,19.56,opendata.reseaux-energies.fr,false,""
2024-09-24T00:00:00.000000,France,France,FR,14.15,27.47,97.63,18.98,opendata.reseaux-energies.fr,false,""
2024-09-24T01:00:00.000000,France,France,FR,14.45,27.92,97.57,19.03,opendata.reseaux-energies.fr,false,""
2024-09-24T02:00:00.000000,France,France,FR,14.78,28.39,97.5,19.16,opendata.reseaux-energies.fr,false,""
2024-09-24T03:00:00.000000,France,France,FR,14.66,28.22,97.52,19.48,opendata.reseaux-energies.fr,false,""
2024-09-24T04:00:00.000000,France,France,FR,13.93,27.29,97.67,20.98,opendata.reseaux-energies.fr,false,""
2024-09-24T05:00:00.000000,France,France,FR,13.46,26.71,97.71,23.21,opendata.reseaux-energies.fr,false,""
2024-09-24T06:00:00.000000,France,France,FR,13.43,26.85,97.69,24.82,opendata.reseaux-energies.fr,false,""
2024-09-24T07:00:00.000000,France,France,FR,13.36,27.18,97.68,26.5,opendata.reseaux-energies.fr,false,""
2024-09-24T08:00:00.000000,France,France,FR,12.85,27.13,97.78,28.7,opendata.reseaux-energies.fr,false,""
2024-09-24T09:00:00.000000,France,France,FR,12.25,27.13,97.92,31.56,opendata.reseaux-energies.fr,false,""
2024-09-24T10:00:00.000000,France,France,FR,12.07,27.37,97.93,33.37,opendata.reseaux-energies.fr,false,""
2024-09-24T11:00:00.000000,France,France,FR,11.98,27.61,97.94,34.46,opendata.reseaux-energies.fr,false,""
2024-09-24T12:00:00.000000,France,France,FR,12.27,28.23,97.89,35.39,opendata.reseaux-energies.fr,false,""
2024-09-24T13:00:00.000000,France,France,FR,12.56,28.65,97.83,35.26,opendata.reseaux-energies.fr,false,""
2024-09-24T14:00:00.000000,France,France,FR,13.33,29.43,97.65,33.6,opendata.reseaux-energies.fr,false,""
2024-09-24T15:00:00.000000,France,France,FR,13.68,29.21,97.58,30.74,opendata.reseaux-energies.fr,false,""
2024-09-24T16:00:00.000000,France,France,FR,13.1,27.3,97.77,27.02,opendata.reseaux-energies.fr,false,""
2024-09-24T17:00:00.000000,France,France,FR,13.09,26.5,97.64,25.01,opendata.reseaux-energies.fr,false,""
2024-09-24T18:00:00.000000,France,France,FR,13.03,26.07,97.7,23.81,opendata.reseaux-energies.fr,false,""
2024-09-24T19:00:00.000000,France,France,FR,10.51,23.26,98.08,23.06,opendata.reseaux-energies.fr,false,""
2024-09-24T20:00:00.000000,France,France,FR,10.56,23.42,98.01,22.42,opendata.reseaux-energies.fr,false,""
2024-09-24T21:00:00.000000,France,France,FR,10.89,23.92,97.9,22.44,opendata.reseaux-energies.fr,false,""
2024-09-24T22:00:00.000000,France,France,FR,9.7,22.38,98.25,20.77,opendata.reseaux-energies.fr,false,""
2024-09-24T23:00:00.000000,France,France,FR,9.04,21.71,98.47,19.18,opendata.reseaux-energies.fr,false,""
2024-09-25T00:00:00.000000,France,France,FR,9.11,21.84,98.47,19.01,opendata.reseaux-energies.fr,false,""
2024-09-25T01:00:00.000000,France,France,FR,9.19,21.95,98.46,18.34,opendata.reseaux-energies.fr,false,""
2024-09-25T02:00:00.000000,France,France,FR,9.26,22.05,98.45,17.62,opendata.reseaux-energies.fr,false,""
2024-09-25T03:00:00.000000,France,France,FR,9.23,22.02,98.46,17.89,opendata.reseaux-energies.fr,false,""
2024-09-25T04:00:00.000000,France,France,FR,9.61,22.22,98.38,19.28,opendata.reseaux-energies.fr,false,""
2024-09-25T05:00:00.000000,France,France,FR,10.18,22.71,98.29,22.64,opendata.reseaux-energies.fr,false,""
2024-09-25T06:00:00.000000,France,France,FR,10.77,23.56,98.21,25.23,opendata.reseaux-energies.fr,false,""
2024-09-25T07:00:00.000000,France,France,FR,10.54,23.89,98.24,27.72,opendata.reseaux-energies.fr,false,""
2024-09-25T08:00:00.000000,France,France,FR,10.14,24.03,98.33,29.79,opendata.reseaux-energies.fr,false,""
2024-09-25T09:00:00.000000,France,France,FR,10.0,24.64,98.35,32.19,opendata.reseaux-energies.fr,false,""
2024-09-25T10:00:00.000000,France,France,FR,10.4,25.61,98.23,33.71,opendata.reseaux-energies.fr,false,""
2024-09-25T11:00:00.000000,France,France,FR,10.63,26.23,98.17,35.67,opendata.reseaux-energies.fr,false,""
2024-09-25T12:00:00.000000,France,France,FR,10.81,26.43,98.2,36.67,opendata.reseaux-energies.fr,false,""
2024-09-25T13:00:00.000000,France,France,FR,10.83,26.24,98.26,37.6,opendata.reseaux-energies.fr,false,""
2024-09-25T14:00:00.000000,France,France,FR,11.33,26.3,98.19,35.91,opendata.reseaux-energies.fr,false,""
2024-09-25T15:00:00.000000,France,France,FR,10.7,24.79,98.29,32.14,opendata.reseaux-energies.fr,false,""
2024-09-25T16:00:00.000000,France,France,FR,9.69,23.15,98.42,30.81,opendata.reseaux-energies.fr,false,""
2024-09-25T17:00:00.000000,France,France,FR,8.39,21.35,98.56,31.02,opendata.reseaux-energies.fr,false,""
2024-09-25T18:00:00.000000,France,France,FR,8.47,21.41,98.54,30.64,opendata.reseaux-energies.fr,false,""
2024-09-25T19:00:00.000000,France,France,FR,8.43,21.54,98.57,30.83,opendata.reseaux-energies.fr,false,""
2024-09-25T20:00:00.000000,France,France,FR,8.37,21.55,98.6,31.93,opendata.reseaux-energies.fr,false,""
2024-09-25T21:00:00.000000,France,France,FR,8.27,21.49,98.62,33.2,opendata.reseaux-energies.fr,false,""
2024-09-25T22:00:00.000000,France,France,FR,8.41,21.72,98.6,32.73,opendata.reseaux-energies.fr,false,""
2024-09-25T23:00:00.000000,France,France,FR,8.89,22.54,98.52,32.78,opendata.reseaux-energies.fr,false,""
2024-09-26T00:00:00.000000,France,France,FR,9.01,22.72,98.5,32.41,opendata.reseaux-energies.fr,false,""
2024-09-26T01:00:00.000000,France,France,FR,9.41,23.4,98.43,33.02,opendata.reseaux-energies.fr,false,""
2024-09-26T02:00:00.000000,France,France,FR,9.67,23.88,98.39,33.47,opendata.reseaux-energies.fr,false,""
2024-09-26T03:00:00.000000,France,France,FR,10.04,24.26,98.33,33.87,opendata.reseaux-energies.fr,false,""
2024-09-26T04:00:00.000000,France,France,FR,9.17,22.89,98.47,33.71,opendata.reseaux-energies.fr,false,""
2024-09-26T05:00:00.000000,France,France,FR,9.03,22.41,98.49,33.61,opendata.reseaux-energies.fr,false,""
2024-09-26T06:00:00.000000,France,France,FR,10.65,24.47,98.15,35.17,opendata.reseaux-energies.fr,false,""
2024-09-26T07:00:00.000000,France,France,FR,11.68,25.97,97.9,36.05,opendata.reseaux-energies.fr,false,""
2024-09-26T08:00:00.000000,France,France,FR,11.41,26.05,97.94,37.73,opendata.reseaux-energies.fr,false,""
2024-09-26T09:00:00.000000,France,France,FR,11.46,26.56,97.94,40.38,opendata.reseaux-energies.fr,false,""
2024-09-26T10:00:00.000000,France,France,FR,11.1,26.28,98.01,41.31,opendata.reseaux-energies.fr,false,""
2024-09-26T11:00:00.000000,France,France,FR,11.17,26.77,98.0,43.18,opendata.reseaux-energies.fr,false,""
2024-09-26T12:00:00.000000,France,France,FR,11.35,27.47,97.97,44.87,opendata.reseaux-energies.fr,false,""
2024-09-26T13:00:00.000000,France,France,FR,10.55,26.64,98.09,45.57,opendata.reseaux-energies.fr,false,""
2024-09-26T14:00:00.000000,France,France,FR,10.52,26.56,98.09,45.36,opendata.reseaux-energies.fr,false,""
2024-09-26T15:00:00.000000,France,France,FR,11.05,26.95,98.01,45.27,opendata.reseaux-energies.fr,false,""
2024-09-26T16:00:00.000000,France,France,FR,11.24,26.48,97.99,43.45,opendata.reseaux-energies.fr,false,""
2024-09-26T17:00:00.000000,France,France,FR,9.83,23.99,98.19,40.05,opendata.reseaux-energies.fr,false,""
2024-09-26T18:00:00.000000,France,France,FR,9.47,23.28,98.23,38.6,opendata.reseaux-energies.fr,false,""
2024-09-26T19:00:00.000000,France,France,FR,9.48,23.35,98.24,38.41,opendata.reseaux-energies.fr,false,""
2024-09-26T20:00:00.000000,France,France,FR,9.63,23.6,98.21,38.58,opendata.reseaux-energies.fr,false,""
2024-09-26T21:00:00.000000,France,France,FR,10.3,24.29,98.13,38.01,opendata.reseaux-energies.fr,false,""
2024-09-26T22:00:00.000000,France,France,FR,10.31,24.49,98.12,37.86,opendata.reseaux-energies.fr,false,""
2024-09-26T23:00:00.000000,France,France,FR,10.15,24.66,98.01,32.84,opendata.reseaux-energies.fr,false,""
2024-09-27T00:00:00.000000,France,France,FR,8.4,22.68,98.28,31.03,opendata.reseaux-energies.fr,false,""
2024-09-27T01:00:00.000000,France,France,FR,6.07,20.25,98.56,30.7,opendata.reseaux-energies.fr,false,""
2024-09-27T02:00:00.000000,France,France,FR,6.0,20.23,98.61,30.81,opendata.reseaux-energies.fr,false,""
2024-09-27T03:00:00.000000,France,France,FR,5.1,19.12,98.84,34.19,opendata.reseaux-energies.fr,false,""
2024-09-27T04:00:00.000000,France,France,FR,4.86,18.92,98.89,38.36,opendata.reseaux-energies.fr,false,""
2024-09-27T05:00:00.000000,France,France,FR,3.89,17.27,99.14,38.44,opendata.reseaux-energies.fr,false,""
2024-09-27T06:00:00.000000,France,France,FR,3.91,17.17,99.13,38.28,opendata.reseaux-energies.fr,false,""
2024-09-27T07:00:00.000000,France,France,FR,4.1,18.0,99.08,40.24,opendata.reseaux-energies.fr,false,""
2024-09-27T08:00:00.000000,France,France,FR,3.58,18.0,99.22,42.52,opendata.reseaux-energies.fr,false,""
2024-09-27T09:00:00.000000,France,France,FR,4.08,19.23,99.08,44.99,opendata.reseaux-energies.fr,false,""
2024-09-27T10:00:00.000000,France,France,FR,6.56,22.56,98.58,41.26,opendata.reseaux-energies.fr,false,""
2024-09-27T11:00:00.000000,France,France,FR,6.1,22.41,98.66,41.71,opendata.reseaux-energies.fr,false,""
2024-09-27T12:00:00.000000,France,France,FR,6.04,22.47,98.76,43.03,opendata.reseaux-energies.fr,false,""
2024-09-27T13:00:00.000000,France,France,FR,6.08,22.28,98.75,41.87,opendata.reseaux-energies.fr,false,""
2024-09-27T14:00:00.000000,France,France,FR,4.81,20.46,98.95,43.33,opendata.reseaux-energies.fr,false,""
2024-09-27T15:00:00.000000,France,France,FR,5.38,20.93,98.83,43.64,opendata.reseaux-energies.fr,false,""
2024-09-27T16:00:00.000000,France,France,FR,5.39,19.99,98.84,40.17,opendata.reseaux-energies.fr,false,""
2024-09-27T17:00:00.000000,France,France,FR,4.67,18.08,98.96,36.03,opendata.reseaux-energies.fr,false,""
2024-09-27T18:00:00.000000,France,France,FR,4.53,17.65,98.98,34.91,opendata.reseaux-energies.fr,false,""
2024-09-27T19:00:00.000000,France,France,FR,4.52,17.71,98.99,33.0,opendata.reseaux-energies.fr,false,""
2024-09-27T20:00:00.000000,France,France,FR,4.76,18.03,98.94,31.27,opendata.reseaux-energies.fr,false,""
2024-09-27T21:00:00.000000,France,France,FR,5.63,19.27,98.77,31.07,opendata.reseaux-energies.fr,false,""
2024-09-27T22:00:00.000000,France,France,FR,4.6,18.0,98.97,29.87,opendata.reseaux-energies.fr,false,""
2024-09-27T23:00:00.000000,France,France,FR,4.82,18.45,98.92,28.94,opendata.reseaux-energies.fr,false,""
2024-09-28T00:00:00.000000,France,France,FR,4.96,18.66,98.89,27.96,opendata.reseaux-energies.fr,false,""
2024-09-28T01:00:00.000000,France,France,FR,4.99,18.78,98.89,27.61,opendata.reseaux-energies.fr,false,""
2024-09-28T02:00:00.000000,France,France,FR,5.01,18.78,98.88,27.0,opendata.reseaux-energies.fr,false,""
2024-09-28T03:00:00.000000,France,France,FR,5.01,18.66,98.88,26.22,opendata.reseaux-energies.fr,false,""
2024-09-28T04:00:00.000000,France,France,FR,4.9,18.28,98.9,25.21,opendata.reseaux-energies.fr,false,""
2024-09-28T05:00:00.000000,France,France,FR,4.79,17.9,98.93,24.56,opendata.reseaux-energies.fr,false,""
2024-09-28T06:00:00.000000,France,France,FR,4.74,17.93,98.94,24.42,opendata.reseaux-energies.fr,false,""
2024-09-28T07:00:00.000000,France,France,FR,4.74,18.93,98.94,26.87,opendata.reseaux-energies.fr,false,""
2024-09-28T08:00:00.000000,France,France,FR,5.46,21.4,98.85,32.34,opendata.reseaux-energies.fr,false,""
2024-09-28T09:00:00.000000,France,France,FR,5.53,23.07,98.83,38.09,opendata.reseaux-energies.fr,false,""
2024-09-28T10:00:00.000000,France,France,FR,5.89,24.41,98.75,41.2,opendata.reseaux-energies.fr,false,""
2024-09-28T11:00:00.000000,France,France,FR,5.34,24.06,98.85,41.68,opendata.reseaux-energies.fr,false,""
2024-09-28T12:00:00.000000,France,France,FR,4.81,23.36,98.93,41.81,opendata.reseaux-energies.fr,false,""
2024-09-28T13:00:00.000000,France,France,FR,4.83,23.16,98.91,41.13,opendata.reseaux-energies.fr,false,""
2024-09-28T14:00:00.000000,France,France,FR,5.48,23.29,98.83,38.67,opendata.reseaux-energies.fr,false,""
2024-09-28T15:00:00.000000,France,France,FR,6.21,22.89,98.7,33.66,opendata.reseaux-energies.fr,false,""
2024-09-28T16:00:00.000000,France,France,FR,7.46,22.78,98.4,28.51,opendata.reseaux-energies.fr,false,""
2024-09-28T17:00:00.000000,France,France,FR,6.11,19.51,98.62,24.48,opendata.reseaux-energies.fr,false,""
2024-09-28T18:00:00.000000,France,France,FR,5.49,18.5,98.75,24.08,opendata.reseaux-energies.fr,false,""
2024-09-28T19:00:00.000000,France,France,FR,5.55,18.48,98.73,22.28,opendata.reseaux-energies.fr,false,""
2024-09-28T20:00:00.000000,France,France,FR,5.54,18.44,98.74,21.07,opendata.reseaux-energies.fr,false,""
2024-09-28T21:00:00.000000,France,France,FR,5.39,18.21,98.78,22.06,opendata.reseaux-energies.fr,false,""
2024-09-28T22:00:00.000000,France,France,FR,5.59,18.48,98.72,22.03,opendata.reseaux-energies.fr,false,""
2024-09-28T23:00:00.000000,France,France,FR,5.43,18.21,98.77,21.73,opendata.reseaux-energies.fr,false,""
2024-09-29T00:00:00.000000,France,France,FR,5.36,18.1,98.79,21.45,opendata.reseaux-energies.fr,false,""
2024-09-29T01:00:00.000000,France,France,FR,5.36,18.16,98.79,20.95,opendata.reseaux-energies.fr,false,""
2024-09-29T02:00:00.000000,France,France,FR,5.36,18.29,98.79,21.33,opendata.reseaux-energies.fr,false,""
2024-09-29T03:00:00.000000,France,France,FR,5.15,18.15,98.84,22.32,opendata.reseaux-energies.fr,false,""
2024-09-29T04:00:00.000000,France,France,FR,5.07,18.02,98.86,23.6,opendata.reseaux-energies.fr,false,""
2024-09-29T05:00:00.000000,France,France,FR,5.09,18.19,98.86,24.47,opendata.reseaux-energies.fr,false,""
2024-09-29T06:00:00.000000,France,France,FR,5.06,18.39,98.86,25.84,opendata.reseaux-energies.fr,false,""
2024-09-29T07:00:00.000000,France,France,FR,4.65,18.91,98.96,29.68,opendata.reseaux-energies.fr,false,""
2024-09-29T08:00:00.000000,France,France,FR,5.91,22.13,98.74,36.07,opendata.reseaux-energies.fr,false,""
2024-09-29T09:00:00.000000,France,France,FR,6.43,24.14,98.63,40.41,opendata.reseaux-energies.fr,false,""
2024-09-29T10:00:00.000000,France,France,FR,7.07,24.94,98.51,39.35,opendata.reseaux-energies.fr,false,""
2024-09-29T11:00:00.000000,France,France,FR,7.18,25.19,98.48,39.28,opendata.reseaux-energies.fr,false,""
2024-09-29T12:00:00.000000,France,France,FR,6.71,24.37,98.57,38.6,opendata.reseaux-energies.fr,false,""
2024-09-29T13:00:00.000000,France,France,FR,6.43,23.82,98.63,40.13,opendata.reseaux-energies.fr,false,""
2024-09-29T14:00:00.000000,France,France,FR,6.43,23.65,98.64,41.89,opendata.reseaux-energies.fr,false,""
2024-09-29T15:00:00.000000,France,France,FR,6.66,22.94,98.58,38.71,opendata.reseaux-energies.fr,false,""
2024-09-29T16:00:00.000000,France,France,FR,5.88,20.65,98.71,33.63,opendata.reseaux-energies.fr,false,""
2024-09-29T17:00:00.000000,France,France,FR,4.91,18.02,98.89,30.38,opendata.reseaux-energies.fr,false,""
2024-09-29T18:00:00.000000,France,France,FR,4.83,17.55,98.9,30.48,opendata.reseaux-energies.fr,false,""
2024-09-29T19:00:00.000000,France,France,FR,4.65,17.37,98.94,31.35,opendata.reseaux-energies.fr,false,""
2024-09-29T20:00:00.000000,France,France,FR,4.64,17.4,98.94,31.77,opendata.reseaux-energies.fr,false,""
2024-09-29T21:00:00.000000,France,France,FR,4.42,17.22,98.99,31.42,opendata.reseaux-energies.fr,false,""
2024-09-29T22:00:00.000000,France,France,FR,4.47,17.46,98.99,31.73,opendata.reseaux-energies.fr,false,""
2024-09-29T23:00:00.000000,France,France,FR,4.74,18.02,98.93,32.3,opendata.reseaux-energies.fr,false,""
2024-09-30T00:00:00.000000,France,France,FR,4.78,18.16,98.91,32.66,opendata.reseaux-energies.fr,false,""
2024-09-30T01:00:00.000000,France,France,FR,4.67,18.15,98.94,33.35,opendata.reseaux-energies.fr,false,""
2024-09-30T02:00:00.000000,France,France,FR,4.68,18.19,98.94,34.18,opendata.reseaux-energies.fr,false,""
2024-09-30T03:00:00.000000,France,France,FR,4.61,18.04,98.94,34.5,opendata.reseaux-energies.fr,false,""
2024-09-30T04:00:00.000000,France,France,FR,4.28,17.4,99.02,34.89,opendata.reseaux-energies.fr,false,""
2024-09-30T05:00:00.000000,France,France,FR,4.32,17.23,99.0,35.15,opendata.reseaux-energies.fr,false,""
2024-09-30T06:00:00.000000,France,France,FR,4.53,17.47,98.94,35.83,opendata.reseaux-energies.fr,false,""
2024-09-30T07:00:00.000000,France,France,FR,4.49,17.76,98.94,37.43,opendata.reseaux-energies.fr,false,""
2024-09-30T08:00:00.000000,France,France,FR,5.36,19.38,98.85,40.05,opendata.reseaux-energies.fr,false,""
2024-09-30T09:00:00.000000,France,France,FR,6.52,21.31,98.72,42.64,opendata.reseaux-energies.fr,false,""
2024-09-30T10:00:00.000000,France,France,FR,9.45,25.35,98.27,44.35,opendata.reseaux-energies.fr,false,""
2024-09-30T11:00:00.000000,France,France,FR,13.26,30.27,97.66,45.49,opendata.reseaux-energies.fr,false,""
2024-09-30T12:00:00.000000,France,France,FR,13.86,30.86,97.57,45.35,opendata.reseaux-energies.fr,false,""
2024-09-30T13:00:00.000000,France,France,FR,14.04,30.25,97.46,38.09,opendata.reseaux-energies.fr,false,""
2024-09-30T14:00:00.000000,France,France,FR,14.46,30.22,97.37,35.62,opendata.reseaux-energies.fr,false,""
2024-09-30T15:00:00.000000,France,France,FR,14.28,29.64,97.4,36.17,opendata.reseaux-energies.fr,false,""
2024-09-30T16:00:00.000000,France,France,FR,14.64,29.36,97.38,35.71,opendata.reseaux-energies.fr,false,""
2024-09-30T17:00:00.000000,France,France,FR,14.49,28.43,97.38,34.11,opendata.reseaux-energies.fr,false,""
2024-09-30T18:00:00.000000,France,France,FR,11.71,25.44,97.69,33.36,opendata.reseaux-energies.fr,false,""
2024-09-30T19:00:00.000000,France,France,FR,10.99,24.75,97.78,32.25,opendata.reseaux-energies.fr,false,""
2024-09-30T20:00:00.000000,France,France,FR,9.92,23.42,98.11,31.72,opendata.reseaux-energies.fr,false,""
2024-09-30T21:00:00.000000,France,France,FR,9.94,23.55,98.12,31.23,opendata.reseaux-energies.fr,false,""
2024-09-30T22:00:00.000000,France,France,FR,9.03,22.31,98.43,30.78,opendata.reseaux-energies.fr,false,""
2024-09-30T23:00:00.000000,France,France,FR,8.93,22.28,98.44,30.89,opendata.reseaux-energies.fr,false,""
2024-10-01T00:00:00.000000,France,France,FR,8.89,22.23,98.45,30.16,opendata.reseaux-energies.fr,false,""
2024-10-01T01:00:00.000000,France,France,FR,9.17,22.57,98.38,29.26,opendata.reseaux-energies.fr,false,""
2024-10-01T02:00:00.000000,France,France,FR,9.35,22.74,98.36,28.09,opendata.reseaux-energies.fr,false,""
2024-10-01T03:00:00.000000,France,France,FR,9.43,22.71,98.35,27.3,opendata.reseaux-energies.fr,false,""
2024-10-01T04:00:00.000000,France,France,FR,9.32,22.2,98.4,25.81,opendata.reseaux-energies.fr,false,""
2024-10-01T05:00:00.000000,France,France,FR,9.84,22.64,98.27,26.66,opendata.reseaux-energies.fr,false,""
2024-10-01T06:00:00.000000,France,France,FR,11.83,24.85,97.95,26.84,opendata.reseaux-energies.fr,false,""
2024-10-01T07:00:00.000000,France,France,FR,13.16,26.67,97.75,27.73,opendata.reseaux-energies.fr,false,""
2024-10-01T08:00:00.000000,France,France,FR,13.96,28.36,97.52,29.59,opendata.reseaux-energies.fr,false,""
2024-10-01T09:00:00.000000,France,France,FR,14.53,29.77,97.35,31.29,opendata.reseaux-energies.fr,false,""
2024-10-01T10:00:00.000000,France,France,FR,14.45,30.17,97.35,32.67,opendata.reseaux-energies.fr,false,""
2024-10-01T11:00:00.000000,France,France,FR,12.69,28.1,97.83,33.3,opendata.reseaux-energies.fr,false,""
2024-10-01T12:00:00.000000,France,France,FR,14.18,30.0,97.47,32.71,opendata.reseaux-energies.fr,false,""
2024-10-01T13:00:00.000000,France,France,FR,13.54,28.97,97.73,32.15,opendata.reseaux-energies.fr,false,""
2024-10-01T14:00:00.000000,France,France,FR,13.86,29.07,97.66,30.41,opendata.reseaux-energies.fr,false,""
2024-10-01T15:00:00.000000,France,France,FR,14.61,29.42,97.51,28.05,opendata.reseaux-energies.fr,false,""
2024-10-01T16:00:00.000000,France,France,FR,17.03,31.97,96.72,26.36,opendata.reseaux-energies.fr,false,""
2024-10-01T17:00:00.000000,France,France,FR,18.84,33.7,96.25,26.28,opendata.reseaux-energies.fr,false,""
2024-10-01T18:00:00.000000,France,France,FR,18.19,33.02,96.3,25.82,opendata.reseaux-energies.fr,false,""
2024-10-01T19:00:00.000000,France,France,FR,18.16,32.89,96.32,24.14,opendata.reseaux-energies.fr,false,""
2024-10-01T20:00:00.000000,France,France,FR,17.74,32.39,96.43,23.95,opendata.reseaux-energies.fr,false,""
2024-10-01T21:00:00.000000,France,France,FR,17.32,31.99,96.49,24.32,opendata.reseaux-energies.fr,false,""
2024-10-01T22:00:00.000000,France,France,FR,14.17,28.09,97.29,24.91,opendata.reseaux-energies.fr,false,""
2024-10-01T23:00:00.000000,France,France,FR,10.81,24.21,98.0,25.07,opendata.reseaux-energies.fr,false,""
2024-10-02T00:00:00.000000,France,France,FR,10.22,23.36,98.2,24.08,opendata.reseaux-energies.fr,false,""
2024-10-02T01:00:00.000000,France,France,FR,10.59,23.73,98.1,22.84,opendata.reseaux-energies.fr,false,""
2024-10-02T02:00:00.000000,France,France,FR,10.54,23.78,98.05,22.45,opendata.reseaux-energies.fr,false,""
2024-10-02T03:00:00.000000,France,France,FR,10.82,24.09,97.97,22.35,opendata.reseaux-energies.fr,false,""
2024-10-02T04:00:00.000000,France,France,FR,12.59,26.33,97.5,22.81,opendata.reseaux-energies.fr,false,""
2024-10-02T05:00:00.000000,France,France,FR,20.47,36.22,95.48,23.77,opendata.reseaux-energies.fr,false,""
2024-10-02T06:00:00.000000,France,France,FR,23.93,40.53,94.61,24.08,opendata.reseaux-energies.fr,false,""
2024-10-02T07:00:00.000000,France,France,FR,23.79,40.72,94.63,25.06,opendata.reseaux-energies.fr,false,""
2024-10-02T08:00:00.000000,France,France,FR,23.67,41.18,94.77,26.99,opendata.reseaux-energies.fr,false,""
2024-10-02T09:00:00.000000,France,France,FR,19.29,36.29,95.99,29.86,opendata.reseaux-energies.fr,false,""
2024-10-02T10:00:00.000000,France,France,FR,14.48,30.56,97.34,31.93,opendata.reseaux-energies.fr,false,""
2024-10-02T11:00:00.000000,France,France,FR,14.05,30.29,97.43,32.68,opendata.reseaux-energies.fr,false,""
2024-10-02T12:00:00.000000,France,France,FR,14.28,30.53,97.41,31.37,opendata.reseaux-energies.fr,false,""
2024-10-02T13:00:00.000000,France,France,FR,14.46,30.41,97.36,29.52,opendata.reseaux-energies.fr,false,""
2024-10-02T14:00:00.000000,France,France,FR,15.69,31.48,97.11,28.14,opendata.reseaux-energies.fr,false,""
2024-10-02T15:00:00.000000,France,France,FR,18.01,33.93,96.42,26.0,opendata.reseaux-energies.fr,false,""
2024-10-02T16:00:00.000000,France,France,FR,24.17,41.27,94.68,24.53,opendata.reseaux-energies.fr,false,""
2024-10-02T17:00:00.000000,France,France,FR,28.61,46.54,93.55,24.35,opendata.reseaux-energies.fr,false,""
2024-10-02T18:00:00.000000,France,France,FR,26.49,43.86,94.03,24.76,opendata.reseaux-energies.fr,false,""
2024-10-02T19:00:00.000000,France,France,FR,21.32,37.34,95.25,24.69,opendata.reseaux-energies.fr,false,""
2024-10-02T20:00:00.000000,France,France,FR,14.17,28.45,97.0,25.25,opendata.reseaux-energies.fr,false,""
2024-10-02T21:00:00.000000,France,France,FR,12.65,26.06,97.69,25.53,opendata.reseaux-energies.fr,false,""
2024-10-02T22:00:00.000000,France,France,FR,9.85,22.81,98.26,25.41,opendata.reseaux-energies.fr,false,""
2024-10-02T23:00:00.000000,France,France,FR,9.98,22.9,98.29,24.62,opendata.reseaux-energies.fr,false,""
2024-10-03T00:00:00.000000,France,France,FR,9.4,22.24,98.37,24.36,opendata.reseaux-energies.fr,false,""
2024-10-03T01:00:00.000000,France,France,FR,9.36,22.22,98.37,24.0,opendata.reseaux-energies.fr,false,""
2024-10-03T02:00:00.000000,France,France,FR,9.46,22.53,98.36,24.75,opendata.reseaux-energies.fr,false,""
2024-10-03T03:00:00.000000,France,France,FR,10.28,23.52,98.18,25.18,opendata.reseaux-energies.fr,false,""
2024-10-03T04:00:00.000000,France,France,FR,10.7,23.87,98.04,25.84,opendata.reseaux-energies.fr,false,""
2024-10-03T05:00:00.000000,France,France,FR,12.7,26.25,97.53,28.24,opendata.reseaux-energies.fr,false,""
2024-10-03T06:00:00.000000,France,France,FR,12.44,25.89,97.56,28.8,opendata.reseaux-energies.fr,false,""
2024-10-03T07:00:00.000000,France,France,FR,12.24,26.07,97.6,29.58,opendata.reseaux-energies.fr,false,""
2024-10-03T08:00:00.000000,France,France,FR,12.9,27.7,97.49,32.23,opendata.reseaux-energies.fr,false,""
2024-10-03T09:00:00.000000,France,France,FR,12.68,28.22,97.54,35.12,opendata.reseaux-energies.fr,false,""
2024-10-03T10:00:00.000000,France,France,FR,12.22,28.17,97.64,37.22,opendata.reseaux-energies.fr,false,""
2024-10-03T11:00:00.000000,France,France,FR,11.64,27.81,97.78,38.01,opendata.reseaux-energies.fr,false,""
2024-10-03T12:00:00.000000,France,France,FR,11.06,27.1,97.97,37.64,opendata.reseaux-energies.fr,false,""
2024-10-03T13:00:00.000000,France,France,FR,11.19,27.08,97.96,36.96,opendata.reseaux-energies.fr,false,""
2024-10-03T14:00:00.000000,France,France,FR,11.7,27.38,97.81,34.93,opendata.reseaux-energies.fr,false,""
2024-10-03T15:00:00.000000,France,France,FR,14.58,29.88,97.32,31.71,opendata.reseaux-energies.fr,false,""
2024-10-03T16:00:00.000000,France,France,FR,15.63,30.17,97.13,29.86,opendata.reseaux-energies.fr,false,""
2024-10-03T17:00:00.000000,France,France,FR,20.78,36.17,95.83,28.86,opendata.reseaux-energies.fr,false,""
2024-10-03T18:00:00.000000,France,France,FR,21.85,37.98,95.71,28.45,opendata.reseaux-energies.fr,false,""
2024-10-03T19:00:00.000000,France,France,FR,12.11,25.73,97.55,27.87,opendata.reseaux-energies.fr,false,""
2024-10-03T20:00:00.000000,France,France,FR,9.15,22.28,98.01,28.74,opendata.reseaux-energies.fr,false,""
2024-10-03T21:00:00.000000,France,France,FR,6.7,19.64,98.35,29.19,opendata.reseaux-energies.fr,false,""
2024-10-03T22:00:00.000000,France,France,FR,5.91,18.64,98.58,28.58,opendata.reseaux-energies.fr,false,""
2024-10-03T23:00:00.000000,France,France,FR,5.91,18.71,98.59,27.16,opendata.reseaux-energies.fr,false,""
2024-10-04T00:00:00.000000,France,France,FR,5.96,18.76,98.58,25.75,opendata.reseaux-energies.fr,false,""
2024-10-04T01:00:00.000000,France,France,FR,6.0,18.87,98.57,24.98,opendata.reseaux-energies.fr,false,""
2024-10-04T02:00:00.000000,France,France,FR,7.45,20.66,98.18,24.18,opendata.reseaux-energies.fr,false,""
2024-10-04T03:00:00.000000,France,France,FR,10.35,24.37,97.38,23.49,opendata.reseaux-energies.fr,false,""
2024-10-04T04:00:00.000000,France,France,FR,16.14,31.77,95.77,24.07,opendata.reseaux-energies.fr,false,""
2024-10-04T05:00:00.000000,France,France,FR,20.72,37.66,94.51,25.46,opendata.reseaux-energies.fr,false,""
2024-10-04T06:00:00.000000,France,France,FR,26.08,44.62,93.35,26.18,opendata.reseaux-energies.fr,false,""
2024-10-04T07:00:00.000000,France,France,FR,25.4,44.36,93.54,27.54,opendata.reseaux-energies.fr,false,""
2024-10-04T08:00:00.000000,France,France,FR,24.71,44.6,93.65,29.98,opendata.reseaux-energies.fr,false,""
2024-10-04T09:00:00.000000,France,France,FR,19.06,38.37,95.06,33.06,opendata.reseaux-energies.fr,false,""
2024-10-04T10:00:00.000000,France,France,FR,8.58,25.52,97.95,36.68,opendata.reseaux-energies.fr,false,""
2024-10-04T11:00:00.000000,France,France,FR,7.82,24.99,98.14,37.29,opendata.reseaux-energies.fr,false,""
2024-10-04T12:00:00.000000,France,France,FR,6.38,23.34,98.53,37.49,opendata.reseaux-energies.fr,false,""
2024-10-04T13:00:00.000000,France,France,FR,6.23,22.98,98.59,36.32,opendata.reseaux-energies.fr,false,""
2024-10-04T14:00:00.000000,France,France,FR,7.02,23.41,98.39,33.7,opendata.reseaux-energies.fr,false,""
2024-10-04T15:00:00.000000,France,France,FR,7.32,22.53,98.31,30.16,opendata.reseaux-energies.fr,false,""
2024-10-04T16:00:00.000000,France,France,FR,14.02,29.85,96.49,26.02,opendata.reseaux-energies.fr,false,""
2024-10-04T17:00:00.000000,France,France,FR,21.72,39.0,94.37,24.45,opendata.reseaux-energies.fr,false,""
2024-10-04T18:00:00.000000,France,France,FR,20.17,37.14,94.7,24.57,opendata.reseaux-energies.fr,false,""
2024-10-04T19:00:00.000000,France,France,FR,19.42,36.17,94.89,24.05,opendata.reseaux-energies.fr,false,""
2024-10-04T20:00:00.000000,France,France,FR,19.69,36.6,94.81,23.93,opendata.reseaux-energies.fr,false,""
2024-10-04T21:00:00.000000,France,France,FR,17.6,34.03,95.39,25.18,opendata.reseaux-energies.fr,false,""
2024-10-04T22:00:00.000000,France,France,FR,12.63,27.28,96.75,24.76,opendata.reseaux-energies.fr,false,""
2024-10-04T23:00:00.000000,France,France,FR,5.07,17.13,98.81,24.56,opendata.reseaux-energies.fr,false,""
2024-10-05T00:00:00.000000,France,France,FR,5.08,17.16,98.81,24.68,opendata.reseaux-energies.fr,false,""
2024-10-05T01:00:00.000000,France,France,FR,5.06,17.15,98.82,23.71,opendata.reseaux-energies.fr,false,""
2024-10-05T02:00:00.000000,France,France,FR,5.02,17.1,98.83,23.14,opendata.reseaux-energies.fr,false,""
2024-10-05T03:00:00.000000,France,France,FR,5.04,17.12,98.82,22.93,opendata.reseaux-energies.fr,false,""
2024-10-05T04:00:00.000000,France,France,FR,4.88,16.86,98.87,23.33,opendata.reseaux-energies.fr,false,""
2024-10-05T05:00:00.000000,France,France,FR,4.75,16.69,98.9,24.65,opendata.reseaux-energies.fr,false,""
2024-10-05T06:00:00.000000,France,France,FR,4.72,16.8,98.91,25.95,opendata.reseaux-energies.fr,false,""
2024-10-05T07:00:00.000000,France,France,FR,4.42,17.4,98.98,28.65,opendata.reseaux-energies.fr,false,""
2024-10-05T08:00:00.000000,France,France,FR,4.52,19.07,98.97,32.42,opendata.reseaux-energies.fr,false,""
2024-10-05T09:00:00.000000,France,France,FR,4.74,20.59,98.95,36.1,opendata.reseaux-energies.fr,false,""
2024-10-05T10:00:00.000000,France,France,FR,5.06,21.87,98.88,40.12,opendata.reseaux-energies.fr,false,""
2024-10-05T11:00:00.000000,France,France,FR,5.46,23.0,98.78,42.97,opendata.reseaux-energies.fr,false,""
2024-10-05T12:00:00.000000,France,France,FR,5.4,23.12,98.79,43.88,opendata.reseaux-energies.fr,false,""
2024-10-05T13:00:00.000000,France,France,FR,5.28,22.64,98.81,42.69,opendata.reseaux-energies.fr,false,""
2024-10-05T14:00:00.000000,France,France,FR,5.77,22.26,98.72,39.29,opendata.reseaux-energies.fr,false,""
2024-10-05T15:00:00.000000,France,France,FR,5.92,20.82,98.68,34.06,opendata.reseaux-energies.fr,false,""
2024-10-05T16:00:00.000000,France,France,FR,6.58,20.03,98.52,28.45,opendata.reseaux-energies.fr,false,""
2024-10-05T17:00:00.000000,France,France,FR,13.35,27.83,97.34,27.69,opendata.reseaux-energies.fr,false,""
2024-10-05T18:00:00.000000,France,France,FR,11.39,25.24,97.73,29.43,opendata.reseaux-energies.fr,false,""
2024-10-05T19:00:00.000000,France,France,FR,4.79,16.8,98.88,30.22,opendata.reseaux-energies.fr,false,""
2024-10-05T20:00:00.000000,France,France,FR,4.72,16.73,98.9,30.2,opendata.reseaux-energies.fr,false,""
2024-10-05T21:00:00.000000,France,France,FR,4.65,16.62,98.91,29.63,opendata.reseaux-energies.fr,false,""
2024-10-05T22:00:00.000000,France,France,FR,4.34,17.08,99.03,29.98,opendata.reseaux-energies.fr,false,""
2024-10-05T23:00:00.000000,France,France,FR,4.4,17.33,99.02,29.98,opendata.reseaux-energies.fr,false,""
2024-10-06T00:00:00.000000,France,France,FR,4.44,17.44,99.01,29.7,opendata.reseaux-energies.fr,false,""
2024-10-06T01:00:00.000000,France,France,FR,4.59,17.82,98.98,29.49,opendata.reseaux-energies.fr,false,""
2024-10-06T02:00:00.000000,France,France,FR,4.73,18.11,98.95,29.49,opendata.reseaux-energies.fr,false,""
2024-10-06T03:00:00.000000,France,France,FR,4.72,18.03,98.95,28.45,opendata.reseaux-energies.fr,false,""
2024-10-06T04:00:00.000000,France,France,FR,4.71,17.95,98.95,28.15,opendata.reseaux-energies.fr,false,""
2024-10-06T05:00:00.000000,France,France,FR,4.64,17.75,98.97,27.92,opendata.reseaux-energies.fr,false,""
2024-10-06T06:00:00.000000,France,France,FR,4.66,17.77,98.97,28.55,opendata.reseaux-energies.fr,false,""
2024-10-06T07:00:00.000000,France,France,FR,5.39,18.95,98.82,29.2,opendata.reseaux-energies.fr,false,""
2024-10-06T08:00:00.000000,France,France,FR,6.05,20.28,98.71,31.53,opendata.reseaux-energies.fr,false,""
2024-10-06T09:00:00.000000,France,France,FR,5.86,20.87,98.76,34.58,opendata.reseaux-energies.fr,false,""
2024-10-06T10:00:00.000000,France,France,FR,6.12,22.12,98.71,37.55,opendata.reseaux-energies.fr,false,""
2024-10-06T11:00:00.000000,France,France,FR,7.71,24.56,98.41,37.22,opendata.reseaux-energies.fr,false,""
2024-10-06T12:00:00.000000,France,France,FR,7.44,24.36,98.44,37.77,opendata.reseaux-energies.fr,false,""
2024-10-06T13:00:00.000000,France,France,FR,5.25,21.16,98.86,38.4,opendata.reseaux-energies.fr,false,""
2024-10-06T14:00:00.000000,France,France,FR,5.25,20.68,98.86,38.93,opendata.reseaux-energies.fr,false,""
2024-10-06T15:00:00.000000,France,France,FR,5.91,20.71,98.73,36.51,opendata.reseaux-energies.fr,false,""
2024-10-06T16:00:00.000000,France,France,FR,5.84,19.72,98.73,32.98,opendata.reseaux-energies.fr,false,""
2024-10-06T17:00:00.000000,France,France,FR,4.98,17.74,98.9,30.26,opendata.reseaux-energies.fr,false,""
2024-10-06T18:00:00.000000,France,France,FR,4.32,16.76,99.04,30.82,opendata.reseaux-energies.fr,false,""
2024-10-06T19:00:00.000000,France,France,FR,4.24,16.71,99.06,30.47,opendata.reseaux-energies.fr,false,""
2024-10-06T20:00:00.000000,France,France,FR,4.28,16.76,99.05,30.17,opendata.reseaux-energies.fr,false,""
2024-10-06T21:00:00.000000,France,France,FR,4.2,16.62,99.07,29.78,opendata.reseaux-energies.fr,false,""
2024-10-06T22:00:00.000000,France,France,FR,4.26,16.83,99.05,30.08,opendata.reseaux-energies.fr,false,""
2024-10-06T23:00:00.000000,France,France,FR,4.63,17.44,98.96,29.38,opendata.reseaux-energies.fr,false,""
2024-10-07T00:00:00.000000,France,France,FR,4.81,17.85,98.91,29.53,opendata.reseaux-energies.fr,false,""
2024-10-07T01:00:00.000000,France,France,FR,5.32,18.46,98.78,28.15,opendata.reseaux-energies.fr,false,""
2024-10-07T02:00:00.000000,France,France,FR,6.79,20.39,98.38,26.65,opendata.reseaux-energies.fr,false,""
2024-10-07T03:00:00.000000,France,France,FR,6.76,20.06,98.39,25.01,opendata.reseaux-energies.fr,false,""
2024-10-07T04:00:00.000000,France,France,FR,6.84,19.88,98.36,25.36,opendata.reseaux-energies.fr,false,""
2024-10-07T05:00:00.000000,France,France,FR,8.01,21.12,98.07,25.75,opendata.reseaux-energies.fr,false,""
2024-10-07T06:00:00.000000,France,France,FR,9.91,23.57,97.58,26.44,opendata.reseaux-energies.fr,false,""
2024-10-07T07:00:00.000000,France,France,FR,11.32,25.62,97.18,26.77,opendata.reseaux-energies.fr,false,""
2024-10-07T08:00:00.000000,France,France,FR,10.97,25.45,97.38,27.21,opendata.reseaux-energies.fr,false,""
2024-10-07T09:00:00.000000,France,France,FR,10.15,24.85,97.65,28.29,opendata.reseaux-energies.fr,false,""
2024-10-07T10:00:00.000000,France,France,FR,9.63,24.57,97.76,29.7,opendata.reseaux-energies.fr,false,""
2024-10-07T11:00:00.000000,France,France,FR,8.62,23.43,98.02,29.95,opendata.reseaux-energies.fr,false,""
2024-10-07T12:00:00.000000,France,France,FR,8.98,23.81,97.92,29.86,opendata.reseaux-energies.fr,false,""
2024-10-07T13:00:00.000000,France,France,FR,7.8,22.16,98.26,30.84,opendata.reseaux-energies.fr,false,""
2024-10-07T14:00:00.000000,France,France,FR,6.91,20.77,98.53,31.15,opendata.reseaux-energies.fr,false,""
2024-10-07T15:00:00.000000,France,France,FR,6.79,20.26,98.53,30.72,opendata.reseaux-energies.fr,false,""
2024-10-07T16:00:00.000000,France,France,FR,8.24,21.85,98.15,31.78,opendata.reseaux-energies.fr,false,""
2024-10-07T17:00:00.000000,France,France,FR,13.63,28.57,97.03,32.7,opendata.reseaux-energies.fr,false,""
2024-10-07T18:00:00.000000,France,France,FR,15.62,31.18,96.72,32.31,opendata.reseaux-energies.fr,false,""
2024-10-07T19:00:00.000000,France,France,FR,14.55,29.84,96.99,31.23,opendata.reseaux-energies.fr,false,""
2024-10-07T20:00:00.000000,France,France,FR,14.04,29.17,97.14,31.02,opendata.reseaux-energies.fr,false,""
2024-10-07T21:00:00.000000,France,France,FR,13.45,28.41,97.31,31.06,opendata.reseaux-energies.fr,false,""
2024-10-07T22:00:00.000000,France,France,FR,11.62,26.16,97.82,31.39,opendata.reseaux-energies.fr,false,""
2024-10-07T23:00:00.000000,France,France,FR,5.27,18.22,98.91,32.63,opendata.reseaux-energies.fr,false,""
2024-10-08T00:00:00.000000,France,France,FR,4.45,17.22,99.0,32.26,opendata.reseaux-energies.fr,false,""
2024-10-08T01:00:00.000000,France,France,FR,4.5,17.3,98.99,31.19,opendata.reseaux-energies.fr,false,""
2024-10-08T02:00:00.000000,France,France,FR,4.51,17.35,98.99,30.79,opendata.reseaux-energies.fr,false,""
2024-10-08T03:00:00.000000,France,France,FR,4.6,17.44,98.97,30.89,opendata.reseaux-energies.fr,false,""
2024-10-08T04:00:00.000000,France,France,FR,5.7,18.64,98.77,31.64,opendata.reseaux-energies.fr,false,""
2024-10-08T05:00:00.000000,France,France,FR,6.41,19.41,98.62,33.38,opendata.reseaux-energies.fr,false,""
2024-10-08T06:00:00.000000,France,France,FR,6.26,19.12,98.62,33.58,opendata.reseaux-energies.fr,false,""
2024-10-08T07:00:00.000000,France,France,FR,6.68,19.96,98.54,34.17,opendata.reseaux-energies.fr,false,""
2024-10-08T08:00:00.000000,France,France,FR,5.95,19.88,98.7,36.22,opendata.reseaux-energies.fr,false,""
2024-10-08T09:00:00.000000,France,France,FR,4.81,19.33,98.95,38.85,opendata.reseaux-energies.fr,false,""
2024-10-08T10:00:00.000000,France,France,FR,4.49,19.53,99.0,40.91,opendata.reseaux-energies.fr,false,""
2024-10-08T11:00:00.000000,France,France,FR,4.1,19.4,99.07,42.59,opendata.reseaux-energies.fr,false,""
2024-10-08T12:00:00.000000,France,France,FR,4.21,19.94,99.05,44.39,opendata.reseaux-energies.fr,false,""
2024-10-08T13:00:00.000000,France,France,FR,4.12,19.84,99.07,44.76,opendata.reseaux-energies.fr,false,""
2024-10-08T14:00:00.000000,France,France,FR,4.12,19.43,99.07,44.2,opendata.reseaux-energies.fr,false,""
2024-10-08T15:00:00.000000,France,France,FR,4.32,18.83,99.02,41.48,opendata.reseaux-energies.fr,false,""
2024-10-08T16:00:00.000000,France,France,FR,4.87,18.46,98.91,37.59,opendata.reseaux-energies.fr,false,""
2024-10-08T17:00:00.000000,France,France,FR,8.0,21.69,98.36,36.03,opendata.reseaux-energies.fr,false,""
2024-10-08T18:00:00.000000,France,France,FR,11.76,26.48,97.72,35.59,opendata.reseaux-energies.fr,false,""
2024-10-08T19:00:00.000000,France,France,FR,4.13,16.8,99.08,36.28,opendata.reseaux-energies.fr,false,""
2024-10-08T20:00:00.000000,France,France,FR,3.92,16.53,99.13,35.81,opendata.reseaux-energies.fr,false,""
2024-10-08T21:00:00.000000,France,France,FR,3.84,16.42,99.16,35.92,opendata.reseaux-energies.fr,false,""
2024-10-08T22:00:00.000000,France,France,FR,3.89,16.55,99.14,35.05,opendata.reseaux-energies.fr,false,""
2024-10-08T23:00:00.000000,France,France,FR,4.11,17.07,99.09,34.47,opendata.reseaux-energies.fr,false,""
2024-10-09T00:00:00.000000,France,France,FR,4.19,17.27,99.07,34.65,opendata.reseaux-energies.fr,false,""
2024-10-09T01:00:00.000000,France,France,FR,4.28,17.39,99.05,34.34,opendata.reseaux-energies.fr,false,""
2024-10-09T02:00:00.000000,France,France,FR,4.31,17.48,99.04,34.75,opendata.reseaux-energies.fr,false,""
2024-10-09T03:00:00.000000,France,France,FR,4.21,17.15,99.07,33.3,opendata.reseaux-energies.fr,false,""
2024-10-09T04:00:00.000000,France,France,FR,3.92,16.52,99.15,31.34,opendata.reseaux-energies.fr,false,""
2024-10-09T05:00:00.000000,France,France,FR,3.77,15.99,99.19,29.65,opendata.reseaux-energies.fr,false,""
2024-10-09T06:00:00.000000,France,France,FR,5.04,17.39,98.92,29.6,opendata.reseaux-energies.fr,false,""
2024-10-09T07:00:00.000000,France,France,FR,5.21,17.9,98.88,31.01,opendata.reseaux-energies.fr,false,""
2024-10-09T08:00:00.000000,France,France,FR,4.9,18.18,98.94,33.1,opendata.reseaux-energies.fr,false,""
2024-10-09T09:00:00.000000,France,France,FR,5.15,19.14,98.91,35.22,opendata.reseaux-energies.fr,false,""
2024-10-09T10:00:00.000000,France,France,FR,4.8,18.87,98.98,36.37,opendata.reseaux-energies.fr,false,""
2024-10-09T11:00:00.000000,France,France,FR,5.05,19.32,98.93,37.61,opendata.reseaux-energies.fr,false,""
2024-10-09T12:00:00.000000,France,France,FR,5.53,19.68,98.85,37.25,opendata.reseaux-energies.fr,false,""
2024-10-09T13:00:00.000000,France,France,FR,5.57,19.41,98.84,35.81,opendata.reseaux-energies.fr,false,""
2024-10-09T14:00:00.000000,France,France,FR,6.09,19.78,98.74,34.41,opendata.reseaux-energies.fr,false,""
2024-10-09T15:00:00.000000,France,France,FR,5.79,19.05,98.78,33.31,opendata.reseaux-energies.fr,false,""
2024-10-09T16:00:00.000000,France,France,FR,5.98,19.0,98.73,33.34,opendata.reseaux-energies.fr,false,""
2024-10-09T17:00:00.000000,France,France,FR,9.4,23.03,98.03,33.69,opendata.reseaux-energies.fr,false,""
2024-10-09T18:00:00.000000,France,France,FR,12.35,26.73,97.74,32.77,opendata.reseaux-energies.fr,false,""
2024-10-09T19:00:00.000000,France,France,FR,6.29,19.1,98.75,33.62,opendata.reseaux-energies.fr,false,""
2024-10-09T20:00:00.000000,France,France,FR,4.05,16.36,99.09,33.67,opendata.reseaux-energies.fr,false,""
2024-10-09T21:00:00.000000,France,France,FR,3.87,16.13,99.14,33.38,opendata.reseaux-energies.fr,false,""
2024-10-09T22:00:00.000000,France,France,FR,4.03,16.15,99.08,32.92,opendata.reseaux-energies.fr,false,""
2024-10-09T23:00:00.000000,France,France,FR,4.33,16.48,98.99,33.28,opendata.reseaux-energies.fr,false,""
2024-10-10T00:00:00.000000,France,France,FR,4.39,16.6,98.98,32.88,opendata.reseaux-energies.fr,false,""
2024-10-10T01:00:00.000000,France,France,FR,4.5,16.69,98.95,31.88,opendata.reseaux-energies.fr,false,""
2024-10-10T02:00:00.000000,France,France,FR,4.74,16.84,98.89,27.48,opendata.reseaux-energies.fr,false,""
2024-10-10T03:00:00.000000,France,France,FR,4.68,16.5,98.91,24.84,opendata.reseaux-energies.fr,false,""
2024-10-10T04:00:00.000000,France,France,FR,4.31,15.84,98.99,26.08,opendata.reseaux-energies.fr,false,""
2024-10-10T05:00:00.000000,France,France,FR,4.75,16.34,98.91,27.67,opendata.reseaux-energies.fr,false,""
2024-10-10T06:00:00.000000,France,France,FR,7.54,19.92,98.28,26.99,opendata.reseaux-energies.fr,false,""
2024-10-10T07:00:00.000000,France,France,FR,7.61,20.53,98.25,28.12,opendata.reseaux-energies.fr,false,""
2024-10-10T08:00:00.000000,France,France,FR,8.24,22.26,98.06,29.58,opendata.reseaux-energies.fr,false,""
2024-10-10T09:00:00.000000,France,France,FR,6.29,20.51,98.45,31.19,opendata.reseaux-energies.fr,false,""
2024-10-10T10:00:00.000000,France,France,FR,5.42,19.93,98.67,32.78,opendata.reseaux-energies.fr,false,""
2024-10-10T11:00:00.000000,France,France,FR,5.61,20.62,98.62,34.31,opendata.reseaux-energies.fr,false,""
2024-10-10T12:00:00.000000,France,France,FR,5.56,20.51,98.64,34.13,opendata.reseaux-energies.fr,false,""
2024-10-10T13:00:00.000000,France,France,FR,5.62,20.31,98.62,33.22,opendata.reseaux-energies.fr,false,""
2024-10-10T14:00:00.000000,France,France,FR,5.59,19.8,98.63,31.98,opendata.reseaux-energies.fr,false,""
2024-10-10T15:00:00.000000,France,France,FR,6.24,19.75,98.5,29.29,opendata.reseaux-energies.fr,false,""
2024-10-10T16:00:00.000000,France,France,FR,7.97,20.97,98.08,26.44,opendata.reseaux-energies.fr,false,""
2024-10-10T17:00:00.000000,France,France,FR,10.88,24.35,97.58,26.34,opendata.reseaux-energies.fr,false,""
2024-10-10T18:00:00.000000,France,France,FR,15.36,30.07,97.03,25.28,opendata.reseaux-energies.fr,false,""
2024-10-10T19:00:00.000000,France,France,FR,11.48,24.85,97.52,23.66,opendata.reseaux-energies.fr,false,""
2024-10-10T20:00:00.000000,France,France,FR,6.88,18.84,98.3,22.8,opendata.reseaux-energies.fr,false,""
2024-10-10T21:00:00.000000,France,France,FR,6.79,18.74,98.33,22.44,opendata.reseaux-energies.fr,false,""
2024-10-10T22:00:00.000000,France,France,FR,6.89,18.92,98.3,22.39,opendata.reseaux-energies.fr,false,""
2024-10-10T23:00:00.000000,France,France,FR,6.81,18.85,98.32,21.53,opendata.reseaux-energies.fr,false,""
2024-10-11T00:00:00.000000,France,France,FR,6.88,18.93,98.3,20.92,opendata.reseaux-energies.fr,false,""
2024-10-11T01:00:00.000000,France,France,FR,6.88,18.9,98.3,20.15,opendata.reseaux-energies.fr,false,""
2024-10-11T02:00:00.000000,France,France,FR,7.32,19.48,98.18,19.99,opendata.reseaux-energies.fr,false,""
2024-10-11T03:00:00.000000,France,France,FR,9.4,22.19,97.61,19.8,opendata.reseaux-energies.fr,false,""
2024-10-11T04:00:00.000000,France,France,FR,13.34,27.18,96.6,20.12,opendata.reseaux-energies.fr,false,""
2024-10-11T05:00:00.000000,France,France,FR,21.87,38.51,94.44,21.99,opendata.reseaux-energies.fr,false,""
2024-10-11T06:00:00.000000,France,France,FR,28.39,46.91,93.3,22.28,opendata.reseaux-energies.fr,false,""
2024-10-11T07:00:00.000000,France,France,FR,26.46,45.12,93.93,23.8,opendata.reseaux-energies.fr,false,""
2024-10-11T08:00:00.000000,France,France,FR,14.28,30.53,96.25,27.47,opendata.reseaux-energies.fr,false,""
2024-10-11T09:00:00.000000,France,France,FR,6.57,21.37,98.36,30.86,opendata.reseaux-energies.fr,false,""
2024-10-11T10:00:00.000000,France,France,FR,5.23,20.17,98.73,32.15,opendata.reseaux-energies.fr,false,""
2024-10-11T11:00:00.000000,France,France,FR,4.96,20.23,98.8,33.01,opendata.reseaux-energies.fr,false,""
2024-10-11T12:00:00.000000,France,France,FR,3.99,18.97,99.07,32.99,opendata.reseaux-energies.fr,false,""
2024-10-11T13:00:00.000000,France,France,FR,4.32,19.08,98.98,32.06,opendata.reseaux-energies.fr,false,""
2024-10-11T14:00:00.000000,France,France,FR,5.5,20.09,98.66,30.66,opendata.reseaux-energies.fr,false,""
2024-10-11T15:00:00.000000,France,France,FR,6.59,20.49,98.39,28.01,opendata.reseaux-energies.fr,false,""
2024-10-11T16:00:00.000000,France,France,FR,13.27,27.77,96.71,25.04,opendata.reseaux-energies.fr,false,""
2024-10-11T17:00:00.000000,France,France,FR,25.51,43.05,94.47,24.41,opendata.reseaux-energies.fr,false,""
2024-10-11T18:00:00.000000,France,France,FR,24.47,41.64,94.66,24.23,opendata.reseaux-energies.fr,false,""
2024-10-11T19:00:00.000000,France,France,FR,13.35,27.28,96.56,24.57,opendata.reseaux-energies.fr,false,""
2024-10-11T20:00:00.000000,France,France,FR,12.46,26.17,96.88,26.13,opendata.reseaux-energies.fr,false,""
2024-10-11T21:00:00.000000,France,France,FR,12.04,25.67,97.02,27.17,opendata.reseaux-energies.fr,false,""
2024-10-11T22:00:00.000000,France,France,FR,9.36,22.91,97.69,28.17,opendata.reseaux-energies.fr,false,""
2024-10-11T23:00:00.000000,France,France,FR,8.31,21.74,97.93,28.02,opendata.reseaux-energies.fr,false,""
2024-10-12T00:00:00.000000,France,France,FR,7.83,21.1,98.07,26.81,opendata.reseaux-energies.fr,false,""
2024-10-12T01:00:00.000000,France,France,FR,4.23,16.41,99.06,26.49,opendata.reseaux-energies.fr,false,""
2024-10-12T02:00:00.000000,France,France,FR,4.23,16.46,99.05,25.57,opendata.reseaux-energies.fr,false,""
2024-10-12T03:00:00.000000,France,France,FR,4.24,16.46,99.06,25.71,opendata.reseaux-energies.fr,false,""
2024-10-12T04:00:00.000000,France,France,FR,4.24,16.36,99.05,26.12,opendata.reseaux-energies.fr,false,""
2024-10-12T05:00:00.000000,France,France,FR,4.22,16.36,99.06,27.11,opendata.reseaux-energies.fr,false,""
2024-10-12T06:00:00.000000,France,France,FR,4.23,16.34,99.05,27.58,opendata.reseaux-energies.fr,false,""
2024-10-12T07:00:00.000000,France,France,FR,4.17,16.58,99.06,28.89,opendata.reseaux-energies.fr,false,""
2024-10-12T08:00:00.000000,France,France,FR,4.07,16.88,99.09,29.63,opendata.reseaux-energies.fr,false,""
2024-10-12T09:00:00.000000,France,France,FR,3.97,17.36,99.11,30.35,opendata.reseaux-energies.fr,false,""
2024-10-12T10:00:00.000000,France,France,FR,3.97,17.97,99.12,31.65,opendata.reseaux-energies.fr,false,""
2024-10-12T11:00:00.000000,France,France,FR,4.07,18.5,99.09,32.43,opendata.reseaux-energies.fr,false,""
2024-10-12T12:00:00.000000,France,France,FR,4.09,18.58,99.09,32.57,opendata.reseaux-energies.fr,false,""
2024-10-12T13:00:00.000000,France,France,FR,4.07,18.27,99.1,32.37,opendata.reseaux-energies.fr,false,""
2024-10-12T14:00:00.000000,France,France,FR,4.14,18.07,99.08,31.81,opendata.reseaux-energies.fr,false,""
2024-10-12T15:00:00.000000,France,France,FR,4.24,17.57,99.05,29.94,opendata.reseaux-energies.fr,false,""
2024-10-12T16:00:00.000000,France,France,FR,4.36,17.05,99.02,29.14,opendata.reseaux-energies.fr,false,""
2024-10-12T17:00:00.000000,France,France,FR,4.49,16.79,98.99,29.75,opendata.reseaux-energies.fr,false,""
2024-10-12T18:00:00.000000,France,France,FR,4.41,16.64,99.01,30.54,opendata.reseaux-energies.fr,false,""
2024-10-12T19:00:00.000000,France,France,FR,4.2,16.55,99.07,30.84,opendata.reseaux-energies.fr,false,""
2024-10-12T20:00:00.000000,France,France,FR,4.49,17.04,99.01,31.26,opendata.reseaux-energies.fr,false,""
2024-10-12T21:00:00.000000,France,France,FR,5.97,19.11,98.7,31.81,opendata.reseaux-energies.fr,false,""
2024-10-12T22:00:00.000000,France,France,FR,10.58,25.79,97.88,34.82,opendata.reseaux-energies.fr,false,""
2024-10-12T23:00:00.000000,France,France,FR,16.02,33.36,97.03,35.11,opendata.reseaux-energies.fr,false,""
2024-10-13T00:00:00.000000,France,France,FR,14.89,31.91,97.21,33.62,opendata.reseaux-energies.fr,false,""
2024-10-13T01:00:00.000000,France,France,FR,13.56,30.03,97.46,31.69,opendata.reseaux-energies.fr,false,""
2024-10-13T02:00:00.000000,France,France,FR,13.11,29.62,97.48,30.23,opendata.reseaux-energies.fr,false,""
2024-10-13T03:00:00.000000,France,France,FR,15.83,32.92,97.13,29.63,opendata.reseaux-energies.fr,false,""
2024-10-13T04:00:00.000000,France,France,FR,16.92,34.16,97.0,29.01,opendata.reseaux-energies.fr,false,""
2024-10-13T05:00:00.000000,France,France,FR,17.29,34.62,96.98,30.12,opendata.reseaux-energies.fr,false,""
2024-10-13T06:00:00.000000,France,France,FR,15.74,32.59,97.23,29.87,opendata.reseaux-energies.fr,false,""
2024-10-13T07:00:00.000000,France,France,FR,15.95,33.46,97.06,31.38,opendata.reseaux-energies.fr,false,""
2024-10-13T08:00:00.000000,France,France,FR,17.07,36.27,96.77,36.13,opendata.reseaux-energies.fr,false,""
2024-10-13T09:00:00.000000,France,France,FR,16.1,36.32,96.86,39.69,opendata.reseaux-energies.fr,false,""
2024-10-13T10:00:00.000000,France,France,FR,17.17,38.7,96.59,43.56,opendata.reseaux-energies.fr,false,""
2024-10-13T11:00:00.000000,France,France,FR,16.91,39.04,96.67,45.27,opendata.reseaux-energies.fr,false,""
2024-10-13T12:00:00.000000,France,France,FR,15.62,36.94,97.0,42.96,opendata.reseaux-energies.fr,false,""
2024-10-13T13:00:00.000000,France,France,FR,13.49,34.0,97.26,41.0,opendata.reseaux-energies.fr,false,""
2024-10-13T14:00:00.000000,France,France,FR,9.29,28.07,97.74,35.91,opendata.reseaux-energies.fr,false,""
2024-10-13T15:00:00.000000,France,France,FR,8.88,25.38,97.84,28.57,opendata.reseaux-energies.fr,false,""
2024-10-13T16:00:00.000000,France,France,FR,8.13,22.17,98.01,22.47,opendata.reseaux-energies.fr,false,""
2024-10-13T17:00:00.000000,France,France,FR,10.23,24.05,97.43,22.3,opendata.reseaux-energies.fr,false,""
2024-10-13T18:00:00.000000,France,France,FR,22.67,39.96,95.59,22.46,opendata.reseaux-energies.fr,false,""
2024-10-13T19:00:00.000000,France,France,FR,18.62,34.78,96.31,21.66,opendata.reseaux-energies.fr,false,""
2024-10-13T20:00:00.000000,France,France,FR,4.77,16.97,98.92,22.4,opendata.reseaux-energies.fr,false,""
2024-10-13T21:00:00.000000,France,France,FR,4.36,16.46,99.03,23.03,opendata.reseaux-energies.fr,false,""
2024-10-13T22:00:00.000000,France,France,FR,4.36,16.47,99.03,22.95,opendata.reseaux-energies.fr,false,""
2024-10-13T23:00:00.000000,France,France,FR,4.4,16.52,99.02,22.37,opendata.reseaux-energies.fr,false,""
2024-10-14T00:00:00.000000,France,France,FR,4.4,16.5,99.03,22.32,opendata.reseaux-energies.fr,false,""
2024-10-14T01:00:00.000000,France,France,FR,4.38,16.53,99.03,22.57,opendata.reseaux-energies.fr,false,""
2024-10-14T02:00:00.000000,France,France,FR,4.38,16.51,99.03,22.36,opendata.reseaux-energies.fr,false,""
2024-10-14T03:00:00.000000,France,France,FR,4.73,16.95,98.93,23.14,opendata.reseaux-energies.fr,false,""
2024-10-14T04:00:00.000000,France,France,FR,6.1,18.63,98.55,24.47,opendata.reseaux-energies.fr,false,""
2024-10-14T05:00:00.000000,France,France,FR,10.92,24.77,97.22,25.41,opendata.reseaux-energies.fr,false,""
2024-10-14T06:00:00.000000,France,France,FR,13.61,28.45,96.49,25.92,opendata.reseaux-energies.fr,false,""
2024-10-14T07:00:00.000000,France,France,FR,18.68,35.14,95.72,26.5,opendata.reseaux-energies.fr,false,""
2024-10-14T08:00:00.000000,France,France,FR,18.44,35.36,95.85,27.37,opendata.reseaux-energies.fr,false,""
2024-10-14T09:00:00.000000,France,France,FR,14.73,31.31,96.63,29.0,opendata.reseaux-energies.fr,false,""
2024-10-14T10:00:00.000000,France,France,FR,13.11,29.83,96.96,30.51,opendata.reseaux-energies.fr,false,""
2024-10-14T11:00:00.000000,France,France,FR,9.44,25.4,97.61,31.45,opendata.reseaux-energies.fr,false,""
2024-10-14T12:00:00.000000,France,France,FR,9.81,25.81,97.67,30.98,opendata.reseaux-energies.fr,false,""
2024-10-14T13:00:00.000000,France,France,FR,6.57,21.39,98.58,30.35,opendata.reseaux-energies.fr,false,""
2024-10-14T14:00:00.000000,France,France,FR,6.74,21.15,98.46,28.36,opendata.reseaux-energies.fr,false,""
2024-10-14T15:00:00.000000,France,France,FR,7.34,21.33,98.22,26.25,opendata.reseaux-energies.fr,false,""
2024-10-14T16:00:00.000000,France,France,FR,11.14,25.59,97.18,24.51,opendata.reseaux-energies.fr,false,""
2024-10-14T17:00:00.000000,France,France,FR,18.9,35.41,95.05,24.19,opendata.reseaux-energies.fr,false,""
2024-10-14T18:00:00.000000,France,France,FR,19.53,36.3,94.86,23.22,opendata.reseaux-energies.fr,false,""
2024-10-14T19:00:00.000000,France,France,FR,18.07,34.24,95.26,21.73,opendata.reseaux-energies.fr,false,""
2024-10-14T20:00:00.000000,France,France,FR,19.49,35.91,94.87,20.47,opendata.reseaux-energies.fr,false,""
2024-10-14T21:00:00.000000,France,France,FR,18.64,34.76,95.11,20.36,opendata.reseaux-energies.fr,false,""
2024-10-14T22:00:00.000000,France,France,FR,14.3,29.16,96.31,20.67,opendata.reseaux-energies.fr,false,""
2024-10-14T23:00:00.000000,France,France,FR,6.47,18.28,98.42,20.25,opendata.reseaux-energies.fr,false,""
2024-10-15T00:00:00.000000,France,France,FR,6.29,18.13,98.46,20.31,opendata.reseaux-energies.fr,false,""
2024-10-15T01:00:00.000000,France,France,FR,5.94,17.79,98.55,20.3,opendata.reseaux-energies.fr,false,""
2024-10-15T02:00:00.000000,France,France,FR,5.76,17.54,98.6,20.31,opendata.reseaux-energies.fr,false,""
2024-10-15T03:00:00.000000,France,France,FR,6.33,18.27,98.44,20.61,opendata.reseaux-energies.fr,false,""
2024-10-15T04:00:00.000000,France,France,FR,6.38,18.29,98.44,22.4,opendata.reseaux-energies.fr,false,""
2024-10-15T05:00:00.000000,France,France,FR,8.63,21.18,97.82,24.57,opendata.reseaux-energies.fr,false,""
2024-10-15T06:00:00.000000,France,France,FR,11.91,25.5,96.95,25.18,opendata.reseaux-energies.fr,false,""
2024-10-15T07:00:00.000000,France,France,FR,11.69,25.55,96.98,26.08,opendata.reseaux-energies.fr,false,""
2024-10-15T08:00:00.000000,France,France,FR,10.75,24.88,97.22,27.71,opendata.reseaux-energies.fr,false,""
2024-10-15T09:00:00.000000,France,France,FR,8.9,22.86,97.73,28.8,opendata.reseaux-energies.fr,false,""
2024-10-15T10:00:00.000000,France,France,FR,8.28,22.55,97.9,30.21,opendata.reseaux-energies.fr,false,""
2024-10-15T11:00:00.000000,France,France,FR,8.0,22.63,97.97,31.24,opendata.reseaux-energies.fr,false,""
2024-10-15T12:00:00.000000,France,France,FR,8.04,22.86,98.06,31.47,opendata.reseaux-energies.fr,false,""
2024-10-15T13:00:00.000000,France,France,FR,6.89,21.12,98.3,30.72,opendata.reseaux-energies.fr,false,""
2024-10-15T14:00:00.000000,France,France,FR,5.78,19.24,98.66,30.92,opendata.reseaux-energies.fr,false,""
2024-10-15T15:00:00.000000,France,France,FR,5.14,17.73,98.77,29.84,opendata.reseaux-energies.fr,false,""
2024-10-15T16:00:00.000000,France,France,FR,5.3,17.36,98.73,29.42,opendata.reseaux-energies.fr,false,""
2024-10-15T17:00:00.000000,France,France,FR,6.37,18.51,98.48,30.74,opendata.reseaux-energies.fr,false,""
2024-10-15T18:00:00.000000,France,France,FR,6.68,18.97,98.35,30.8,opendata.reseaux-energies.fr,false,""
2024-10-15T19:00:00.000000,France,France,FR,6.49,18.85,98.4,31.31,opendata.reseaux-energies.fr,false,""
2024-10-15T20:00:00.000000,France,France,FR,6.87,19.38,98.28,31.26,opendata.reseaux-energies.fr,false,""
2024-10-15T21:00:00.000000,France,France,FR,4.42,16.21,98.96,31.25,opendata.reseaux-energies.fr,false,""
2024-10-15T22:00:00.000000,France,France,FR,4.19,16.01,99.03,30.67,opendata.reseaux-energies.fr,false,""
2024-10-15T23:00:00.000000,France,France,FR,4.33,16.48,99.0,31.98,opendata.reseaux-energies.fr,false,""
2024-10-16T00:00:00.000000,France,France,FR,4.45,16.72,98.97,32.81,opendata.reseaux-energies.fr,false,""
2024-10-16T01:00:00.000000,France,France,FR,4.62,17.13,98.93,33.64,opendata.reseaux-energies.fr,false,""
2024-10-16T02:00:00.000000,France,France,FR,4.67,17.23,98.92,33.67,opendata.reseaux-energies.fr,false,""
2024-10-16T03:00:00.000000,France,France,FR,4.53,16.86,98.95,33.03,opendata.reseaux-energies.fr,false,""
2024-10-16T04:00:00.000000,France,France,FR,4.16,16.03,99.04,31.54,opendata.reseaux-energies.fr,false,""
2024-10-16T05:00:00.000000,France,France,FR,3.95,15.71,99.09,32.05,opendata.reseaux-energies.fr,false,""
2024-10-16T06:00:00.000000,France,France,FR,4.01,15.83,99.08,32.88,opendata.reseaux-energies.fr,false,""
2024-10-16T07:00:00.000000,France,France,FR,4.03,16.19,99.07,33.04,opendata.reseaux-energies.fr,false,""
2024-10-16T08:00:00.000000,France,France,FR,3.96,16.92,99.09,34.67,opendata.reseaux-energies.fr,false,""
2024-10-16T09:00:00.000000,France,France,FR,5.08,19.34,98.94,37.83,opendata.reseaux-energies.fr,false,""
2024-10-16T10:00:00.000000,France,France,FR,4.33,18.68,99.02,38.8,opendata.reseaux-energies.fr,false,""
2024-10-16T11:00:00.000000,France,France,FR,4.62,19.29,98.98,39.17,opendata.reseaux-energies.fr,false,""
2024-10-16T12:00:00.000000,France,France,FR,5.91,20.88,98.83,39.29,opendata.reseaux-energies.fr,false,""
2024-10-16T13:00:00.000000,France,France,FR,5.28,19.52,98.87,37.93,opendata.reseaux-energies.fr,false,""
2024-10-16T14:00:00.000000,France,France,FR,5.38,19.04,98.84,35.74,opendata.reseaux-energies.fr,false,""
2024-10-16T15:00:00.000000,France,France,FR,4.52,17.25,98.97,33.31,opendata.reseaux-energies.fr,false,""
2024-10-16T16:00:00.000000,France,France,FR,4.27,16.27,99.01,31.69,opendata.reseaux-energies.fr,false,""
2024-10-16T17:00:00.000000,France,France,FR,4.3,16.09,99.0,32.56,opendata.reseaux-energies.fr,false,""
2024-10-16T18:00:00.000000,France,France,FR,4.26,15.93,99.01,31.95,opendata.reseaux-energies.fr,false,""
2024-10-16T19:00:00.000000,France,France,FR,4.2,15.89,99.03,31.45,opendata.reseaux-energies.fr,false,""
2024-10-16T20:00:00.000000,France,France,FR,4.11,15.79,99.05,31.03,opendata.reseaux-energies.fr,false,""
2024-10-16T21:00:00.000000,France,France,FR,4.12,15.78,99.05,29.86,opendata.reseaux-energies.fr,false,""
2024-10-16T22:00:00.000000,France,France,FR,3.84,16.4,99.16,31.02,opendata.reseaux-energies.fr,false,""
2024-10-16T23:00:00.000000,France,France,FR,4.1,17.05,99.1,32.44,opendata.reseaux-energies.fr,false,""
2024-10-17T00:00:00.000000,France,France,FR,4.29,17.67,99.06,34.08,opendata.reseaux-energies.fr,false,""
2024-10-17T01:00:00.000000,France,France,FR,4.37,17.93,99.04,34.62,opendata.reseaux-energies.fr,false,""
2024-10-17T02:00:00.000000,France,France,FR,4.41,17.9,99.04,32.68,opendata.reseaux-energies.fr,false,""
2024-10-17T03:00:00.000000,France,France,FR,4.36,17.37,99.04,28.86,opendata.reseaux-energies.fr,false,""
2024-10-17T04:00:00.000000,France,France,FR,4.26,16.66,99.05,26.1,opendata.reseaux-energies.fr,false,""
2024-10-17T05:00:00.000000,France,France,FR,5.54,17.98,98.79,26.22,opendata.reseaux-energies.fr,false,""
2024-10-17T06:00:00.000000,France,France,FR,7.7,20.6,98.33,26.41,opendata.reseaux-energies.fr,false,""
2024-10-17T07:00:00.000000,France,France,FR,9.81,23.45,97.87,26.15,opendata.reseaux-energies.fr,false,""
2024-10-17T08:00:00.000000,France,France,FR,9.72,23.82,97.84,26.5,opendata.reseaux-energies.fr,false,""
2024-10-17T09:00:00.000000,France,France,FR,8.51,22.72,98.13,27.35,opendata.reseaux-energies.fr,false,""
2024-10-17T10:00:00.000000,France,France,FR,8.18,22.7,98.19,27.63,opendata.reseaux-energies.fr,false,""
2024-10-17T11:00:00.000000,France,France,FR,8.16,22.76,98.19,27.54,opendata.reseaux-energies.fr,false,""
2024-10-17T12:00:00.000000,France,France,FR,7.65,22.03,98.19,26.68,opendata.reseaux-energies.fr,false,""
2024-10-17T13:00:00.000000,France,France,FR,8.98,23.5,97.82,26.43,opendata.reseaux-energies.fr,false,""
2024-10-17T14:00:00.000000,France,France,FR,8.84,22.89,98.01,26.27,opendata.reseaux-energies.fr,false,""
2024-10-17T15:00:00.000000,France,France,FR,8.04,21.62,98.25,25.8,opendata.reseaux-energies.fr,false,""
2024-10-17T16:00:00.000000,France,France,FR,8.14,21.55,98.22,25.79,opendata.reseaux-energies.fr,false,""
2024-10-17T17:00:00.000000,France,France,FR,12.56,27.21,97.29,27.15,opendata.reseaux-energies.fr,false,""
2024-10-17T18:00:00.000000,France,France,FR,10.85,24.81,97.49,26.58,opendata.reseaux-energies.fr,false,""
2024-10-17T19:00:00.000000,France,France,FR,8.51,21.91,97.95,25.76,opendata.reseaux-energies.fr,false,""
2024-10-17T20:00:00.000000,France,France,FR,6.28,19.07,98.57,25.98,opendata.reseaux-energies.fr,false,""
2024-10-17T21:00:00.000000,France,France,FR,6.78,19.69,98.49,26.65,opendata.reseaux-energies.fr,false,""
2024-10-17T22:00:00.000000,France,France,FR,5.54,18.29,98.73,26.63,opendata.reseaux-energies.fr,false,""
2024-10-17T23:00:00.000000,France,France,FR,4.96,17.63,98.86,26.06,opendata.reseaux-energies.fr,false,""
2024-10-18T00:00:00.000000,France,France,FR,4.44,17.02,99.0,26.9,opendata.reseaux-energies.fr,false,""
2024-10-18T01:00:00.000000,France,France,FR,4.62,17.44,98.96,27.42,opendata.reseaux-energies.fr,false,""
2024-10-18T02:00:00.000000,France,France,FR,4.66,17.45,98.96,26.25,opendata.reseaux-energies.fr,false,""
2024-10-18T03:00:00.000000,France,France,FR,4.7,17.38,98.94,25.38,opendata.reseaux-energies.fr,false,""
2024-10-18T04:00:00.000000,France,France,FR,4.63,17.07,98.96,24.61,opendata.reseaux-energies.fr,false,""
2024-10-18T05:00:00.000000,France,France,FR,6.4,19.08,98.61,26.35,opendata.reseaux-energies.fr,false,""
2024-10-18T06:00:00.000000,France,France,FR,8.55,21.84,98.09,27.31,opendata.reseaux-energies.fr,false,""
2024-10-18T07:00:00.000000,France,France,FR,18.1,34.26,96.76,27.14,opendata.reseaux-energies.fr,false,""
2024-10-18T08:00:00.000000,France,France,FR,28.89,48.6,95.51,27.53,opendata.reseaux-energies.fr,false,""
2024-10-18T09:00:00.000000,France,France,FR,14.24,30.46,97.68,29.93,opendata.reseaux-energies.fr,false,""
2024-10-18T10:00:00.000000,France,France,FR,7.54,22.44,98.51,31.64,opendata.reseaux-energies.fr,false,""
2024-10-18T11:00:00.000000,France,France,FR,7.09,22.12,98.59,32.42,opendata.reseaux-energies.fr,false,""
2024-10-18T12:00:00.000000,France,France,FR,5.98,20.76,98.72,31.74,opendata.reseaux-energies.fr,false,""
2024-10-18T13:00:00.000000,France,France,FR,5.83,20.52,98.75,30.85,opendata.reseaux-energies.fr,false,""
2024-10-18T14:00:00.000000,France,France,FR,6.26,20.77,98.67,30.13,opendata.reseaux-energies.fr,false,""
2024-10-18T15:00:00.000000,France,France,FR,6.87,21.0,98.5,28.82,opendata.reseaux-energies.fr,false,""
2024-10-18T16:00:00.000000,France,France,FR,9.47,23.52,97.86,27.27,opendata.reseaux-energies.fr,false,""
2024-10-18T17:00:00.000000,France,France,FR,25.97,44.22,95.38,26.45,opendata.reseaux-energies.fr,false,""
2024-10-18T18:00:00.000000,France,France,FR,24.69,42.76,95.83,25.5,opendata.reseaux-energies.fr,false,""
2024-10-18T19:00:00.000000,France,France,FR,24.01,41.81,96.08,24.46,opendata.reseaux-energies.fr,false,""
2024-10-18T20:00:00.000000,France,France,FR,21.83,38.91,96.71,24.78,opendata.reseaux-energies.fr,false,""
2024-10-18T21:00:00.000000,France,France,FR,18.45,34.58,97.18,25.83,opendata.reseaux-energies.fr,false,""
2024-10-18T22:00:00.000000,France,France,FR,18.3,34.45,97.22,26.11,opendata.reseaux-energies.fr,false,""
2024-10-18T23:00:00.000000,France,France,FR,13.98,29.14,97.8,26.66,opendata.reseaux-energies.fr,false,""
2024-10-19T00:00:00.000000,France,France,FR,4.37,16.98,99.02,27.76,opendata.reseaux-energies.fr,false,""
2024-10-19T01:00:00.000000,France,France,FR,4.58,17.38,98.97,27.6,opendata.reseaux-energies.fr,false,""
2024-10-19T02:00:00.000000,France,France,FR,4.63,17.49,98.96,26.9,opendata.reseaux-energies.fr,false,""
2024-10-19T03:00:00.000000,France,France,FR,4.68,17.56,98.95,26.76,opendata.reseaux-energies.fr,false,""
2024-10-19T04:00:00.000000,France,France,FR,4.39,17.11,99.02,27.74,opendata.reseaux-energies.fr,false,""
2024-10-19T05:00:00.000000,France,France,FR,4.35,16.95,99.03,28.09,opendata.reseaux-energies.fr,false,""
2024-10-19T06:00:00.000000,France,France,FR,4.24,16.8,99.05,28.38,opendata.reseaux-energies.fr,false,""
2024-10-19T07:00:00.000000,France,France,FR,4.07,16.85,99.1,30.11,opendata.reseaux-energies.fr,false,""
2024-10-19T08:00:00.000000,France,France,FR,4.07,17.47,99.08,32.32,opendata.reseaux-energies.fr,false,""
2024-10-19T09:00:00.000000,France,France,FR,4.13,18.26,99.06,34.31,opendata.reseaux-energies.fr,false,""
2024-10-19T10:00:00.000000,France,France,FR,4.02,18.67,99.1,36.3,opendata.reseaux-energies.fr,false,""
2024-10-19T11:00:00.000000,France,France,FR,3.93,19.12,99.11,37.96,opendata.reseaux-energies.fr,false,""
2024-10-19T12:00:00.000000,France,France,FR,4.03,19.86,99.1,39.78,opendata.reseaux-energies.fr,false,""
2024-10-19T13:00:00.000000,France,France,FR,4.43,20.61,99.03,40.13,opendata.reseaux-energies.fr,false,""
2024-10-19T14:00:00.000000,France,France,FR,4.83,20.71,98.92,37.73,opendata.reseaux-energies.fr,false,""
2024-10-19T15:00:00.000000,France,France,FR,4.87,19.61,98.9,32.83,opendata.reseaux-energies.fr,false,""
2024-10-19T16:00:00.000000,France,France,FR,4.61,17.68,98.95,27.2,opendata.reseaux-energies.fr,false,""
2024-10-19T17:00:00.000000,France,France,FR,4.64,16.93,98.95,26.06,opendata.reseaux-energies.fr,false,""
2024-10-19T18:00:00.000000,France,France,FR,4.72,17.06,98.92,26.41,opendata.reseaux-energies.fr,false,""
2024-10-19T19:00:00.000000,France,France,FR,4.51,16.86,98.97,25.74,opendata.reseaux-energies.fr,false,""
2024-10-19T20:00:00.000000,France,France,FR,4.46,16.84,98.99,25.67,opendata.reseaux-energies.fr,false,""
2024-10-19T21:00:00.000000,France,France,FR,4.61,17.02,98.95,25.42,opendata.reseaux-energies.fr,false,""
2024-10-19T22:00:00.000000,France,France,FR,4.82,17.27,98.9,25.02,opendata.reseaux-energies.fr,false,""
2024-10-19T23:00:00.000000,France,France,FR,4.9,17.59,98.89,25.46,opendata.reseaux-energies.fr,false,""
2024-10-20T00:00:00.000000,France,France,FR,4.71,17.54,98.94,25.76,opendata.reseaux-energies.fr,false,""
2024-10-20T01:00:00.000000,France,France,FR,4.93,18.01,98.89,26.04,opendata.reseaux-energies.fr,false,""
2024-10-20T02:00:00.000000,France,France,FR,5.11,18.49,98.84,27.06,opendata.reseaux-energies.fr,false,""
2024-10-20T03:00:00.000000,France,France,FR,5.16,18.7,98.83,27.57,opendata.reseaux-energies.fr,false,""
2024-10-20T04:00:00.000000,France,France,FR,4.93,18.39,98.89,28.76,opendata.reseaux-energies.fr,false,""
2024-10-20T05:00:00.000000,France,France,FR,4.99,18.55,98.87,30.09,opendata.reseaux-energies.fr,false,""
2024-10-20T06:00:00.000000,France,France,FR,4.91,18.55,98.89,32.15,opendata.reseaux-energies.fr,false,""
2024-10-20T07:00:00.000000,France,France,FR,4.74,18.85,98.92,35.66,opendata.reseaux-energies.fr,false,""
2024-10-20T08:00:00.000000,France,France,FR,4.68,19.87,98.93,40.44,opendata.reseaux-energies.fr,false,""
2024-10-20T09:00:00.000000,France,France,FR,4.69,21.25,98.94,46.46,opendata.reseaux-energies.fr,false,""
2024-10-20T10:00:00.000000,France,France,FR,4.57,21.91,98.98,50.28,opendata.reseaux-energies.fr,false,""
2024-10-20T11:00:00.000000,France,France,FR,5.42,22.87,98.81,47.27,opendata.reseaux-energies.fr,false,""
2024-10-20T12:00:00.000000,France,France,FR,5.25,22.6,98.82,45.45,opendata.reseaux-energies.fr,false,""
2024-10-20T13:00:00.000000,France,France,FR,4.77,21.81,98.92,47.51,opendata.reseaux-energies.fr,false,""
2024-10-20T14:00:00.000000,France,France,FR,4.7,21.28,98.94,48.82,opendata.reseaux-energies.fr,false,""
2024-10-20T15:00:00.000000,France,France,FR,4.75,20.24,98.93,44.88,opendata.reseaux-energies.fr,false,""
2024-10-20T16:00:00.000000,France,France,FR,4.25,18.15,99.05,40.12,opendata.reseaux-energies.fr,false,""
2024-10-20T17:00:00.000000,France,France,FR,4.28,17.28,99.03,36.85,opendata.reseaux-energies.fr,false,""
2024-10-20T18:00:00.000000,France,France,FR,4.26,17.12,99.04,36.53,opendata.reseaux-energies.fr,false,""
2024-10-20T19:00:00.000000,France,France,FR,4.3,17.38,99.03,36.66,opendata.reseaux-energies.fr,false,""
2024-10-20T20:00:00.000000,France,France,FR,5.56,19.23,98.78,36.7,opendata.reseaux-energies.fr,false,""
2024-10-20T21:00:00.000000,France,France,FR,7.73,22.33,98.34,36.79,opendata.reseaux-energies.fr,false,""
2024-10-20T22:00:00.000000,France,France,FR,7.98,22.87,98.23,36.05,opendata.reseaux-energies.fr,false,""
2024-10-20T23:00:00.000000,France,France,FR,8.15,22.98,98.22,33.3,opendata.reseaux-energies.fr,false,""
2024-10-21T00:00:00.000000,France,France,FR,8.12,22.97,98.2,32.36,opendata.reseaux-energies.fr,false,""
2024-10-21T01:00:00.000000,France,France,FR,7.94,22.84,98.21,31.21,opendata.reseaux-energies.fr,false,""
2024-10-21T02:00:00.000000,France,France,FR,7.71,22.56,98.22,30.02,opendata.reseaux-energies.fr,false,""
2024-10-21T03:00:00.000000,France,France,FR,7.78,22.37,98.2,28.71,opendata.reseaux-energies.fr,false,""
2024-10-21T04:00:00.000000,France,France,FR,5.56,18.89,98.72,26.73,opendata.reseaux-energies.fr,false,""
2024-10-21T05:00:00.000000,France,France,FR,4.77,17.3,98.92,25.98,opendata.reseaux-energies.fr,false,""
2024-10-21T06:00:00.000000,France,France,FR,4.92,17.48,98.88,27.2,opendata.reseaux-energies.fr,false,""
2024-10-21T07:00:00.000000,France,France,FR,4.81,17.91,98.9,29.17,opendata.reseaux-energies.fr,false,""
2024-10-21T08:00:00.000000,France,France,FR,6.02,20.37,98.67,31.39,opendata.reseaux-energies.fr,false,""
2024-10-21T09:00:00.000000,France,France,FR,5.29,20.37,98.82,33.57,opendata.reseaux-energies.fr,false,""
2024-10-21T10:00:00.000000,France,France,FR,5.46,21.24,98.84,36.03,opendata.reseaux-energies.fr,false,""
2024-10-21T11:00:00.000000,France,France,FR,4.97,20.86,98.93,36.03,opendata.reseaux-energies.fr,false,""
2024-10-21T12:00:00.000000,France,France,FR,4.59,20.25,98.98,35.27,opendata.reseaux-energies.fr,false,""
2024-10-21T13:00:00.000000,France,France,FR,4.53,19.88,98.98,34.01,opendata.reseaux-energies.fr,false,""
2024-10-21T14:00:00.000000,France,France,FR,6.14,21.29,98.58,32.89,opendata.reseaux-energies.fr,false,""
2024-10-21T15:00:00.000000,France,France,FR,7.86,22.44,98.1,29.47,opendata.reseaux-energies.fr,false,""
2024-10-21T16:00:00.000000,France,France,FR,10.67,25.08,97.3,26.12,opendata.reseaux-energies.fr,false,""
2024-10-21T17:00:00.000000,France,France,FR,14.77,30.01,96.17,26.6,opendata.reseaux-energies.fr,false,""
2024-10-21T18:00:00.000000,France,France,FR,16.86,32.69,95.59,25.95,opendata.reseaux-energies.fr,false,""
2024-10-21T19:00:00.000000,France,France,FR,13.84,28.86,96.41,26.22,opendata.reseaux-energies.fr,false,""
2024-10-21T20:00:00.000000,France,France,FR,8.12,21.5,97.99,28.2,opendata.reseaux-energies.fr,false,""
2024-10-21T21:00:00.000000,France,France,FR,4.89,17.3,98.87,28.67,opendata.reseaux-energies.fr,false,""
2024-10-21T22:00:00.000000,France,France,FR,4.6,16.9,98.96,26.74,opendata.reseaux-energies.fr,false,""
2024-10-21T23:00:00.000000,France,France,FR,4.68,16.93,98.95,23.54,opendata.reseaux-energies.fr,false,""
2024-10-22T00:00:00.000000,France,France,FR,4.56,16.77,98.99,22.45,opendata.reseaux-energies.fr,false,""
2024-10-22T01:00:00.000000,France,France,FR,5.4,17.88,98.76,21.08,opendata.reseaux-energies.fr,false,""
2024-10-22T02:00:00.000000,France,France,FR,5.45,17.94,98.75,20.38,opendata.reseaux-energies.fr,false,""
2024-10-22T03:00:00.000000,France,France,FR,5.4,17.84,98.76,19.51,opendata.reseaux-energies.fr,false,""
2024-10-22T04:00:00.000000,France,France,FR,5.1,17.38,98.85,19.63,opendata.reseaux-energies.fr,false,""
2024-10-22T05:00:00.000000,France,France,FR,7.42,20.22,98.33,20.78,opendata.reseaux-energies.fr,false,""
2024-10-22T06:00:00.000000,France,France,FR,12.39,26.7,96.95,21.72,opendata.reseaux-energies.fr,false,""
2024-10-22T07:00:00.000000,France,France,FR,15.48,30.88,96.12,22.32,opendata.reseaux-energies.fr,false,""
2024-10-22T08:00:00.000000,France,France,FR,13.57,28.99,96.69,24.77,opendata.reseaux-energies.fr,false,""
2024-10-22T09:00:00.000000,France,France,FR,8.48,23.08,98.06,27.37,opendata.reseaux-energies.fr,false,""
2024-10-22T10:00:00.000000,France,France,FR,6.07,20.61,98.69,29.77,opendata.reseaux-energies.fr,false,""
2024-10-22T11:00:00.000000,France,France,FR,5.92,20.69,98.73,30.44,opendata.reseaux-energies.fr,false,""
2024-10-22T12:00:00.000000,France,France,FR,5.41,20.11,98.84,30.02,opendata.reseaux-energies.fr,false,""
2024-10-22T13:00:00.000000,France,France,FR,5.43,19.96,98.84,28.78,opendata.reseaux-energies.fr,false,""
2024-10-22T14:00:00.000000,France,France,FR,6.02,20.39,98.69,26.87,opendata.reseaux-energies.fr,false,""
2024-10-22T15:00:00.000000,France,France,FR,7.76,21.87,98.22,24.33,opendata.reseaux-energies.fr,false,""
2024-10-22T16:00:00.000000,France,France,FR,15.69,31.36,96.06,22.58,opendata.reseaux-energies.fr,false,""
2024-10-22T17:00:00.000000,France,France,FR,23.51,41.03,94.2,23.21,opendata.reseaux-energies.fr,false,""
2024-10-22T18:00:00.000000,France,France,FR,23.11,40.61,94.18,21.96,opendata.reseaux-energies.fr,false,""
2024-10-22T19:00:00.000000,France,France,FR,18.15,34.27,95.24,21.77,opendata.reseaux-energies.fr,false,""
2024-10-22T20:00:00.000000,France,France,FR,13.25,27.99,96.58,21.83,opendata.reseaux-energies.fr,false,""
2024-10-22T21:00:00.000000,France,France,FR,13.33,28.06,96.62,21.89,opendata.reseaux-energies.fr,false,""
2024-10-22T22:00:00.000000,France,France,FR,11.09,25.1,97.31,21.8,opendata.reseaux-energies.fr,false,""
2024-10-22T23:00:00.000000,France,France,FR,5.63,18.13,98.74,21.24,opendata.reseaux-energies.fr,false,""
2024-10-23T00:00:00.000000,France,France,FR,4.87,17.17,98.9,20.89,opendata.reseaux-energies.fr,false,""
2024-10-23T01:00:00.000000,France,France,FR,4.83,17.18,98.91,19.93,opendata.reseaux-energies.fr,false,""
2024-10-23T02:00:00.000000,France,France,FR,4.76,17.09,98.93,19.43,opendata.reseaux-energies.fr,false,""
2024-10-23T03:00:00.000000,France,France,FR,4.78,17.05,98.92,19.49,opendata.reseaux-energies.fr,false,""
2024-10-23T04:00:00.000000,France,France,FR,4.88,17.05,98.89,20.95,opendata.reseaux-energies.fr,false,""
2024-10-23T05:00:00.000000,France,France,FR,7.43,20.27,98.2,22.83,opendata.reseaux-energies.fr,false,""
2024-10-23T06:00:00.000000,France,France,FR,15.03,30.1,96.24,23.71,opendata.reseaux-energies.fr,false,""
2024-10-23T07:00:00.000000,France,France,FR,17.26,33.23,95.93,25.16,opendata.reseaux-energies.fr,false,""
2024-10-23T08:00:00.000000,France,France,FR,17.34,34.27,95.89,27.2,opendata.reseaux-energies.fr,false,""
2024-10-23T09:00:00.000000,France,France,FR,13.65,30.52,96.8,29.51,opendata.reseaux-energies.fr,false,""
2024-10-23T10:00:00.000000,France,France,FR,9.37,25.82,97.81,32.16,opendata.reseaux-energies.fr,false,""
2024-10-23T11:00:00.000000,France,France,FR,6.81,22.91,98.38,33.15,opendata.reseaux-energies.fr,false,""
2024-10-23T12:00:00.000000,France,France,FR,5.52,21.41,98.68,33.32,opendata.reseaux-energies.fr,false,""
2024-10-23T13:00:00.000000,France,France,FR,5.65,21.33,98.65,32.34,opendata.reseaux-energies.fr,false,""
2024-10-23T14:00:00.000000,France,France,FR,5.11,20.06,98.8,30.47,opendata.reseaux-energies.fr,false,""
2024-10-23T15:00:00.000000,France,France,FR,5.27,19.28,98.77,27.18,opendata.reseaux-energies.fr,false,""
2024-10-23T16:00:00.000000,France,France,FR,8.68,22.43,97.88,23.88,opendata.reseaux-energies.fr,false,""
2024-10-23T17:00:00.000000,France,France,FR,13.76,28.54,96.45,25.17,opendata.reseaux-energies.fr,false,""
2024-10-23T18:00:00.000000,France,France,FR,14.93,30.1,96.11,26.65,opendata.reseaux-energies.fr,false,""
2024-10-23T19:00:00.000000,France,France,FR,11.83,26.12,96.96,26.83,opendata.reseaux-energies.fr,false,""
2024-10-23T20:00:00.000000,France,France,FR,8.69,22.06,97.83,27.0,opendata.reseaux-energies.fr,false,""
2024-10-23T21:00:00.000000,France,France,FR,7.82,20.9,98.06,27.07,opendata.reseaux-energies.fr,false,""
2024-10-23T22:00:00.000000,France,France,FR,5.99,18.66,98.57,27.81,opendata.reseaux-energies.fr,false,""
2024-10-23T23:00:00.000000,France,France,FR,4.32,16.6,99.04,27.43,opendata.reseaux-energies.fr,false,""
2024-10-24T00:00:00.000000,France,France,FR,4.37,16.66,99.02,26.9,opendata.reseaux-energies.fr,false,""
2024-10-24T01:00:00.000000,France,France,FR,4.68,17.13,98.94,26.5,opendata.reseaux-energies.fr,false,""
2024-10-24T02:00:00.000000,France,France,FR,4.85,17.36,98.89,25.98,opendata.reseaux-energies.fr,false,""
2024-10-24T03:00:00.000000,France,France,FR,4.55,16.83,98.98,25.72,opendata.reseaux-energies.fr,false,""
2024-10-24T04:00:00.000000,France,France,FR,5.94,18.49,98.58,25.84,opendata.reseaux-energies.fr,false,""
2024-10-24T05:00:00.000000,France,France,FR,9.85,23.51,97.5,26.64,opendata.reseaux-energies.fr,false,""
2024-10-24T06:00:00.000000,France,France,FR,10.64,24.52,97.28,27.05,opendata.reseaux-energies.fr,false,""
2024-10-24T07:00:00.000000,France,France,FR,10.37,24.41,97.37,27.49,opendata.reseaux-energies.fr,false,""
2024-10-24T08:00:00.000000,France,France,FR,7.13,21.07,98.25,28.73,opendata.reseaux-energies.fr,false,""
2024-10-24T09:00:00.000000,France,France,FR,4.52,18.68,99.02,30.55,opendata.reseaux-energies.fr,false,""
2024-10-24T10:00:00.000000,France,France,FR,4.13,19.0,99.1,32.95,opendata.reseaux-energies.fr,false,""
2024-10-24T11:00:00.000000,France,France,FR,4.27,19.73,99.07,34.41,opendata.reseaux-energies.fr,false,""
2024-10-24T12:00:00.000000,France,France,FR,4.43,19.96,99.04,34.28,opendata.reseaux-energies.fr,false,""
2024-10-24T13:00:00.000000,France,France,FR,4.76,20.18,98.99,33.42,opendata.reseaux-energies.fr,false,""
2024-10-24T14:00:00.000000,France,France,FR,5.29,20.16,98.87,31.15,opendata.reseaux-energies.fr,false,""
2024-10-24T15:00:00.000000,France,France,FR,5.19,19.03,98.89,28.1,opendata.reseaux-energies.fr,false,""
2024-10-24T16:00:00.000000,France,France,FR,4.92,17.6,98.9,26.02,opendata.reseaux-energies.fr,false,""
2024-10-24T17:00:00.000000,France,France,FR,12.72,27.07,97.58,27.27,opendata.reseaux-energies.fr,false,""
2024-10-24T18:00:00.000000,France,France,FR,16.57,32.1,97.17,28.38,opendata.reseaux-energies.fr,false,""
2024-10-24T19:00:00.000000,France,France,FR,5.42,17.88,98.95,29.23,opendata.reseaux-energies.fr,false,""
2024-10-24T20:00:00.000000,France,France,FR,3.8,15.9,99.17,28.59,opendata.reseaux-energies.fr,false,""
2024-10-24T21:00:00.000000,France,France,FR,3.65,15.71,99.2,29.67,opendata.reseaux-energies.fr,false,""
2024-10-24T22:00:00.000000,France,France,FR,3.56,15.62,99.23,30.07,opendata.reseaux-energies.fr,false,""
2024-10-24T23:00:00.000000,France,France,FR,3.62,15.77,99.22,28.9,opendata.reseaux-energies.fr,false,""
2024-10-25T00:00:00.000000,France,France,FR,3.73,15.93,99.2,27.93,opendata.reseaux-energies.fr,false,""
2024-10-25T01:00:00.000000,France,France,FR,3.82,16.06,99.18,26.26,opendata.reseaux-energies.fr,false,""
2024-10-25T02:00:00.000000,France,France,FR,3.83,16.08,99.17,25.43,opendata.reseaux-energies.fr,false,""
2024-10-25T03:00:00.000000,France,France,FR,4.02,16.28,99.12,25.25,opendata.reseaux-energies.fr,false,""
2024-10-25T04:00:00.000000,France,France,FR,4.0,16.19,99.12,25.9,opendata.reseaux-energies.fr,false,""
2024-10-25T05:00:00.000000,France,France,FR,3.95,16.09,99.13,27.61,opendata.reseaux-energies.fr,false,""
2024-10-25T06:00:00.000000,France,France,FR,4.35,16.49,99.02,28.86,opendata.reseaux-energies.fr,false,""
2024-10-25T07:00:00.000000,France,France,FR,4.63,17.01,98.95,29.15,opendata.reseaux-energies.fr,false,""
2024-10-25T08:00:00.000000,France,France,FR,5.06,18.15,98.84,29.82,opendata.reseaux-energies.fr,false,""
2024-10-25T09:00:00.000000,France,France,FR,4.71,18.43,98.92,30.51,opendata.reseaux-energies.fr,false,""
2024-10-25T10:00:00.000000,France,France,FR,4.86,19.15,98.9,31.5,opendata.reseaux-energies.fr,false,""
2024-10-25T11:00:00.000000,France,France,FR,5.27,19.81,98.84,31.45,opendata.reseaux-energies.fr,false,""
2024-10-25T12:00:00.000000,France,France,FR,5.0,19.41,98.93,30.32,opendata.reseaux-energies.fr,false,""
2024-10-25T13:00:00.000000,France,France,FR,5.09,19.25,98.92,28.65,opendata.reseaux-energies.fr,false,""
2024-10-25T14:00:00.000000,France,France,FR,5.7,19.51,98.77,26.09,opendata.reseaux-energies.fr,false,""
2024-10-25T15:00:00.000000,France,France,FR,6.1,19.47,98.69,24.85,opendata.reseaux-energies.fr,false,""
2024-10-25T16:00:00.000000,France,France,FR,7.51,20.96,98.35,24.88,opendata.reseaux-energies.fr,false,""
2024-10-25T17:00:00.000000,France,France,FR,14.0,29.05,97.14,25.9,opendata.reseaux-energies.fr,false,""
2024-10-25T18:00:00.000000,France,France,FR,14.17,29.26,97.05,24.78,opendata.reseaux-energies.fr,false,""
2024-10-25T19:00:00.000000,France,France,FR,12.77,27.37,97.28,23.08,opendata.reseaux-energies.fr,false,""
2024-10-25T20:00:00.000000,France,France,FR,13.19,27.82,97.29,21.95,opendata.reseaux-energies.fr,false,""
2024-10-25T21:00:00.000000,France,France,FR,14.94,30.01,97.04,21.76,opendata.reseaux-energies.fr,false,""
2024-10-25T22:00:00.000000,France,France,FR,12.07,26.0,97.77,20.17,opendata.reseaux-energies.fr,false,""
2024-10-25T23:00:00.000000,France,France,FR,10.4,23.35,98.21,18.51,opendata.reseaux-energies.fr,false,""
2024-10-26T00:00:00.000000,France,France,FR,7.58,19.74,98.53,18.16,opendata.reseaux-energies.fr,false,""
2024-10-26T01:00:00.000000,France,France,FR,4.99,16.55,98.82,18.48,opendata.reseaux-energies.fr,false,""
2024-10-26T02:00:00.000000,France,France,FR,5.28,17.0,98.74,18.7,opendata.reseaux-energies.fr,false,""
2024-10-26T03:00:00.000000,France,France,FR,5.12,16.78,98.79,18.81,opendata.reseaux-energies.fr,false,""
2024-10-26T04:00:00.000000,France,France,FR,4.98,16.55,98.82,18.87,opendata.reseaux-energies.fr,false,""
2024-10-26T05:00:00.000000,France,France,FR,4.87,16.42,98.85,19.48,opendata.reseaux-energies.fr,false,""
2024-10-26T06:00:00.000000,France,France,FR,4.8,16.3,98.86,19.92,opendata.reseaux-energies.fr,false,""
2024-10-26T07:00:00.000000,France,France,FR,5.06,16.78,98.81,20.68,opendata.reseaux-energies.fr,false,""
2024-10-26T08:00:00.000000,France,France,FR,5.97,18.44,98.63,22.59,opendata.reseaux-energies.fr,false,""
2024-10-26T09:00:00.000000,France,France,FR,5.88,18.77,98.65,24.17,opendata.reseaux-energies.fr,false,""
2024-10-26T10:00:00.000000,France,France,FR,6.02,19.3,98.63,26.21,opendata.reseaux-energies.fr,false,""
2024-10-26T11:00:00.000000,France,France,FR,5.88,19.3,98.66,26.35,opendata.reseaux-energies.fr,false,""
2024-10-26T12:00:00.000000,France,France,FR,5.61,18.96,98.7,24.73,opendata.reseaux-energies.fr,false,""
2024-10-26T13:00:00.000000,France,France,FR,6.1,19.49,98.61,24.35,opendata.reseaux-energies.fr,false,""
2024-10-26T14:00:00.000000,France,France,FR,6.28,19.35,98.56,23.01,opendata.reseaux-energies.fr,false,""
2024-10-26T15:00:00.000000,France,France,FR,6.08,18.58,98.59,20.8,opendata.reseaux-energies.fr,false,""
2024-10-26T16:00:00.000000,France,France,FR,6.77,19.02,98.43,20.63,opendata.reseaux-energies.fr,false,""
2024-10-26T17:00:00.000000,France,France,FR,9.2,21.88,97.95,22.05,opendata.reseaux-energies.fr,false,""
2024-10-26T18:00:00.000000,France,France,FR,11.14,24.31,97.69,21.6,opendata.reseaux-energies.fr,false,""
2024-10-26T19:00:00.000000,France,France,FR,6.1,17.88,98.55,20.08,opendata.reseaux-energies.fr,false,""
2024-10-26T20:00:00.000000,France,France,FR,4.89,16.32,98.85,19.69,opendata.reseaux-energies.fr,false,""
2024-10-26T21:00:00.000000,France,France,FR,5.32,16.88,98.76,19.95,opendata.reseaux-energies.fr,false,""
2024-10-26T22:00:00.000000,France,France,FR,4.8,16.28,98.88,19.95,opendata.reseaux-energies.fr,false,""
2024-10-26T23:00:00.000000,France,France,FR,4.75,16.26,98.88,19.16,Electricity Maps Estimation,true,ESTIMATED_TIME_SLICER_AVERAGE
2024-10-27T00:00:00.000000,France,France,FR,4.84,16.39,98.86,18.44,opendata.reseaux-energies.fr,false,""
2024-10-27T01:00:00.000000,France,France,FR,4.98,16.67,98.83,18.31,Electricity Maps Estimation,true,ESTIMATED_TIME_SLICER_AVERAGE
2024-10-27T02:00:00.000000,France,France,FR,5.13,16.95,98.8,18.18,opendata.reseaux-energies.fr,false,""
2024-10-27T03:00:00.000000,France,France,FR,5.16,17.02,98.79,17.64,opendata.reseaux-energies.fr,false,""
2024-10-27T04:00:00.000000,France,France,FR,5.14,16.9,98.79,17.4,opendata.reseaux-energies.fr,false,""
2024-10-27T05:00:00.000000,France,France,FR,4.96,16.58,98.84,17.22,opendata.reseaux-energies.fr,false,""
2024-10-27T06:00:00.000000,France,France,FR,4.86,16.51,98.86,17.65,opendata.reseaux-energies.fr,false,""
2024-10-27T07:00:00.000000,France,France,FR,4.82,16.84,98.87,19.43,opendata.reseaux-energies.fr,false,""
2024-10-27T08:00:00.000000,France,France,FR,5.45,18.45,98.73,22.28,opendata.reseaux-energies.fr,false,""
2024-10-27T09:00:00.000000,France,France,FR,5.59,19.19,98.7,24.38,opendata.reseaux-energies.fr,false,""
2024-10-27T10:00:00.000000,France,France,FR,5.02,18.92,98.83,25.7,opendata.reseaux-energies.fr,false,""
2024-10-27T11:00:00.000000,France,France,FR,4.89,19.01,98.85,26.97,opendata.reseaux-energies.fr,false,""
2024-10-27T12:00:00.000000,France,France,FR,4.71,18.66,98.89,26.01,opendata.reseaux-energies.fr,false,""
2024-10-27T13:00:00.000000,France,France,FR,6.12,20.07,98.6,24.95,opendata.reseaux-energies.fr,false,""
2024-10-27T14:00:00.000000,France,France,FR,5.83,19.26,98.66,21.91,opendata.reseaux-energies.fr,false,""
2024-10-27T15:00:00.000000,France,France,FR,6.79,19.79,98.46,20.29,opendata.reseaux-energies.fr,false,""
2024-10-27T16:00:00.000000,France,France,FR,7.59,20.11,98.28,18.97,opendata.reseaux-energies.fr,false,""
2024-10-27T17:00:00.000000,France,France,FR,7.86,20.25,98.2,20.47,opendata.reseaux-energies.fr,false,""
2024-10-27T18:00:00.000000,France,France,FR,7.95,20.34,98.17,20.97,opendata.reseaux-energies.fr,false,""
2024-10-27T19:00:00.000000,France,France,FR,6.91,18.91,98.39,19.52,opendata.reseaux-energies.fr,false,""
2024-10-27T20:00:00.000000,France,France,FR,6.36,18.21,98.51,18.83,opendata.reseaux-energies.fr,false,""
2024-10-27T21:00:00.000000,France,France,FR,7.0,19.06,98.37,18.77,opendata.reseaux-energies.fr,false,""
2024-10-27T22:00:00.000000,France,France,FR,7.74,20.01,98.23,18.87,opendata.reseaux-energies.fr,false,""
2024-10-27T23:00:00.000000,France,France,FR,7.49,20.82,98.34,19.26,opendata.reseaux-energies.fr,false,""
2024-10-28T00:00:00.000000,France,France,FR,5.82,18.78,98.7,17.71,opendata.reseaux-energies.fr,false,""
2024-10-28T01:00:00.000000,France,France,FR,4.7,17.41,98.96,17.74,opendata.reseaux-energies.fr,false,""
2024-10-28T02:00:00.000000,France,France,FR,4.83,17.72,98.92,17.88,opendata.reseaux-energies.fr,false,""
2024-10-28T03:00:00.000000,France,France,FR,4.62,17.48,98.99,17.56,opendata.reseaux-energies.fr,false,""
2024-10-28T04:00:00.000000,France,France,FR,5.5,18.49,98.79,18.14,opendata.reseaux-energies.fr,false,""
2024-10-28T05:00:00.000000,France,France,FR,4.57,17.09,98.99,19.21,opendata.reseaux-energies.fr,false,""
2024-10-28T06:00:00.000000,France,France,FR,4.66,17.02,98.97,20.67,opendata.reseaux-energies.fr,false,""
2024-10-28T07:00:00.000000,France,France,FR,6.74,19.77,98.55,23.03,opendata.reseaux-energies.fr,false,""
2024-10-28T08:00:00.000000,France,France,FR,6.68,20.42,98.59,25.8,opendata.reseaux-energies.fr,false,""
2024-10-28T09:00:00.000000,France,France,FR,5.94,20.09,98.74,27.48,opendata.reseaux-energies.fr,false,""
2024-10-28T10:00:00.000000,France,France,FR,5.65,20.2,98.8,28.87,opendata.reseaux-energies.fr,false,""
2024-10-28T11:00:00.000000,France,France,FR,5.36,20.08,98.85,29.74,opendata.reseaux-energies.fr,false,""
2024-10-28T12:00:00.000000,France,France,FR,5.5,20.25,98.84,29.88,opendata.reseaux-energies.fr,false,""
2024-10-28T13:00:00.000000,France,France,FR,5.65,20.08,98.82,27.95,opendata.reseaux-energies.fr,false,""
2024-10-28T14:00:00.000000,France,France,FR,6.16,20.24,98.69,25.85,opendata.reseaux-energies.fr,false,""
2024-10-28T15:00:00.000000,France,France,FR,7.56,21.38,98.32,23.16,opendata.reseaux-energies.fr,false,""
2024-10-28T16:00:00.000000,France,France,FR,10.93,25.08,97.44,21.59,opendata.reseaux-energies.fr,false,""
2024-10-28T17:00:00.000000,France,France,FR,15.55,30.89,96.19,23.29,opendata.reseaux-energies.fr,false,""
2024-10-28T18:00:00.000000,France,France,FR,20.5,37.28,95.29,23.87,opendata.reseaux-energies.fr,false,""
2024-10-28T19:00:00.000000,France,France,FR,10.42,24.42,97.42,23.78,opendata.reseaux-energies.fr,false,""
2024-10-28T20:00:00.000000,France,France,FR,6.05,18.78,98.57,22.62,opendata.reseaux-energies.fr,false,""
2024-10-28T21:00:00.000000,France,France,FR,6.21,18.97,98.62,22.56,opendata.reseaux-energies.fr,false,""
2024-10-28T22:00:00.000000,France,France,FR,6.88,19.85,98.5,22.78,opendata.reseaux-energies.fr,false,""
2024-10-28T23:00:00.000000,France,France,FR,6.0,18.88,98.71,21.4,opendata.reseaux-energies.fr,false,""
2024-10-29T00:00:00.000000,France,France,FR,6.04,18.96,98.71,20.04,opendata.reseaux-energies.fr,false,""
2024-10-29T01:00:00.000000,France,France,FR,6.11,19.04,98.7,18.77,opendata.reseaux-energies.fr,false,""
2024-10-29T02:00:00.000000,France,France,FR,5.09,17.71,98.87,17.69,opendata.reseaux-energies.fr,false,""
2024-10-29T03:00:00.000000,France,France,FR,4.75,17.3,98.94,17.46,opendata.reseaux-energies.fr,false,""
2024-10-29T04:00:00.000000,France,France,FR,5.53,18.27,98.79,18.03,opendata.reseaux-energies.fr,false,""
2024-10-29T05:00:00.000000,France,France,FR,6.45,19.34,98.62,19.22,opendata.reseaux-energies.fr,false,""
2024-10-29T06:00:00.000000,France,France,FR,6.53,19.34,98.59,21.11,opendata.reseaux-energies.fr,false,""
2024-10-29T07:00:00.000000,France,France,FR,7.46,20.66,98.33,23.17,opendata.reseaux-energies.fr,false,""
2024-10-29T08:00:00.000000,France,France,FR,7.84,21.67,98.19,25.5,opendata.reseaux-energies.fr,false,""
2024-10-29T09:00:00.000000,France,France,FR,8.53,23.21,98.03,27.13,opendata.reseaux-energies.fr,false,""
2024-10-29T10:00:00.000000,France,France,FR,8.45,23.63,98.04,28.46,opendata.reseaux-energies.fr,false,""
2024-10-29T11:00:00.000000,France,France,FR,8.17,23.54,98.12,28.86,opendata.reseaux-energies.fr,false,""
2024-10-29T12:00:00.000000,France,France,FR,7.94,23.44,98.14,28.28,opendata.reseaux-energies.fr,false,""
2024-10-29T13:00:00.000000,France,France,FR,8.19,23.61,98.13,27.48,opendata.reseaux-energies.fr,false,""
2024-10-29T14:00:00.000000,France,France,FR,8.71,23.81,97.97,25.34,opendata.reseaux-energies.fr,false,""
2024-10-29T15:00:00.000000,France,France,FR,10.8,25.72,97.42,23.16,opendata.reseaux-energies.fr,false,""
2024-10-29T16:00:00.000000,France,France,FR,14.7,29.98,96.33,21.39,opendata.reseaux-energies.fr,false,""
2024-10-29T17:00:00.000000,France,France,FR,26.66,45.23,94.03,21.37,opendata.reseaux-energies.fr,false,""
2024-10-29T18:00:00.000000,France,France,FR,26.87,45.48,93.98,22.46,opendata.reseaux-energies.fr,false,""
2024-10-29T19:00:00.000000,France,France,FR,26.96,45.58,93.98,21.69,opendata.reseaux-energies.fr,false,""
2024-10-29T20:00:00.000000,France,France,FR,16.15,31.72,95.94,21.42,opendata.reseaux-energies.fr,false,""
2024-10-29T21:00:00.000000,France,France,FR,13.2,27.95,96.77,20.97,opendata.reseaux-energies.fr,false,""
2024-10-29T22:00:00.000000,France,France,FR,12.86,27.53,96.87,20.7,opendata.reseaux-energies.fr,false,""
2024-10-29T23:00:00.000000,France,France,FR,11.62,26.04,97.21,19.98,opendata.reseaux-energies.fr,false,""
2024-10-30T00:00:00.000000,France,France,FR,10.93,25.21,97.43,18.89,opendata.reseaux-energies.fr,false,""
2024-10-30T01:00:00.000000,France,France,FR,8.62,22.21,98.05,18.2,opendata.reseaux-energies.fr,false,""
2024-10-30T02:00:00.000000,France,France,FR,5.75,18.58,98.79,18.08,opendata.reseaux-energies.fr,false,""
2024-10-30T03:00:00.000000,France,France,FR,5.37,18.17,98.85,18.4,opendata.reseaux-energies.fr,false,""
2024-10-30T04:00:00.000000,France,France,FR,4.58,17.13,99.0,18.14,opendata.reseaux-energies.fr,false,""
2024-10-30T05:00:00.000000,France,France,FR,4.33,16.73,99.05,18.94,opendata.reseaux-energies.fr,false,""
2024-10-30T06:00:00.000000,France,France,FR,5.58,18.21,98.8,21.65,opendata.reseaux-energies.fr,false,""
2024-10-30T07:00:00.000000,France,France,FR,6.53,19.49,98.59,23.49,opendata.reseaux-energies.fr,false,""
2024-10-30T08:00:00.000000,France,France,FR,6.89,20.51,98.54,26.46,opendata.reseaux-energies.fr,false,""
2024-10-30T09:00:00.000000,France,France,FR,5.91,19.97,98.74,27.86,opendata.reseaux-energies.fr,false,""
2024-10-30T10:00:00.000000,France,France,FR,5.44,19.81,98.83,28.23,opendata.reseaux-energies.fr,false,""
2024-10-30T11:00:00.000000,France,France,FR,5.71,20.49,98.78,29.22,opendata.reseaux-energies.fr,false,""
2024-10-30T12:00:00.000000,France,France,FR,4.87,19.55,98.93,28.61,opendata.reseaux-energies.fr,false,""
2024-10-30T13:00:00.000000,France,France,FR,4.74,19.14,98.96,27.24,opendata.reseaux-energies.fr,false,""
2024-10-30T14:00:00.000000,France,France,FR,4.56,18.4,98.99,25.29,opendata.reseaux-energies.fr,false,""
2024-10-30T15:00:00.000000,France,France,FR,5.29,18.62,98.76,23.26,opendata.reseaux-energies.fr,false,""
2024-10-30T16:00:00.000000,France,France,FR,8.69,22.4,97.84,22.79,opendata.reseaux-energies.fr,false,""
2024-10-30T17:00:00.000000,France,France,FR,12.74,27.42,96.75,24.48,opendata.reseaux-energies.fr,false,""
2024-10-30T18:00:00.000000,France,France,FR,22.23,39.57,95.15,24.44,opendata.reseaux-energies.fr,false,""
2024-10-30T19:00:00.000000,France,France,FR,18.28,34.55,95.83,24.2,opendata.reseaux-energies.fr,false,""
2024-10-30T20:00:00.000000,France,France,FR,9.51,23.34,97.61,23.71,opendata.reseaux-energies.fr,false,""
2024-10-30T21:00:00.000000,France,France,FR,5.02,17.52,98.85,23.3,opendata.reseaux-energies.fr,false,""
2024-10-30T22:00:00.000000,France,France,FR,4.29,16.53,99.05,23.05,opendata.reseaux-energies.fr,false,""
2024-10-30T23:00:00.000000,France,France,FR,4.17,16.42,99.08,22.1,opendata.reseaux-energies.fr,false,""
2024-10-31T00:00:00.000000,France,France,FR,4.31,16.66,99.05,19.46,opendata.reseaux-energies.fr,false,""
2024-10-31T01:00:00.000000,France,France,FR,4.38,16.74,99.04,18.53,opendata.reseaux-energies.fr,false,""
2024-10-31T02:00:00.000000,France,France,FR,4.44,16.82,99.02,17.3,opendata.reseaux-energies.fr,false,""
2024-10-31T03:00:00.000000,France,France,FR,4.45,16.82,99.02,17.22,opendata.reseaux-energies.fr,false,""
2024-10-31T04:00:00.000000,France,France,FR,4.43,16.77,99.02,17.31,opendata.reseaux-energies.fr,false,""
2024-10-31T05:00:00.000000,France,France,FR,5.92,18.65,98.61,18.22,opendata.reseaux-energies.fr,false,""
2024-10-31T06:00:00.000000,France,France,FR,9.99,23.84,97.48,20.36,opendata.reseaux-energies.fr,false,""
2024-10-31T07:00:00.000000,France,France,FR,11.95,26.47,96.94,22.24,opendata.reseaux-energies.fr,false,""
2024-10-31T08:00:00.000000,France,France,FR,12.57,27.8,96.79,24.27,opendata.reseaux-energies.fr,false,""
2024-10-31T09:00:00.000000,France,France,FR,9.13,24.04,97.77,26.23,opendata.reseaux-energies.fr,false,""
2024-10-31T10:00:00.000000,France,France,FR,6.41,21.04,98.51,27.51,opendata.reseaux-energies.fr,false,""
2024-10-31T11:00:00.000000,France,France,FR,5.87,20.7,98.65,28.5,opendata.reseaux-energies.fr,false,""
2024-10-31T12:00:00.000000,France,France,FR,5.45,20.28,98.73,28.65,opendata.reseaux-energies.fr,false,""
2024-10-31T13:00:00.000000,France,France,FR,5.52,20.27,98.69,27.34,opendata.reseaux-energies.fr,false,""
2024-10-31T14:00:00.000000,France,France,FR,8.12,23.04,98.08,25.54,opendata.reseaux-energies.fr,false,""
2024-10-31T15:00:00.000000,France,France,FR,12.61,28.21,96.8,22.75,opendata.reseaux-energies.fr,false,""
2024-10-31T16:00:00.000000,France,France,FR,17.07,33.2,95.55,20.97,opendata.reseaux-energies.fr,false,""
2024-10-31T17:00:00.000000,France,France,FR,19.77,36.6,94.8,22.02,opendata.reseaux-energies.fr,false,""
2024-10-31T18:00:00.000000,France,France,FR,20.21,37.11,94.68,21.82,opendata.reseaux-energies.fr,false,""
2024-10-31T19:00:00.000000,France,France,FR,20.8,38.0,94.52,21.09,opendata.reseaux-energies.fr,false,""
2024-10-31T20:00:00.000000,France,France,FR,19.13,35.87,94.98,19.96,opendata.reseaux-energies.fr,false,""
2024-10-31T21:00:00.000000,France,France,FR,13.88,29.06,96.43,19.65,opendata.reseaux-energies.fr,false,""
2024-10-31T22:00:00.000000,France,France,FR,11.79,26.31,97.02,18.89,opendata.reseaux-energies.fr,false,""
2024-10-31T23:00:00.000000,France,France,FR,9.16,22.99,97.74,18.22,opendata.reseaux-energies.fr,false,""
2024-11-01T00:00:00.000000,France,France,FR,9.26,23.29,97.72,17.71,opendata.reseaux-energies.fr,false,""
2024-11-01T01:00:00.000000,France,France,FR,10.27,24.62,97.44,17.52,opendata.reseaux-energies.fr,false,""
2024-11-01T02:00:00.000000,France,France,FR,10.71,25.18,97.33,15.75,opendata.reseaux-energies.fr,false,""
2024-11-01T03:00:00.000000,France,France,FR,10.63,25.07,97.35,16.29,opendata.reseaux-energies.fr,false,""
2024-11-01T04:00:00.000000,France,France,FR,10.65,25.08,97.34,15.22,opendata.reseaux-energies.fr,false,""
2024-11-01T05:00:00.000000,France,France,FR,10.67,25.08,97.33,15.66,opendata.reseaux-energies.fr,false,""
2024-11-01T06:00:00.000000,France,France,FR,10.6,24.94,97.35,16.04,opendata.reseaux-energies.fr,false,""
2024-11-01T07:00:00.000000,France,France,FR,10.46,24.97,97.38,17.04,opendata.reseaux-energies.fr,false,""
2024-11-01T08:00:00.000000,France,France,FR,10.0,25.18,97.5,20.5,opendata.reseaux-energies.fr,false,""
2024-11-01T09:00:00.000000,France,France,FR,9.6,25.55,97.6,23.73,opendata.reseaux-energies.fr,false,""
2024-11-01T10:00:00.000000,France,France,FR,9.15,25.61,97.72,26.18,opendata.reseaux-energies.fr,false,""
2024-11-01T11:00:00.000000,France,France,FR,8.87,25.6,97.79,27.49,opendata.reseaux-energies.fr,false,""
2024-11-01T12:00:00.000000,France,France,FR,8.97,25.79,97.78,28.26,opendata.reseaux-energies.fr,false,""
2024-11-01T13:00:00.000000,France,France,FR,9.14,25.77,97.73,26.41,opendata.reseaux-energies.fr,false,""
2024-11-01T14:00:00.000000,France,France,FR,9.24,25.23,97.69,23.88,opendata.reseaux-energies.fr,false,""
2024-11-01T15:00:00.000000,France,France,FR,10.07,25.32,97.47,20.05,opendata.reseaux-energies.fr,false,""
2024-11-01T16:00:00.000000,France,France,FR,13.07,28.24,96.65,17.93,opendata.reseaux-energies.fr,false,""
2024-11-01T17:00:00.000000,France,France,FR,17.78,33.93,95.44,19.4,opendata.reseaux-energies.fr,false,""
2024-11-01T18:00:00.000000,France,France,FR,20.08,36.97,94.75,20.28,opendata.reseaux-energies.fr,false,""
2024-11-01T19:00:00.000000,France,France,FR,19.96,36.87,94.75,19.67,opendata.reseaux-energies.fr,false,""
2024-11-01T20:00:00.000000,France,France,FR,20.13,37.24,94.7,19.76,opendata.reseaux-energies.fr,false,""
2024-11-01T21:00:00.000000,France,France,FR,20.46,37.7,94.61,18.79,opendata.reseaux-energies.fr,false,""
2024-11-01T22:00:00.000000,France,France,FR,20.66,38.01,94.56,19.87,opendata.reseaux-energies.fr,false,""
2024-11-01T23:00:00.000000,France,France,FR,18.06,34.77,95.28,19.11,opendata.reseaux-energies.fr,false,""
2024-11-02T00:00:00.000000,France,France,FR,13.1,28.55,96.66,18.43,opendata.reseaux-energies.fr,false,""
2024-11-02T01:00:00.000000,France,France,FR,12.87,28.3,96.72,18.35,opendata.reseaux-energies.fr,false,""
2024-11-02T02:00:00.000000,France,France,FR,12.7,28.1,96.77,18.17,opendata.reseaux-energies.fr,false,""
2024-11-02T03:00:00.000000,France,France,FR,12.74,28.14,96.76,18.63,opendata.reseaux-energies.fr,false,""
2024-11-02T04:00:00.000000,France,France,FR,13.16,28.65,96.64,19.64,opendata.reseaux-energies.fr,false,""
2024-11-02T05:00:00.000000,France,France,FR,13.16,28.61,96.64,20.33,opendata.reseaux-energies.fr,false,""
2024-11-02T06:00:00.000000,France,France,FR,12.8,28.11,96.73,21.73,opendata.reseaux-energies.fr,false,""
2024-11-02T07:00:00.000000,France,France,FR,12.81,28.42,96.73,23.37,opendata.reseaux-energies.fr,false,""
2024-11-02T08:00:00.000000,France,France,FR,12.42,28.63,96.85,25.96,opendata.reseaux-energies.fr,false,""
2024-11-02T09:00:00.000000,France,France,FR,12.46,29.41,96.88,28.89,opendata.reseaux-energies.fr,false,""
2024-11-02T10:00:00.000000,France,France,FR,12.62,30.05,96.93,31.61,opendata.reseaux-energies.fr,false,""
2024-11-02T11:00:00.000000,France,France,FR,13.16,30.92,96.8,33.08,opendata.reseaux-energies.fr,false,""
2024-11-02T12:00:00.000000,France,France,FR,12.82,30.49,96.86,32.99,opendata.reseaux-energies.fr,false,""
2024-11-02T13:00:00.000000,France,France,FR,13.28,30.85,96.76,31.32,opendata.reseaux-energies.fr,false,""
2024-11-02T14:00:00.000000,France,France,FR,12.7,29.53,96.85,28.72,opendata.reseaux-energies.fr,false,""
2024-11-02T15:00:00.000000,France,France,FR,14.05,30.49,96.43,25.25,opendata.reseaux-energies.fr,false,""
2024-11-02T16:00:00.000000,France,France,FR,16.74,33.22,95.66,23.32,opendata.reseaux-energies.fr,false,""
2024-11-02T17:00:00.000000,France,France,FR,19.24,36.14,94.97,23.97,opendata.reseaux-energies.fr,false,""
2024-11-02T18:00:00.000000,France,France,FR,19.67,36.69,94.84,24.86,opendata.reseaux-energies.fr,false,""
2024-11-02T19:00:00.000000,France,France,FR,21.43,39.06,94.34,24.62,opendata.reseaux-energies.fr,false,""
2024-11-02T20:00:00.000000,France,France,FR,21.45,39.15,94.34,23.98,opendata.reseaux-energies.fr,false,""
2024-11-02T21:00:00.000000,France,France,FR,20.96,38.53,94.47,23.2,opendata.reseaux-energies.fr,false,""
2024-11-02T22:00:00.000000,France,France,FR,21.16,38.77,94.42,22.25,opendata.reseaux-energies.fr,false,""
2024-11-02T23:00:00.000000,France,France,FR,19.08,36.07,95.0,21.36,opendata.reseaux-energies.fr,false,""
2024-11-03T00:00:00.000000,France,France,FR,11.19,25.95,97.18,21.29,opendata.reseaux-energies.fr,false,""
2024-11-03T01:00:00.000000,France,France,FR,10.4,24.93,97.4,20.39,opendata.reseaux-energies.fr,false,""
2024-11-03T02:00:00.000000,France,France,FR,10.63,25.22,97.34,19.26,opendata.reseaux-energies.fr,false,""
2024-11-03T03:00:00.000000,France,France,FR,10.72,25.26,97.32,17.92,opendata.reseaux-energies.fr,false,""
2024-11-03T04:00:00.000000,France,France,FR,10.74,25.27,97.32,17.56,opendata.reseaux-energies.fr,false,""
2024-11-03T05:00:00.000000,France,France,FR,10.65,25.05,97.34,17.27,opendata.reseaux-energies.fr,false,""
2024-11-03T06:00:00.000000,France,France,FR,10.56,24.92,97.37,17.47,opendata.reseaux-energies.fr,false,""
2024-11-03T07:00:00.000000,France,France,FR,11.38,26.2,97.2,18.88,opendata.reseaux-energies.fr,false,""
2024-11-03T08:00:00.000000,France,France,FR,11.62,27.34,97.17,22.04,opendata.reseaux-energies.fr,false,""
2024-11-03T09:00:00.000000,France,France,FR,11.12,27.65,97.29,25.47,opendata.reseaux-energies.fr,false,""
2024-11-03T10:00:00.000000,France,France,FR,10.27,27.22,97.48,27.64,opendata.reseaux-energies.fr,false,""
2024-11-03T11:00:00.000000,France,France,FR,9.86,27.01,97.57,28.8,opendata.reseaux-energies.fr,false,""
2024-11-03T12:00:00.000000,France,France,FR,9.81,27.05,97.58,28.97,opendata.reseaux-energies.fr,false,""
2024-11-03T13:00:00.000000,France,France,FR,9.99,27.06,97.53,27.47,opendata.reseaux-energies.fr,false,""
2024-11-03T14:00:00.000000,France,France,FR,10.94,27.61,97.31,24.62,opendata.reseaux-energies.fr,false,""
2024-11-03T15:00:00.000000,France,France,FR,12.87,28.93,96.81,20.69,opendata.reseaux-energies.fr,false,""
2024-11-03T16:00:00.000000,France,France,FR,16.4,32.5,95.84,18.49,opendata.reseaux-energies.fr,false,""
2024-11-03T17:00:00.000000,France,France,FR,20.3,37.21,94.78,21.39,opendata.reseaux-energies.fr,false,""
2024-11-03T18:00:00.000000,France,France,FR,22.29,39.67,94.3,23.13,opendata.reseaux-energies.fr,false,""
2024-11-03T19:00:00.000000,France,France,FR,20.78,37.88,94.58,21.84,opendata.reseaux-energies.fr,false,""
2024-11-03T20:00:00.000000,France,France,FR,19.55,36.39,94.86,20.62,opendata.reseaux-energies.fr,false,""
2024-11-03T21:00:00.000000,France,France,FR,19.57,36.46,94.87,19.71,opendata.reseaux-energies.fr,false,""
2024-11-03T22:00:00.000000,France,France,FR,19.34,36.17,94.93,19.26,opendata.reseaux-energies.fr,false,""
2024-11-03T23:00:00.000000,France,France,FR,17.38,33.66,95.48,17.81,opendata.reseaux-energies.fr,false,""
2024-11-04T00:00:00.000000,France,France,FR,13.94,29.16,96.46,17.09,opendata.reseaux-energies.fr,false,""
2024-11-04T01:00:00.000000,France,France,FR,15.07,30.56,96.16,16.73,opendata.reseaux-energies.fr,false,""
2024-11-04T02:00:00.000000,France,France,FR,15.88,31.65,95.9,16.01,opendata.reseaux-energies.fr,false,""
2024-11-04T03:00:00.000000,France,France,FR,16.41,32.4,95.75,16.0,opendata.reseaux-energies.fr,false,""
2024-11-04T04:00:00.000000,France,France,FR,16.93,32.97,95.6,16.14,opendata.reseaux-energies.fr,false,""
2024-11-04T05:00:00.000000,France,France,FR,21.54,38.83,94.32,17.31,opendata.reseaux-energies.fr,false,""
2024-11-04T06:00:00.000000,France,France,FR,26.96,45.81,92.82,20.96,opendata.reseaux-energies.fr,false,""
2024-11-04T07:00:00.000000,France,France,FR,28.53,47.95,92.5,22.74,opendata.reseaux-energies.fr,false,""
2024-11-04T08:00:00.000000,France,France,FR,27.83,47.56,92.72,24.32,opendata.reseaux-energies.fr,false,""
2024-11-04T09:00:00.000000,France,France,FR,27.99,48.51,92.62,24.29,opendata.reseaux-energies.fr,false,""
2024-11-04T10:00:00.000000,France,France,FR,25.65,46.12,93.25,24.84,opendata.reseaux-energies.fr,false,""
2024-11-04T11:00:00.000000,France,France,FR,24.52,44.96,93.52,26.19,opendata.reseaux-energies.fr,false,""
2024-11-04T12:00:00.000000,France,France,FR,24.58,45.2,93.5,26.48,opendata.reseaux-energies.fr,false,""
2024-11-04T13:00:00.000000,France,France,FR,24.92,45.41,93.37,24.82,opendata.reseaux-energies.fr,false,""
2024-11-04T14:00:00.000000,France,France,FR,29.22,50.33,92.3,22.93,opendata.reseaux-energies.fr,false,""
2024-11-04T15:00:00.000000,France,France,FR,33.83,55.49,91.04,20.26,opendata.reseaux-energies.fr,false,""
2024-11-04T16:00:00.000000,France,France,FR,37.63,59.7,90.04,19.74,opendata.reseaux-energies.fr,false,""
2024-11-04T17:00:00.000000,France,France,FR,37.78,59.63,90.08,21.94,opendata.reseaux-energies.fr,false,""
2024-11-04T18:00:00.000000,France,France,FR,43.53,66.96,89.73,22.43,opendata.reseaux-energies.fr,false,""
2024-11-04T19:00:00.000000,France,France,FR,41.95,64.98,90.06,21.48,opendata.reseaux-energies.fr,false,""
2024-11-04T20:00:00.000000,France,France,FR,33.67,54.56,90.95,20.77,opendata.reseaux-energies.fr,false,""
2024-11-04T21:00:00.000000,France,France,FR,33.48,54.31,91.02,19.19,opendata.reseaux-energies.fr,false,""
2024-11-04T22:00:00.000000,France,France,FR,35.99,57.52,90.39,18.02,opendata.reseaux-energies.fr,false,""
2024-11-04T23:00:00.000000,France,France,FR,30.06,49.91,91.95,17.51,opendata.reseaux-energies.fr,false,""
2024-11-05T00:00:00.000000,France,France,FR,24.56,42.74,93.47,15.77,opendata.reseaux-energies.fr,false,""
2024-11-05T01:00:00.000000,France,France,FR,22.1,39.59,94.16,15.4,opendata.reseaux-energies.fr,false,""
2024-11-05T02:00:00.000000,France,France,FR,19.73,36.47,94.81,14.93,opendata.reseaux-energies.fr,false,""
2024-11-05T03:00:00.000000,France,France,FR,23.19,40.94,93.86,14.4,opendata.reseaux-energies.fr,false,""
2024-11-05T04:00:00.000000,France,France,FR,25.9,44.46,93.11,14.18,opendata.reseaux-energies.fr,false,""
2024-11-05T05:00:00.000000,France,France,FR,33.26,53.97,91.07,15.05,opendata.reseaux-energies.fr,false,""
2024-11-05T06:00:00.000000,France,France,FR,34.59,55.63,90.7,18.67,opendata.reseaux-energies.fr,false,""
2024-11-05T07:00:00.000000,France,France,FR,34.43,55.56,90.74,20.5,opendata.reseaux-energies.fr,false,""
2024-11-05T08:00:00.000000,France,France,FR,34.87,56.57,90.59,21.22,opendata.reseaux-energies.fr,false,""
2024-11-05T09:00:00.000000,France,France,FR,35.78,58.36,90.33,21.24,opendata.reseaux-energies.fr,false,""
2024-11-05T10:00:00.000000,France,France,FR,33.81,56.29,90.87,21.26,opendata.reseaux-energies.fr,false,""
2024-11-05T11:00:00.000000,France,France,FR,32.23,54.55,91.31,22.16,opendata.reseaux-energies.fr,false,""
2024-11-05T12:00:00.000000,France,France,FR,32.1,54.36,91.34,22.3,opendata.reseaux-energies.fr,false,""
2024-11-05T13:00:00.000000,France,France,FR,33.92,56.26,90.9,21.26,opendata.reseaux-energies.fr,false,""
2024-11-05T14:00:00.000000,France,France,FR,35.79,58.17,90.44,20.25,opendata.reseaux-energies.fr,false,""
2024-11-05T15:00:00.000000,France,France,FR,36.72,58.79,90.24,18.41,opendata.reseaux-energies.fr,false,""
2024-11-05T16:00:00.000000,France,France,FR,38.24,60.18,89.85,17.6,opendata.reseaux-energies.fr,false,""
2024-11-05T17:00:00.000000,France,France,FR,43.29,66.5,89.44,19.14,opendata.reseaux-energies.fr,false,""
2024-11-05T18:00:00.000000,France,France,FR,49.08,74.03,88.88,19.34,opendata.reseaux-energies.fr,false,""
2024-11-05T19:00:00.000000,France,France,FR,48.13,72.82,89.15,18.54,opendata.reseaux-energies.fr,false,""
2024-11-05T20:00:00.000000,France,France,FR,36.17,57.59,90.27,18.07,opendata.reseaux-energies.fr,false,""
2024-11-05T21:00:00.000000,France,France,FR,36.54,58.09,90.17,16.37,opendata.reseaux-energies.fr,false,""
2024-11-05T22:00:00.000000,France,France,FR,37.09,58.77,90.03,14.47,opendata.reseaux-energies.fr,false,""
2024-11-05T23:00:00.000000,France,France,FR,36.84,58.08,90.1,13.13,opendata.reseaux-energies.fr,false,""
2024-11-06T00:00:00.000000,France,France,FR,36.48,57.18,90.21,11.66,opendata.reseaux-energies.fr,false,""
2024-11-06T01:00:00.000000,France,France,FR,35.72,56.19,90.42,11.45,opendata.reseaux-energies.fr,false,""
2024-11-06T02:00:00.000000,France,France,FR,34.97,55.26,90.63,11.31,opendata.reseaux-energies.fr,false,""
2024-11-06T03:00:00.000000,France,France,FR,35.84,56.38,90.39,11.04,opendata.reseaux-energies.fr,false,""
2024-11-06T04:00:00.000000,France,France,FR,35.14,55.44,90.58,11.55,opendata.reseaux-energies.fr,false,""
2024-11-06T05:00:00.000000,France,France,FR,36.46,57.28,90.22,13.41,opendata.reseaux-energies.fr,false,""
2024-11-06T06:00:00.000000,France,France,FR,39.3,61.16,89.44,16.32,opendata.reseaux-energies.fr,false,""
2024-11-06T07:00:00.000000,France,France,FR,36.67,57.61,90.18,17.63,opendata.reseaux-energies.fr,false,""
2024-11-06T08:00:00.000000,France,France,FR,36.48,57.82,90.34,19.8,opendata.reseaux-energies.fr,false,""
2024-11-06T09:00:00.000000,France,France,FR,34.6,55.99,90.84,21.29,opendata.reseaux-energies.fr,false,""
2024-11-06T10:00:00.000000,France,France,FR,32.71,53.92,91.28,21.5,opendata.reseaux-energies.fr,false,""
2024-11-06T11:00:00.000000,France,France,FR,31.66,52.85,91.53,21.98,opendata.reseaux-energies.fr,false,""
2024-11-06T12:00:00.000000,France,France,FR,32.08,53.44,91.41,22.2,opendata.reseaux-energies.fr,false,""
2024-11-06T13:00:00.000000,France,France,FR,32.7,54.06,91.24,21.94,opendata.reseaux-energies.fr,false,""
2024-11-06T14:00:00.000000,France,France,FR,34.58,56.05,90.73,20.74,opendata.reseaux-energies.fr,false,""
2024-11-06T15:00:00.000000,France,France,FR,35.25,56.23,90.54,18.89,opendata.reseaux-energies.fr,false,""
2024-11-06T16:00:00.000000,France,France,FR,36.22,56.99,90.32,18.74,opendata.reseaux-energies.fr,false,""
2024-11-06T17:00:00.000000,France,France,FR,37.07,57.92,90.28,19.42,opendata.reseaux-energies.fr,false,""
2024-11-06T18:00:00.000000,France,France,FR,38.1,59.23,90.28,19.56,opendata.reseaux-energies.fr,false,""
2024-11-06T19:00:00.000000,France,France,FR,37.11,57.94,90.41,19.15,opendata.reseaux-energies.fr,false,""
2024-11-06T20:00:00.000000,France,France,FR,34.82,55.07,90.66,18.02,opendata.reseaux-energies.fr,false,""
2024-11-06T21:00:00.000000,France,France,FR,36.58,57.38,90.17,17.18,opendata.reseaux-energies.fr,false,""
2024-11-06T22:00:00.000000,France,France,FR,37.11,58.07,90.03,16.21,opendata.reseaux-energies.fr,false,""
2024-11-06T23:00:00.000000,France,France,FR,37.17,59.09,90.01,15.8,opendata.reseaux-energies.fr,false,""
2024-11-07T00:00:00.000000,France,France,FR,33.28,54.01,91.08,14.08,opendata.reseaux-energies.fr,false,""
2024-11-07T01:00:00.000000,France,France,FR,28.3,47.55,92.46,13.94,opendata.reseaux-energies.fr,false,""
2024-11-07T02:00:00.000000,France,France,FR,27.36,46.35,92.72,13.65,opendata.reseaux-energies.fr,false,""
2024-11-07T03:00:00.000000,France,France,FR,25.55,44.02,93.22,14.04,opendata.reseaux-energies.fr,false,""
2024-11-07T04:00:00.000000,France,France,FR,25.96,44.51,93.1,14.29,opendata.reseaux-energies.fr,false,""
2024-11-07T05:00:00.000000,France,France,FR,33.75,54.62,90.95,14.76,opendata.reseaux-energies.fr,false,""
2024-11-07T06:00:00.000000,France,France,FR,37.58,59.51,89.89,17.78,opendata.reseaux-energies.fr,false,""
2024-11-07T07:00:00.000000,France,France,FR,36.44,58.02,90.21,18.68,opendata.reseaux-energies.fr,false,""
2024-11-07T08:00:00.000000,France,France,FR,35.92,57.79,90.37,20.37,opendata.reseaux-energies.fr,false,""
2024-11-07T09:00:00.000000,France,France,FR,34.44,56.49,90.8,22.04,opendata.reseaux-energies.fr,false,""
2024-11-07T10:00:00.000000,France,France,FR,33.68,55.91,90.98,22.55,opendata.reseaux-energies.fr,false,""
2024-11-07T11:00:00.000000,France,France,FR,32.68,54.95,91.24,23.79,opendata.reseaux-energies.fr,false,""
2024-11-07T12:00:00.000000,France,France,FR,32.81,55.28,91.21,23.65,opendata.reseaux-energies.fr,false,""
2024-11-07T13:00:00.000000,France,France,FR,33.2,55.55,91.1,21.82,opendata.reseaux-energies.fr,false,""
2024-11-07T14:00:00.000000,France,France,FR,33.72,55.87,90.99,20.25,opendata.reseaux-energies.fr,false,""
2024-11-07T15:00:00.000000,France,France,FR,35.07,56.93,90.61,18.08,opendata.reseaux-energies.fr,false,""
2024-11-07T16:00:00.000000,France,France,FR,35.14,56.44,90.57,18.83,opendata.reseaux-energies.fr,false,""
2024-11-07T17:00:00.000000,France,France,FR,35.92,57.29,90.59,21.21,opendata.reseaux-energies.fr,false,""
2024-11-07T18:00:00.000000,France,France,FR,37.48,59.26,90.39,22.75,opendata.reseaux-energies.fr,false,""
2024-11-07T19:00:00.000000,France,France,FR,38.19,60.21,90.21,21.42,opendata.reseaux-energies.fr,false,""
2024-11-07T20:00:00.000000,France,France,FR,38.88,61.2,89.98,18.89,opendata.reseaux-energies.fr,false,""
2024-11-07T21:00:00.000000,France,France,FR,35.98,57.53,90.36,16.93,opendata.reseaux-energies.fr,false,""
2024-11-07T22:00:00.000000,France,France,FR,32.95,53.64,91.28,16.41,opendata.reseaux-energies.fr,false,""
2024-11-07T23:00:00.000000,France,France,FR,29.51,49.24,92.19,15.88,opendata.reseaux-energies.fr,false,""
2024-11-08T00:00:00.000000,France,France,FR,25.6,44.22,93.24,15.45,opendata.reseaux-energies.fr,false,""
2024-11-08T01:00:00.000000,France,France,FR,28.0,47.32,92.55,15.7,opendata.reseaux-energies.fr,false,""
2024-11-08T02:00:00.000000,France,France,FR,27.02,46.04,92.83,15.05,opendata.reseaux-energies.fr,false,""
2024-11-08T03:00:00.000000,France,France,FR,28.74,48.26,92.36,14.91,opendata.reseaux-energies.fr,false,""
2024-11-08T04:00:00.000000,France,France,FR,29.45,49.13,92.17,14.67,opendata.reseaux-energies.fr,false,""
2024-11-08T05:00:00.000000,France,France,FR,32.29,52.78,91.36,14.63,opendata.reseaux-energies.fr,false,""
2024-11-08T06:00:00.000000,France,France,FR,37.35,59.49,89.98,17.09,opendata.reseaux-energies.fr,false,""
2024-11-08T07:00:00.000000,France,France,FR,35.67,57.26,90.42,19.62,opendata.reseaux-energies.fr,false,""
2024-11-08T08:00:00.000000,France,France,FR,34.34,56.06,90.77,21.88,opendata.reseaux-energies.fr,false,""
2024-11-08T09:00:00.000000,France,France,FR,33.84,56.06,90.91,23.32,opendata.reseaux-energies.fr,false,""
2024-11-08T10:00:00.000000,France,France,FR,33.83,56.61,90.9,23.84,opendata.reseaux-energies.fr,false,""
2024-11-08T11:00:00.000000,France,France,FR,33.23,56.19,91.08,24.75,opendata.reseaux-energies.fr,false,""
2024-11-08T12:00:00.000000,France,France,FR,33.19,56.16,91.08,24.29,opendata.reseaux-energies.fr,false,""
2024-11-08T13:00:00.000000,France,France,FR,33.84,56.68,90.91,22.76,opendata.reseaux-energies.fr,false,""
2024-11-08T14:00:00.000000,France,France,FR,34.98,57.5,90.6,21.04,opendata.reseaux-energies.fr,false,""
2024-11-08T15:00:00.000000,France,France,FR,35.16,56.96,90.56,19.19,opendata.reseaux-energies.fr,false,""
2024-11-08T16:00:00.000000,France,France,FR,34.05,55.06,90.86,19.06,opendata.reseaux-energies.fr,false,""
2024-11-08T17:00:00.000000,France,France,FR,33.63,54.44,90.97,20.29,opendata.reseaux-energies.fr,false,""
2024-11-08T18:00:00.000000,France,France,FR,34.88,56.01,90.68,20.24,opendata.reseaux-energies.fr,false,""
2024-11-08T19:00:00.000000,France,France,FR,35.75,57.17,90.43,19.05,opendata.reseaux-energies.fr,false,""
2024-11-08T20:00:00.000000,France,France,FR,37.15,59.07,90.08,16.77,opendata.reseaux-energies.fr,false,""
2024-11-08T21:00:00.000000,France,France,FR,37.68,59.84,89.96,15.55,opendata.reseaux-energies.fr,false,""
2024-11-08T22:00:00.000000,France,France,FR,39.36,62.11,89.56,15.65,opendata.reseaux-energies.fr,false,""
2024-11-08T23:00:00.000000,France,France,FR,38.32,60.86,89.86,15.4,opendata.reseaux-energies.fr,false,""
2024-11-09T00:00:00.000000,France,France,FR,34.62,56.07,90.82,14.48,opendata.reseaux-energies.fr,false,""
2024-11-09T01:00:00.000000,France,France,FR,34.02,55.29,90.97,13.66,opendata.reseaux-energies.fr,false,""
2024-11-09T02:00:00.000000,France,France,FR,34.24,55.74,90.83,13.26,opendata.reseaux-energies.fr,false,""
2024-11-09T03:00:00.000000,France,France,FR,32.87,54.02,91.21,13.13,opendata.reseaux-energies.fr,false,""
2024-11-09T04:00:00.000000,France,France,FR,32.86,54.08,91.21,13.19,opendata.reseaux-energies.fr,false,""
2024-11-09T05:00:00.000000,France,France,FR,33.14,54.41,91.13,13.49,opendata.reseaux-energies.fr,false,""
2024-11-09T06:00:00.000000,France,France,FR,34.8,56.48,90.67,14.51,opendata.reseaux-energies.fr,false,""
2024-11-09T07:00:00.000000,France,France,FR,36.22,58.42,90.28,15.77,opendata.reseaux-energies.fr,false,""
2024-11-09T08:00:00.000000,France,France,FR,35.85,58.36,90.37,18.11,opendata.reseaux-energies.fr,false,""
2024-11-09T09:00:00.000000,France,France,FR,35.66,58.59,90.46,19.98,opendata.reseaux-energies.fr,false,""
2024-11-09T10:00:00.000000,France,France,FR,36.49,60.04,90.4,21.59,opendata.reseaux-energies.fr,false,""
2024-11-09T11:00:00.000000,France,France,FR,36.4,60.16,90.46,22.98,opendata.reseaux-energies.fr,false,""
2024-11-09T12:00:00.000000,France,France,FR,36.16,59.9,90.51,23.71,opendata.reseaux-energies.fr,false,""
2024-11-09T13:00:00.000000,France,France,FR,36.74,60.43,90.35,22.24,opendata.reseaux-energies.fr,false,""
2024-11-09T14:00:00.000000,France,France,FR,36.44,59.66,90.44,20.94,opendata.reseaux-energies.fr,false,""
2024-11-09T15:00:00.000000,France,France,FR,38.57,61.92,89.88,18.77,opendata.reseaux-energies.fr,false,""
2024-11-09T16:00:00.000000,France,France,FR,41.15,64.74,89.22,18.54,opendata.reseaux-energies.fr,false,""
2024-11-09T17:00:00.000000,France,France,FR,39.23,61.99,89.74,20.63,opendata.reseaux-energies.fr,false,""
2024-11-09T18:00:00.000000,France,France,FR,39.45,62.27,89.66,20.82,opendata.reseaux-energies.fr,false,""
2024-11-09T19:00:00.000000,France,France,FR,36.36,58.49,90.31,19.04,opendata.reseaux-energies.fr,false,""
2024-11-09T20:00:00.000000,France,France,FR,35.47,57.48,90.48,17.42,opendata.reseaux-energies.fr,false,""
2024-11-09T21:00:00.000000,France,France,FR,34.64,56.46,90.74,15.91,opendata.reseaux-energies.fr,false,""
2024-11-09T22:00:00.000000,France,France,FR,35.25,57.23,90.61,15.81,opendata.reseaux-energies.fr,false,""
2024-11-09T23:00:00.000000,France,France,FR,35.96,58.09,90.52,15.54,opendata.reseaux-energies.fr,false,""
2024-11-10T00:00:00.000000,France,France,FR,33.07,54.22,91.49,14.93,opendata.reseaux-energies.fr,false,""
2024-11-10T01:00:00.000000,France,France,FR,29.28,49.29,92.61,14.1,opendata.reseaux-energies.fr,false,""
2024-11-10T02:00:00.000000,France,France,FR,27.59,47.14,93.05,13.06,opendata.reseaux-energies.fr,false,""
2024-11-10T03:00:00.000000,France,France,FR,26.76,46.06,93.24,12.74,opendata.reseaux-energies.fr,false,""
2024-11-10T04:00:00.000000,France,France,FR,28.4,48.3,92.78,13.03,opendata.reseaux-energies.fr,false,""
2024-11-10T05:00:00.000000,France,France,FR,30.58,51.19,92.16,13.13,opendata.reseaux-energies.fr,false,""
2024-11-10T06:00:00.000000,France,France,FR,37.44,60.15,90.34,14.34,opendata.reseaux-energies.fr,false,""
2024-11-10T07:00:00.000000,France,France,FR,36.44,58.94,90.62,15.61,opendata.reseaux-energies.fr,false,""
2024-11-10T08:00:00.000000,France,France,FR,34.11,56.61,91.18,19.38,opendata.reseaux-energies.fr,false,""
2024-11-10T09:00:00.000000,France,France,FR,31.75,54.27,91.74,22.65,opendata.reseaux-energies.fr,false,""
2024-11-10T10:00:00.000000,France,France,FR,29.71,52.03,92.24,24.11,opendata.reseaux-energies.fr,false,""
2024-11-10T11:00:00.000000,France,France,FR,28.7,50.93,92.51,25.21,opendata.reseaux-energies.fr,false,""
2024-11-10T12:00:00.000000,France,France,FR,28.92,51.26,92.43,25.18,opendata.reseaux-energies.fr,false,""
2024-11-10T13:00:00.000000,France,France,FR,29.38,51.67,92.31,23.55,opendata.reseaux-energies.fr,false,""
2024-11-10T14:00:00.000000,France,France,FR,30.21,52.32,92.11,21.99,opendata.reseaux-energies.fr,false,""
2024-11-10T15:00:00.000000,France,France,FR,31.64,53.42,91.74,19.32,opendata.reseaux-energies.fr,false,""
2024-11-10T16:00:00.000000,France,France,FR,32.15,53.42,91.61,18.86,opendata.reseaux-energies.fr,false,""
2024-11-10T17:00:00.000000,France,France,FR,35.13,56.96,90.84,20.7,opendata.reseaux-energies.fr,false,""
2024-11-10T18:00:00.000000,France,France,FR,34.36,55.84,91.06,21.79,opendata.reseaux-energies.fr,false,""
2024-11-10T19:00:00.000000,France,France,FR,33.56,54.87,91.15,20.35,opendata.reseaux-energies.fr,false,""
2024-11-10T20:00:00.000000,France,France,FR,32.08,53.1,91.42,18.45,opendata.reseaux-energies.fr,false,""
2024-11-10T21:00:00.000000,France,France,FR,32.24,53.28,91.43,16.83,opendata.reseaux-energies.fr,false,""
2024-11-10T22:00:00.000000,France,France,FR,36.28,58.51,90.51,17.06,opendata.reseaux-energies.fr,false,""
2024-11-10T23:00:00.000000,France,France,FR,36.17,58.36,90.62,17.75,opendata.reseaux-energies.fr,false,""
2024-11-11T00:00:00.000000,France,France,FR,30.57,51.05,92.23,17.07,opendata.reseaux-energies.fr,false,""
2024-11-11T01:00:00.000000,France,France,FR,26.01,45.12,93.52,16.98,opendata.reseaux-energies.fr,false,""
2024-11-11T02:00:00.000000,France,France,FR,24.77,43.53,93.91,16.38,opendata.reseaux-energies.fr,false,""
2024-11-11T03:00:00.000000,France,France,FR,24.79,43.59,93.85,16.38,opendata.reseaux-energies.fr,false,""
2024-11-11T04:00:00.000000,France,France,FR,24.67,43.38,93.83,16.83,opendata.reseaux-energies.fr,false,""
2024-11-11T05:00:00.000000,France,France,FR,23.96,42.51,93.93,16.87,opendata.reseaux-energies.fr,false,""
2024-11-11T06:00:00.000000,France,France,FR,22.71,40.91,94.17,18.8,opendata.reseaux-energies.fr,false,""
2024-11-11T07:00:00.000000,France,France,FR,21.9,39.99,94.32,20.57,opendata.reseaux-energies.fr,false,""
2024-11-11T08:00:00.000000,France,France,FR,22.25,41.08,94.29,24.4,opendata.reseaux-energies.fr,false,""
2024-11-11T09:00:00.000000,France,France,FR,21.93,41.3,94.29,25.72,opendata.reseaux-energies.fr,false,""
2024-11-11T10:00:00.000000,France,France,FR,22.85,43.04,94.09,27.54,opendata.reseaux-energies.fr,false,""
2024-11-11T11:00:00.000000,France,France,FR,22.71,43.06,94.12,29.03,opendata.reseaux-energies.fr,false,""
2024-11-11T12:00:00.000000,France,France,FR,21.9,42.08,94.31,29.74,opendata.reseaux-energies.fr,false,""
2024-11-11T13:00:00.000000,France,France,FR,22.08,42.15,94.29,28.37,opendata.reseaux-energies.fr,false,""
2024-11-11T14:00:00.000000,France,France,FR,21.62,41.05,94.41,26.4,opendata.reseaux-energies.fr,false,""
2024-11-11T15:00:00.000000,France,France,FR,20.66,39.0,94.66,24.57,opendata.reseaux-energies.fr,false,""
2024-11-11T16:00:00.000000,France,France,FR,22.33,40.43,94.11,23.2,opendata.reseaux-energies.fr,false,""
2024-11-11T17:00:00.000000,France,France,FR,22.82,40.96,94.0,25.71,opendata.reseaux-energies.fr,false,""
2024-11-11T18:00:00.000000,France,France,FR,22.88,40.95,94.0,27.5,opendata.reseaux-energies.fr,false,""
2024-11-11T19:00:00.000000,France,France,FR,20.82,38.36,94.57,26.83,opendata.reseaux-energies.fr,false,""
2024-11-11T20:00:00.000000,France,France,FR,20.3,37.76,94.7,25.98,opendata.reseaux-energies.fr,false,""
2024-11-11T21:00:00.000000,France,France,FR,21.68,39.57,94.4,25.3,opendata.reseaux-energies.fr,false,""
2024-11-11T22:00:00.000000,France,France,FR,23.46,41.88,93.95,24.65,opendata.reseaux-energies.fr,false,""
2024-11-11T23:00:00.000000,France,France,FR,22.42,40.51,94.28,24.13,opendata.reseaux-energies.fr,false,""
2024-11-12T00:00:00.000000,France,France,FR,18.31,35.2,95.43,22.94,opendata.reseaux-energies.fr,false,""
2024-11-12T01:00:00.000000,France,France,FR,16.6,33.04,95.86,23.3,opendata.reseaux-energies.fr,false,""
2024-11-12T02:00:00.000000,France,France,FR,16.65,33.31,95.84,24.18,opendata.reseaux-energies.fr,false,""
2024-11-12T03:00:00.000000,France,France,FR,17.0,33.88,95.65,24.41,opendata.reseaux-energies.fr,false,""
2024-11-12T04:00:00.000000,France,France,FR,18.26,35.36,95.34,24.73,opendata.reseaux-energies.fr,false,""
2024-11-12T05:00:00.000000,France,France,FR,19.11,36.18,95.07,25.25,opendata.reseaux-energies.fr,false,""
2024-11-12T06:00:00.000000,France,France,FR,23.38,41.51,93.86,26.4,opendata.reseaux-energies.fr,false,""
2024-11-12T07:00:00.000000,France,France,FR,26.58,45.71,92.97,27.33,opendata.reseaux-energies.fr,false,""
2024-11-12T08:00:00.000000,France,France,FR,26.58,46.19,92.96,29.36,opendata.reseaux-energies.fr,false,""
2024-11-12T09:00:00.000000,France,France,FR,24.55,44.06,93.56,30.98,opendata.reseaux-energies.fr,false,""
2024-11-12T10:00:00.000000,France,France,FR,25.71,45.53,93.48,31.79,opendata.reseaux-energies.fr,false,""
2024-11-12T11:00:00.000000,France,France,FR,26.06,45.91,93.43,32.5,opendata.reseaux-energies.fr,false,""
2024-11-12T12:00:00.000000,France,France,FR,26.03,45.48,93.57,32.54,opendata.reseaux-energies.fr,false,""
2024-11-12T13:00:00.000000,France,France,FR,28.18,47.6,93.24,30.8,opendata.reseaux-energies.fr,false,""
2024-11-12T14:00:00.000000,France,France,FR,29.64,48.9,92.97,28.83,opendata.reseaux-energies.fr,false,""
2024-11-12T15:00:00.000000,France,France,FR,32.41,51.95,92.34,26.81,opendata.reseaux-energies.fr,false,""
2024-11-12T16:00:00.000000,France,France,FR,33.6,53.14,92.05,27.35,opendata.reseaux-energies.fr,false,""
2024-11-12T17:00:00.000000,France,France,FR,32.89,52.23,92.15,28.7,opendata.reseaux-energies.fr,false,""
2024-11-12T18:00:00.000000,France,France,FR,34.96,54.73,91.66,28.84,opendata.reseaux-energies.fr,false,""
2024-11-12T19:00:00.000000,France,France,FR,35.75,55.79,91.42,27.15,opendata.reseaux-energies.fr,false,""
2024-11-12T20:00:00.000000,France,France,FR,36.42,56.65,91.28,25.15,opendata.reseaux-energies.fr,false,""
2024-11-12T21:00:00.000000,France,France,FR,38.08,58.76,90.87,23.78,opendata.reseaux-energies.fr,false,""
2024-11-12T22:00:00.000000,France,France,FR,39.62,60.74,90.5,22.8,opendata.reseaux-energies.fr,false,""
2024-11-12T23:00:00.000000,France,France,FR,36.63,56.84,91.33,21.82,opendata.reseaux-energies.fr,false,""
2024-11-13T00:00:00.000000,France,France,FR,29.63,47.71,93.29,21.26,opendata.reseaux-energies.fr,false,""
2024-11-13T01:00:00.000000,France,France,FR,26.21,43.22,94.25,20.89,opendata.reseaux-energies.fr,false,""
2024-11-13T02:00:00.000000,France,France,FR,25.02,41.8,94.5,20.21,opendata.reseaux-energies.fr,false,""
2024-11-13T03:00:00.000000,France,France,FR,23.9,40.33,94.82,19.82,opendata.reseaux-energies.fr,false,""
2024-11-13T04:00:00.000000,France,France,FR,27.09,44.28,94.02,19.65,opendata.reseaux-energies.fr,false,""
2024-11-13T05:00:00.000000,France,France,FR,33.75,52.91,92.16,19.96,opendata.reseaux-energies.fr,false,""
2024-11-13T06:00:00.000000,France,France,FR,39.27,60.17,90.55,21.81,opendata.reseaux-energies.fr,false,""
2024-11-13T07:00:00.000000,France,France,FR,40.09,61.25,90.28,23.06,opendata.reseaux-energies.fr,false,""
2024-11-13T08:00:00.000000,France,France,FR,39.1,60.44,90.52,24.91,opendata.reseaux-energies.fr,false,""
2024-11-13T09:00:00.000000,France,France,FR,38.0,59.62,90.8,26.75,opendata.reseaux-energies.fr,false,""
2024-11-13T10:00:00.000000,France,France,FR,36.94,58.74,91.08,28.13,opendata.reseaux-energies.fr,false,""
2024-11-13T11:00:00.000000,France,France,FR,36.57,58.48,91.19,28.52,opendata.reseaux-energies.fr,false,""
2024-11-13T12:00:00.000000,France,France,FR,36.71,58.73,91.16,28.22,opendata.reseaux-energies.fr,false,""
2024-11-13T13:00:00.000000,France,France,FR,37.98,60.2,90.83,27.09,opendata.reseaux-energies.fr,false,""
2024-11-13T14:00:00.000000,France,France,FR,38.74,60.69,90.66,25.51,opendata.reseaux-energies.fr,false,""
2024-11-13T15:00:00.000000,France,France,FR,39.84,61.41,90.38,23.12,opendata.reseaux-energies.fr,false,""
2024-11-13T16:00:00.000000,France,France,FR,40.46,61.72,90.14,22.16,opendata.reseaux-energies.fr,false,""
2024-11-13T17:00:00.000000,France,France,FR,39.98,61.02,90.28,23.3,opendata.reseaux-energies.fr,false,""
2024-11-13T18:00:00.000000,France,France,FR,39.93,60.94,90.3,23.38,opendata.reseaux-energies.fr,false,""
2024-11-13T19:00:00.000000,France,France,FR,40.06,61.08,90.27,22.25,opendata.reseaux-energies.fr,false,""
2024-11-13T20:00:00.000000,France,France,FR,41.97,63.56,89.85,19.37,opendata.reseaux-energies.fr,false,""
2024-11-13T21:00:00.000000,France,France,FR,43.15,65.01,89.63,17.37,opendata.reseaux-energies.fr,false,""
2024-11-13T22:00:00.000000,France,France,FR,44.79,67.11,89.3,16.93,opendata.reseaux-energies.fr,false,""
2024-11-13T23:00:00.000000,France,France,FR,42.14,63.72,90.03,16.38,opendata.reseaux-energies.fr,false,""
2024-11-14T00:00:00.000000,France,France,FR,36.46,56.21,91.62,15.6,opendata.reseaux-energies.fr,false,""
2024-11-14T01:00:00.000000,France,France,FR,35.75,55.27,91.77,15.1,opendata.reseaux-energies.fr,false,""
2024-11-14T02:00:00.000000,France,France,FR,33.96,52.98,92.2,14.78,opendata.reseaux-energies.fr,false,""
2024-11-14T03:00:00.000000,France,France,FR,32.11,50.59,92.66,14.94,opendata.reseaux-energies.fr,false,""
2024-11-14T04:00:00.000000,France,France,FR,31.26,49.45,92.93,15.93,opendata.reseaux-energies.fr,false,""
2024-11-14T05:00:00.000000,France,France,FR,37.4,57.46,91.25,16.55,opendata.reseaux-energies.fr,false,""
2024-11-14T06:00:00.000000,France,France,FR,41.81,63.66,89.99,19.34,opendata.reseaux-energies.fr,false,""
2024-11-14T07:00:00.000000,France,France,FR,40.44,61.82,90.29,21.06,opendata.reseaux-energies.fr,false,""
2024-11-14T08:00:00.000000,France,France,FR,36.76,57.43,91.27,23.22,opendata.reseaux-energies.fr,false,""
2024-11-14T09:00:00.000000,France,France,FR,35.04,55.87,91.7,24.8,opendata.reseaux-energies.fr,false,""
2024-11-14T10:00:00.000000,France,France,FR,34.03,55.17,91.93,25.81,opendata.reseaux-energies.fr,false,""
2024-11-14T11:00:00.000000,France,France,FR,32.7,53.99,92.28,26.81,opendata.reseaux-energies.fr,false,""
2024-11-14T12:00:00.000000,France,France,FR,27.91,48.49,93.18,26.92,opendata.reseaux-energies.fr,false,""
2024-11-14T13:00:00.000000,France,France,FR,29.23,49.91,92.82,25.22,opendata.reseaux-energies.fr,false,""
2024-11-14T14:00:00.000000,France,France,FR,34.01,55.34,91.58,22.87,opendata.reseaux-energies.fr,false,""
2024-11-14T15:00:00.000000,France,France,FR,37.75,59.27,90.66,20.95,opendata.reseaux-energies.fr,false,""
2024-11-14T16:00:00.000000,France,France,FR,38.91,60.22,90.31,20.29,opendata.reseaux-energies.fr,false,""
2024-11-14T17:00:00.000000,France,France,FR,40.35,61.62,90.18,21.34,opendata.reseaux-energies.fr,false,""
2024-11-14T18:00:00.000000,France,France,FR,41.03,62.33,90.06,21.78,opendata.reseaux-energies.fr,false,""
2024-11-14T19:00:00.000000,France,France,FR,40.54,61.72,90.15,21.05,opendata.reseaux-energies.fr,false,""
2024-11-14T20:00:00.000000,France,France,FR,42.74,64.54,89.65,19.43,opendata.reseaux-energies.fr,false,""
2024-11-14T21:00:00.000000,France,France,FR,44.84,67.19,89.21,17.73,opendata.reseaux-energies.fr,false,""
2024-11-14T22:00:00.000000,France,France,FR,43.95,66.01,89.43,16.92,opendata.reseaux-energies.fr,false,""
2024-11-14T23:00:00.000000,France,France,FR,43.3,65.18,89.65,16.07,opendata.reseaux-energies.fr,false,""
2024-11-15T00:00:00.000000,France,France,FR,40.02,60.89,90.52,14.8,opendata.reseaux-energies.fr,false,""
2024-11-15T01:00:00.000000,France,France,FR,40.31,61.32,90.4,14.45,opendata.reseaux-energies.fr,false,""
2024-11-15T02:00:00.000000,France,France,FR,40.17,61.18,90.44,14.03,opendata.reseaux-energies.fr,false,""
2024-11-15T03:00:00.000000,France,France,FR,40.26,61.31,90.41,14.03,opendata.reseaux-energies.fr,false,""
2024-11-15T04:00:00.000000,France,France,FR,42.42,64.08,89.83,14.32,opendata.reseaux-energies.fr,false,""
2024-11-15T05:00:00.000000,France,France,FR,45.73,68.76,88.83,16.07,opendata.reseaux-energies.fr,false,""
2024-11-15T06:00:00.000000,France,France,FR,47.56,71.24,88.29,18.75,opendata.reseaux-energies.fr,false,""
2024-11-15T07:00:00.000000,France,France,FR,45.27,67.98,88.9,20.31,opendata.reseaux-energies.fr,false,""
2024-11-15T08:00:00.000000,France,France,FR,42.39,64.7,89.64,22.31,opendata.reseaux-energies.fr,false,""
2024-11-15T09:00:00.000000,France,France,FR,39.81,62.09,90.33,24.78,opendata.reseaux-energies.fr,false,""
2024-11-15T10:00:00.000000,France,France,FR,39.46,62.36,90.4,26.05,opendata.reseaux-energies.fr,false,""
2024-11-15T11:00:00.000000,France,France,FR,40.94,64.87,90.0,26.8,opendata.reseaux-energies.fr,false,""
2024-11-15T12:00:00.000000,France,France,FR,40.79,64.69,90.06,26.55,opendata.reseaux-energies.fr,false,""
2024-11-15T13:00:00.000000,France,France,FR,40.43,63.89,90.17,24.79,opendata.reseaux-energies.fr,false,""
2024-11-15T14:00:00.000000,France,France,FR,41.69,64.87,89.85,22.32,opendata.reseaux-energies.fr,false,""
2024-11-15T15:00:00.000000,France,France,FR,43.44,66.15,89.39,19.49,opendata.reseaux-energies.fr,false,""
2024-11-15T16:00:00.000000,France,France,FR,43.88,65.99,89.28,18.52,opendata.reseaux-energies.fr,false,""
2024-11-15T17:00:00.000000,France,France,FR,42.82,64.52,89.54,19.28,opendata.reseaux-energies.fr,false,""
2024-11-15T18:00:00.000000,France,France,FR,44.48,66.74,89.15,19.63,opendata.reseaux-energies.fr,false,""
2024-11-15T19:00:00.000000,France,France,FR,44.9,67.55,89.06,18.8,opendata.reseaux-energies.fr,false,""
2024-11-15T20:00:00.000000,France,France,FR,43.19,65.21,89.54,16.83,opendata.reseaux-energies.fr,false,""
2024-11-15T21:00:00.000000,France,France,FR,43.01,64.92,89.73,16.04,opendata.reseaux-energies.fr,false,""
2024-11-15T22:00:00.000000,France,France,FR,41.04,62.36,90.34,15.84,opendata.reseaux-energies.fr,false,""
2024-11-15T23:00:00.000000,France,France,FR,27.79,46.0,93.34,15.51,opendata.reseaux-energies.fr,false,""
2024-11-16T00:00:00.000000,France,France,FR,18.51,34.07,95.88,14.15,opendata.reseaux-energies.fr,false,""
2024-11-16T01:00:00.000000,France,France,FR,15.63,30.93,96.24,13.04,opendata.reseaux-energies.fr,false,""
2024-11-16T02:00:00.000000,France,France,FR,14.61,29.79,96.42,12.6,opendata.reseaux-energies.fr,false,""
2024-11-16T03:00:00.000000,France,France,FR,14.23,29.41,96.47,12.37,opendata.reseaux-energies.fr,false,""
2024-11-16T04:00:00.000000,France,France,FR,15.14,30.67,96.26,13.15,opendata.reseaux-energies.fr,false,""
2024-11-16T05:00:00.000000,France,France,FR,15.07,30.46,96.31,13.3,opendata.reseaux-energies.fr,false,""
2024-11-16T06:00:00.000000,France,France,FR,14.76,29.87,96.42,13.59,opendata.reseaux-energies.fr,false,""
2024-11-16T07:00:00.000000,France,France,FR,13.12,27.89,96.74,15.45,opendata.reseaux-energies.fr,false,""
2024-11-16T08:00:00.000000,France,France,FR,12.95,28.18,96.83,18.61,opendata.reseaux-energies.fr,false,""
2024-11-16T09:00:00.000000,France,France,FR,12.33,28.24,96.92,21.52,opendata.reseaux-energies.fr,false,""
2024-11-16T10:00:00.000000,France,France,FR,11.8,28.15,97.05,23.5,opendata.reseaux-energies.fr,false,""
2024-11-16T11:00:00.000000,France,France,FR,12.81,29.71,96.95,24.3,opendata.reseaux-energies.fr,false,""
2024-11-16T12:00:00.000000,France,France,FR,11.04,27.64,97.21,24.2,opendata.reseaux-energies.fr,false,""
2024-11-16T13:00:00.000000,France,France,FR,11.2,27.62,97.15,22.61,opendata.reseaux-energies.fr,false,""
2024-11-16T14:00:00.000000,France,France,FR,13.44,29.93,96.54,20.29,opendata.reseaux-energies.fr,false,""
2024-11-16T15:00:00.000000,France,France,FR,20.89,38.66,94.49,17.3,opendata.reseaux-energies.fr,false,""
2024-11-16T16:00:00.000000,France,France,FR,22.97,40.71,93.93,17.14,opendata.reseaux-energies.fr,false,""
2024-11-16T17:00:00.000000,France,France,FR,24.34,42.38,93.6,19.03,opendata.reseaux-energies.fr,false,""
2024-11-16T18:00:00.000000,France,France,FR,26.55,45.04,93.26,19.54,opendata.reseaux-energies.fr,false,""
2024-11-16T19:00:00.000000,France,France,FR,24.32,42.28,93.83,18.37,opendata.reseaux-energies.fr,false,""
2024-11-16T20:00:00.000000,France,France,FR,17.73,33.7,95.77,17.56,opendata.reseaux-energies.fr,false,""
2024-11-16T21:00:00.000000,France,France,FR,17.04,32.84,95.91,17.4,opendata.reseaux-energies.fr,false,""
2024-11-16T22:00:00.000000,France,France,FR,18.07,34.04,95.75,17.96,opendata.reseaux-energies.fr,false,""
2024-11-16T23:00:00.000000,France,France,FR,18.17,34.18,95.87,18.47,opendata.reseaux-energies.fr,false,""
2024-11-17T00:00:00.000000,France,France,FR,15.67,31.1,96.43,17.29,opendata.reseaux-energies.fr,false,""
2024-11-17T01:00:00.000000,France,France,FR,13.14,28.07,96.74,16.26,opendata.reseaux-energies.fr,false,""
2024-11-17T02:00:00.000000,France,France,FR,12.96,27.99,96.75,16.45,opendata.reseaux-energies.fr,false,""
2024-11-17T03:00:00.000000,France,France,FR,13.1,28.23,96.7,15.75,opendata.reseaux-energies.fr,false,""
2024-11-17T04:00:00.000000,France,France,FR,13.4,28.62,96.62,15.69,opendata.reseaux-energies.fr,false,""
2024-11-17T05:00:00.000000,France,France,FR,13.61,28.76,96.59,14.86,opendata.reseaux-energies.fr,false,""
2024-11-17T06:00:00.000000,France,France,FR,15.41,30.99,96.32,14.83,opendata.reseaux-energies.fr,false,""
2024-11-17T07:00:00.000000,France,France,FR,17.93,34.08,95.99,15.99,opendata.reseaux-energies.fr,false,""
2024-11-17T08:00:00.000000,France,France,FR,17.31,33.64,96.13,19.11,opendata.reseaux-energies.fr,false,""
2024-11-17T09:00:00.000000,France,France,FR,16.53,33.19,96.33,22.03,opendata.reseaux-energies.fr,false,""
2024-11-17T10:00:00.000000,France,France,FR,14.89,31.63,96.6,23.21,opendata.reseaux-energies.fr,false,""
2024-11-17T11:00:00.000000,France,France,FR,16.24,33.57,96.45,24.67,opendata.reseaux-energies.fr,false,""
2024-11-17T12:00:00.000000,France,France,FR,15.41,32.56,96.56,24.28,opendata.reseaux-energies.fr,false,""
2024-11-17T13:00:00.000000,France,France,FR,14.81,31.6,96.63,22.49,opendata.reseaux-energies.fr,false,""
2024-11-17T14:00:00.000000,France,France,FR,14.05,30.2,96.69,20.25,opendata.reseaux-energies.fr,false,""
2024-11-17T15:00:00.000000,France,France,FR,14.18,29.59,96.68,17.41,opendata.reseaux-energies.fr,false,""
2024-11-17T16:00:00.000000,France,France,FR,14.78,29.85,96.57,17.79,opendata.reseaux-energies.fr,false,""
2024-11-17T17:00:00.000000,France,France,FR,14.5,29.32,96.66,21.26,opendata.reseaux-energies.fr,false,""
2024-11-17T18:00:00.000000,France,France,FR,15.85,31.03,96.39,23.23,opendata.reseaux-energies.fr,false,""
2024-11-17T19:00:00.000000,France,France,FR,14.89,29.9,96.59,22.49,opendata.reseaux-energies.fr,false,""
2024-11-17T20:00:00.000000,France,France,FR,13.02,27.73,96.86,21.24,opendata.reseaux-energies.fr,false,""
2024-11-17T21:00:00.000000,France,France,FR,12.75,27.38,96.94,21.64,opendata.reseaux-energies.fr,false,""
2024-11-17T22:00:00.000000,France,France,FR,13.56,28.35,96.81,22.32,opendata.reseaux-energies.fr,false,""
2024-11-17T23:00:00.000000,France,France,FR,13.16,27.86,96.89,22.25,opendata.reseaux-energies.fr,false,""
2024-11-18T00:00:00.000000,France,France,FR,11.43,25.8,97.13,21.14,opendata.reseaux-energies.fr,false,""
2024-11-18T01:00:00.000000,France,France,FR,11.63,26.07,97.09,21.04,opendata.reseaux-energies.fr,false,""
2024-11-18T02:00:00.000000,France,France,FR,11.27,25.6,97.14,20.93,opendata.reseaux-energies.fr,false,""
2024-11-18T03:00:00.000000,France,France,FR,11.32,25.67,97.13,20.99,opendata.reseaux-energies.fr,false,""
2024-11-18T04:00:00.000000,France,France,FR,12.38,26.99,96.83,21.13,opendata.reseaux-energies.fr,false,""
2024-11-18T05:00:00.000000,France,France,FR,15.71,30.99,96.1,22.31,opendata.reseaux-energies.fr,false,""
2024-11-18T06:00:00.000000,France,France,FR,27.23,45.28,93.41,24.49,opendata.reseaux-energies.fr,false,""
2024-11-18T07:00:00.000000,France,France,FR,36.2,56.46,91.27,24.25,opendata.reseaux-energies.fr,false,""
2024-11-18T08:00:00.000000,France,France,FR,36.0,56.47,91.23,24.65,opendata.reseaux-energies.fr,false,""
2024-11-18T09:00:00.000000,France,France,FR,35.64,56.46,91.32,24.94,opendata.reseaux-energies.fr,false,""
2024-11-18T10:00:00.000000,France,France,FR,33.49,54.14,91.87,25.42,opendata.reseaux-energies.fr,false,""
2024-11-18T11:00:00.000000,France,France,FR,30.96,51.16,92.53,26.38,opendata.reseaux-energies.fr,false,""
2024-11-18T12:00:00.000000,France,France,FR,32.78,53.31,92.1,25.79,opendata.reseaux-energies.fr,false,""
2024-11-18T13:00:00.000000,France,France,FR,34.12,54.52,91.85,25.08,opendata.reseaux-energies.fr,false,""
2024-11-18T14:00:00.000000,France,France,FR,36.03,56.56,91.32,24.77,opendata.reseaux-energies.fr,false,""
2024-11-18T15:00:00.000000,France,France,FR,38.03,58.75,90.76,24.56,opendata.reseaux-energies.fr,false,""
2024-11-18T16:00:00.000000,France,France,FR,39.43,60.32,90.35,24.46,opendata.reseaux-energies.fr,false,""
2024-11-18T17:00:00.000000,France,France,FR,39.03,59.83,90.44,25.23,opendata.reseaux-energies.fr,false,""
2024-11-18T18:00:00.000000,France,France,FR,38.31,58.92,90.63,26.1,opendata.reseaux-energies.fr,false,""
2024-11-18T19:00:00.000000,France,France,FR,36.45,56.52,91.15,26.42,opendata.reseaux-energies.fr,false,""
2024-11-18T20:00:00.000000,France,France,FR,35.14,54.89,91.54,26.02,opendata.reseaux-energies.fr,false,""
2024-11-18T21:00:00.000000,France,France,FR,32.89,52.01,92.19,26.37,opendata.reseaux-energies.fr,false,""
2024-11-18T22:00:00.000000,France,France,FR,29.45,47.99,92.88,27.53,opendata.reseaux-energies.fr,false,""
2024-11-18T23:00:00.000000,France,France,FR,21.15,37.47,95.03,28.61,opendata.reseaux-energies.fr,false,""
2024-11-19T00:00:00.000000,France,France,FR,16.04,30.89,96.45,29.48,opendata.reseaux-energies.fr,false,""
2024-11-19T01:00:00.000000,France,France,FR,14.6,29.07,96.86,30.32,opendata.reseaux-energies.fr,false,""
2024-11-19T02:00:00.000000,France,France,FR,15.04,29.84,96.77,31.44,opendata.reseaux-energies.fr,false,""
2024-11-19T03:00:00.000000,France,France,FR,15.02,29.84,96.77,31.77,opendata.reseaux-energies.fr,false,""
2024-11-19T04:00:00.000000,France,France,FR,14.91,29.66,96.8,31.75,opendata.reseaux-energies.fr,false,""
2024-11-19T05:00:00.000000,France,France,FR,15.2,29.6,96.82,31.58,opendata.reseaux-energies.fr,false,""
2024-11-19T06:00:00.000000,France,France,FR,16.21,30.47,96.74,32.29,opendata.reseaux-energies.fr,false,""
2024-11-19T07:00:00.000000,France,France,FR,16.22,30.51,96.73,33.49,opendata.reseaux-energies.fr,false,""
2024-11-19T08:00:00.000000,France,France,FR,15.91,30.34,96.78,34.51,opendata.reseaux-energies.fr,false,""
2024-11-19T09:00:00.000000,France,France,FR,15.38,30.11,96.92,35.78,opendata.reseaux-energies.fr,false,""
2024-11-19T10:00:00.000000,France,France,FR,15.45,30.55,96.9,36.43,opendata.reseaux-energies.fr,false,""
2024-11-19T11:00:00.000000,France,France,FR,15.18,30.22,96.96,36.68,opendata.reseaux-energies.fr,false,""
2024-11-19T12:00:00.000000,France,France,FR,15.24,30.36,96.94,36.2,opendata.reseaux-energies.fr,false,""
2024-11-19T13:00:00.000000,France,France,FR,15.53,30.47,96.88,34.87,opendata.reseaux-energies.fr,false,""
2024-11-19T14:00:00.000000,France,France,FR,15.75,30.51,96.8,32.84,opendata.reseaux-energies.fr,false,""
2024-11-19T15:00:00.000000,France,France,FR,12.34,27.08,96.93,31.37,opendata.reseaux-energies.fr,false,""
2024-11-19T16:00:00.000000,France,France,FR,15.99,31.75,95.84,30.3,opendata.reseaux-energies.fr,false,""
2024-11-19T17:00:00.000000,France,France,FR,18.13,34.42,95.21,29.99,opendata.reseaux-energies.fr,false,""
2024-11-19T18:00:00.000000,France,France,FR,18.43,34.78,95.14,29.57,opendata.reseaux-energies.fr,false,""
2024-11-19T19:00:00.000000,France,France,FR,18.55,35.0,95.1,28.66,opendata.reseaux-energies.fr,false,""
2024-11-19T20:00:00.000000,France,France,FR,18.19,34.56,95.2,27.52,opendata.reseaux-energies.fr,false,""
2024-11-19T21:00:00.000000,France,France,FR,16.85,32.82,95.59,25.5,opendata.reseaux-energies.fr,false,""
2024-11-19T22:00:00.000000,France,France,FR,18.01,34.38,95.26,24.87,opendata.reseaux-energies.fr,false,""
2024-11-19T23:00:00.000000,France,France,FR,14.88,30.31,96.12,24.71,opendata.reseaux-energies.fr,false,""
2024-11-20T00:00:00.000000,France,France,FR,12.18,26.81,96.85,23.9,opendata.reseaux-energies.fr,false,""
2024-11-20T01:00:00.000000,France,France,FR,12.65,27.49,96.72,23.23,opendata.reseaux-energies.fr,false,""
2024-11-20T02:00:00.000000,France,France,FR,13.51,28.67,96.54,22.58,opendata.reseaux-energies.fr,false,""
2024-11-20T03:00:00.000000,France,France,FR,13.47,28.47,96.52,20.71,opendata.reseaux-energies.fr,false,""
2024-11-20T04:00:00.000000,France,France,FR,13.83,28.87,96.44,20.05,opendata.reseaux-energies.fr,false,""
2024-11-20T05:00:00.000000,France,France,FR,17.34,33.3,95.6,20.88,opendata.reseaux-energies.fr,false,""
2024-11-20T06:00:00.000000,France,France,FR,27.2,46.03,92.84,22.17,opendata.reseaux-energies.fr,false,""
2024-11-20T07:00:00.000000,France,France,FR,29.25,48.65,92.25,23.59,opendata.reseaux-energies.fr,false,""
2024-11-20T08:00:00.000000,France,France,FR,30.55,50.06,92.29,25.16,opendata.reseaux-energies.fr,false,""
2024-11-20T09:00:00.000000,France,France,FR,32.33,52.33,92.16,25.49,opendata.reseaux-energies.fr,false,""
2024-11-20T10:00:00.000000,France,France,FR,31.08,50.02,92.74,24.97,opendata.reseaux-energies.fr,false,""
2024-11-20T11:00:00.000000,France,France,FR,28.62,47.1,93.45,26.42,opendata.reseaux-energies.fr,false,""
2024-11-20T12:00:00.000000,France,France,FR,27.6,45.72,93.71,26.68,opendata.reseaux-energies.fr,false,""
2024-11-20T13:00:00.000000,France,France,FR,27.79,45.66,93.65,25.39,opendata.reseaux-energies.fr,false,""
2024-11-20T14:00:00.000000,France,France,FR,30.18,48.24,92.99,23.27,opendata.reseaux-energies.fr,false,""
2024-11-20T15:00:00.000000,France,France,FR,33.66,52.21,92.01,21.81,opendata.reseaux-energies.fr,false,""
2024-11-20T16:00:00.000000,France,France,FR,33.84,52.25,91.96,22.36,opendata.reseaux-energies.fr,false,""
2024-11-20T17:00:00.000000,France,France,FR,33.52,51.77,92.12,23.65,opendata.reseaux-energies.fr,false,""
2024-11-20T18:00:00.000000,France,France,FR,37.54,56.97,91.09,24.12,opendata.reseaux-energies.fr,false,""
2024-11-20T19:00:00.000000,France,France,FR,37.06,56.37,91.13,22.71,opendata.reseaux-energies.fr,false,""
2024-11-20T20:00:00.000000,France,France,FR,33.93,52.21,92.12,21.83,opendata.reseaux-energies.fr,false,""
2024-11-20T21:00:00.000000,France,France,FR,30.99,48.32,92.99,21.65,opendata.reseaux-energies.fr,false,""
2024-11-20T22:00:00.000000,France,France,FR,27.01,43.08,94.19,21.58,opendata.reseaux-energies.fr,false,""
2024-11-20T23:00:00.000000,France,France,FR,25.0,41.5,94.68,22.2,opendata.reseaux-energies.fr,false,""
2024-11-21T00:00:00.000000,France,France,FR,24.89,41.25,94.82,20.54,opendata.reseaux-energies.fr,false,""
2024-11-21T01:00:00.000000,France,France,FR,24.37,40.48,94.98,19.42,opendata.reseaux-energies.fr,false,""
2024-11-21T02:00:00.000000,France,France,FR,22.87,38.8,95.19,19.1,opendata.reseaux-energies.fr,false,""
2024-11-21T03:00:00.000000,France,France,FR,22.08,37.86,95.33,19.53,opendata.reseaux-energies.fr,false,""
2024-11-21T04:00:00.000000,France,France,FR,23.88,39.99,95.03,20.2,opendata.reseaux-energies.fr,false,""
2024-11-21T05:00:00.000000,France,France,FR,25.74,42.38,94.49,21.96,opendata.reseaux-energies.fr,false,""
2024-11-21T06:00:00.000000,France,France,FR,31.84,50.4,92.63,23.98,opendata.reseaux-energies.fr,false,""
2024-11-21T07:00:00.000000,France,France,FR,33.03,52.02,92.19,25.27,opendata.reseaux-energies.fr,false,""
2024-11-21T08:00:00.000000,France,France,FR,32.77,51.83,92.25,26.49,opendata.reseaux-energies.fr,false,""
2024-11-21T09:00:00.000000,France,France,FR,33.58,53.01,92.05,26.86,opendata.reseaux-energies.fr,false,""
2024-11-21T10:00:00.000000,France,France,FR,36.67,57.17,91.25,27.16,opendata.reseaux-energies.fr,false,""
2024-11-21T11:00:00.000000,France,France,FR,42.61,64.91,90.44,27.18,opendata.reseaux-energies.fr,false,""
2024-11-21T12:00:00.000000,France,France,FR,40.76,62.54,90.99,27.73,opendata.reseaux-energies.fr,false,""
2024-11-21T13:00:00.000000,France,France,FR,39.92,61.36,91.19,27.57,opendata.reseaux-energies.fr,false,""
2024-11-21T14:00:00.000000,France,France,FR,40.0,61.33,91.17,27.4,opendata.reseaux-energies.fr,false,""
2024-11-21T15:00:00.000000,France,France,FR,40.48,61.79,91.04,27.58,opendata.reseaux-energies.fr,false,""
2024-11-21T16:00:00.000000,France,France,FR,39.36,60.24,91.33,27.91,opendata.reseaux-energies.fr,false,""
2024-11-21T17:00:00.000000,France,France,FR,39.22,60.04,91.34,29.33,opendata.reseaux-energies.fr,false,""
2024-11-21T18:00:00.000000,France,France,FR,39.7,60.57,91.2,29.27,opendata.reseaux-energies.fr,false,""
2024-11-21T19:00:00.000000,France,France,FR,40.33,61.4,90.98,27.28,opendata.reseaux-energies.fr,false,""
2024-11-21T20:00:00.000000,France,France,FR,34.96,54.52,91.7,25.63,opendata.reseaux-energies.fr,false,""
2024-11-21T21:00:00.000000,France,France,FR,33.36,52.39,92.19,24.03,opendata.reseaux-energies.fr,false,""
2024-11-21T22:00:00.000000,France,France,FR,31.67,50.2,92.66,23.84,opendata.reseaux-energies.fr,false,""
2024-11-21T23:00:00.000000,France,France,FR,30.61,48.8,92.99,23.26,opendata.reseaux-energies.fr,false,""
2024-11-22T00:00:00.000000,France,France,FR,27.81,45.16,93.8,23.02,opendata.reseaux-energies.fr,false,""
2024-11-22T01:00:00.000000,France,France,FR,24.65,40.96,94.68,22.8,opendata.reseaux-energies.fr,false,""
2024-11-22T02:00:00.000000,France,France,FR,25.02,41.43,94.57,23.06,opendata.reseaux-energies.fr,false,""
2024-11-22T03:00:00.000000,France,France,FR,24.75,41.15,94.61,23.25,opendata.reseaux-energies.fr,false,""
2024-11-22T04:00:00.000000,France,France,FR,24.82,41.22,94.62,24.3,opendata.reseaux-energies.fr,false,""
2024-11-22T05:00:00.000000,France,France,FR,26.11,42.88,94.26,25.69,opendata.reseaux-energies.fr,false,""
2024-11-22T06:00:00.000000,France,France,FR,29.14,46.78,93.32,27.6,opendata.reseaux-energies.fr,false,""
2024-11-22T07:00:00.000000,France,France,FR,30.18,48.28,92.93,29.07,opendata.reseaux-energies.fr,false,""
2024-11-22T08:00:00.000000,France,France,FR,33.32,52.76,92.55,30.82,opendata.reseaux-energies.fr,false,""
2024-11-22T09:00:00.000000,France,France,FR,32.72,52.7,92.67,32.33,opendata.reseaux-energies.fr,false,""
2024-11-22T10:00:00.000000,France,France,FR,32.5,53.07,92.74,33.17,opendata.reseaux-energies.fr,false,""
2024-11-22T11:00:00.000000,France,France,FR,27.14,46.59,93.98,34.79,opendata.reseaux-energies.fr,false,""
2024-11-22T12:00:00.000000,France,France,FR,21.26,39.6,95.21,35.36,opendata.reseaux-energies.fr,false,""
2024-11-22T13:00:00.000000,France,France,FR,21.59,39.94,95.12,33.95,opendata.reseaux-energies.fr,false,""
2024-11-22T14:00:00.000000,France,France,FR,21.15,38.87,95.21,31.95,opendata.reseaux-energies.fr,false,""
2024-11-22T15:00:00.000000,France,France,FR,27.57,45.89,93.8,29.16,opendata.reseaux-energies.fr,false,""
2024-11-22T16:00:00.000000,France,France,FR,36.03,56.08,91.62,27.49,opendata.reseaux-energies.fr,false,""
2024-11-22T17:00:00.000000,France,France,FR,38.3,58.94,91.06,28.02,opendata.reseaux-energies.fr,false,""
2024-11-22T18:00:00.000000,France,France,FR,37.83,58.12,91.21,27.93,opendata.reseaux-energies.fr,false,""
2024-11-22T19:00:00.000000,France,France,FR,35.53,55.17,91.64,26.85,opendata.reseaux-energies.fr,false,""
2024-11-22T20:00:00.000000,France,France,FR,32.85,51.99,92.23,25.48,opendata.reseaux-energies.fr,false,""
2024-11-22T21:00:00.000000,France,France,FR,30.12,49.03,92.8,25.02,opendata.reseaux-energies.fr,false,""
2024-11-22T22:00:00.000000,France,France,FR,27.28,45.75,93.24,24.87,opendata.reseaux-energies.fr,false,""
2024-11-22T23:00:00.000000,France,France,FR,25.44,43.61,93.5,24.27,opendata.reseaux-energies.fr,false,""
2024-11-23T00:00:00.000000,France,France,FR,17.7,33.54,95.67,24.52,opendata.reseaux-energies.fr,false,""
2024-11-23T01:00:00.000000,France,France,FR,17.47,33.42,95.52,23.66,opendata.reseaux-energies.fr,false,""
2024-11-23T02:00:00.000000,France,France,FR,16.87,32.79,95.56,23.47,opendata.reseaux-energies.fr,false,""
2024-11-23T03:00:00.000000,France,France,FR,12.63,27.37,96.73,24.91,opendata.reseaux-energies.fr,false,""
2024-11-23T04:00:00.000000,France,France,FR,9.66,23.47,97.54,25.81,opendata.reseaux-energies.fr,false,""
2024-11-23T05:00:00.000000,France,France,FR,9.5,23.25,97.59,27.01,opendata.reseaux-energies.fr,false,""
2024-11-23T06:00:00.000000,France,France,FR,9.24,22.97,97.65,28.76,opendata.reseaux-energies.fr,false,""
2024-11-23T07:00:00.000000,France,France,FR,8.92,22.6,97.74,30.45,opendata.reseaux-energies.fr,false,""
2024-11-23T08:00:00.000000,France,France,FR,8.65,22.8,97.81,32.81,opendata.reseaux-energies.fr,false,""
2024-11-23T09:00:00.000000,France,France,FR,8.71,23.65,97.81,35.36,opendata.reseaux-energies.fr,false,""
2024-11-23T10:00:00.000000,France,France,FR,8.3,23.58,97.91,36.91,opendata.reseaux-energies.fr,false,""
2024-11-23T11:00:00.000000,France,France,FR,8.52,24.01,97.86,38.12,opendata.reseaux-energies.fr,false,""
2024-11-23T12:00:00.000000,France,France,FR,8.55,23.89,97.86,37.85,opendata.reseaux-energies.fr,false,""
2024-11-23T13:00:00.000000,France,France,FR,8.58,23.61,97.86,36.8,opendata.reseaux-energies.fr,false,""
2024-11-23T14:00:00.000000,France,France,FR,8.73,23.4,97.83,35.69,opendata.reseaux-energies.fr,false,""
2024-11-23T15:00:00.000000,France,France,FR,9.32,23.77,97.69,35.46,opendata.reseaux-energies.fr,false,""
2024-11-23T16:00:00.000000,France,France,FR,11.99,26.86,97.11,35.38,opendata.reseaux-energies.fr,false,""
2024-11-23T17:00:00.000000,France,France,FR,18.73,35.41,96.09,34.45,opendata.reseaux-energies.fr,false,""
2024-11-23T18:00:00.000000,France,France,FR,18.45,35.07,96.09,34.09,opendata.reseaux-energies.fr,false,""
2024-11-23T19:00:00.000000,France,France,FR,18.61,35.38,96.07,33.89,opendata.reseaux-energies.fr,false,""
2024-11-23T20:00:00.000000,France,France,FR,17.53,34.01,96.37,33.65,opendata.reseaux-energies.fr,false,""
2024-11-23T21:00:00.000000,France,France,FR,16.58,32.86,96.48,33.76,opendata.reseaux-energies.fr,false,""
2024-11-23T22:00:00.000000,France,France,FR,17.15,33.75,96.34,34.54,opendata.reseaux-energies.fr,false,""
2024-11-23T23:00:00.000000,France,France,FR,16.78,33.99,96.34,39.07,opendata.reseaux-energies.fr,false,""
2024-11-24T00:00:00.000000,France,France,FR,13.21,30.01,96.74,41.38,opendata.reseaux-energies.fr,false,""
2024-11-24T01:00:00.000000,France,France,FR,13.14,30.12,96.74,41.91,opendata.reseaux-energies.fr,false,""
2024-11-24T02:00:00.000000,France,France,FR,12.97,30.1,96.78,42.51,opendata.reseaux-energies.fr,false,""
2024-11-24T03:00:00.000000,France,France,FR,12.92,30.17,96.78,43.22,opendata.reseaux-energies.fr,false,""
2024-11-24T04:00:00.000000,France,France,FR,12.74,29.89,96.83,43.61,opendata.reseaux-energies.fr,false,""
2024-11-24T05:00:00.000000,France,France,FR,12.37,29.3,96.92,43.15,opendata.reseaux-energies.fr,false,""
2024-11-24T06:00:00.000000,France,France,FR,11.93,28.59,97.04,42.35,opendata.reseaux-energies.fr,false,""
2024-11-24T07:00:00.000000,France,France,FR,11.93,28.49,97.07,42.19,opendata.reseaux-energies.fr,false,""
2024-11-24T08:00:00.000000,France,France,FR,12.88,30.08,96.88,44.37,opendata.reseaux-energies.fr,false,""
2024-11-24T09:00:00.000000,France,France,FR,12.18,29.81,97.05,47.75,opendata.reseaux-energies.fr,false,""
2024-11-24T10:00:00.000000,France,France,FR,11.65,29.78,97.18,49.79,opendata.reseaux-energies.fr,false,""
2024-11-24T11:00:00.000000,France,France,FR,11.35,29.66,97.28,50.42,opendata.reseaux-energies.fr,false,""
2024-11-24T12:00:00.000000,France,France,FR,10.9,29.04,97.33,49.74,opendata.reseaux-energies.fr,false,""
2024-11-24T13:00:00.000000,France,France,FR,10.48,28.35,97.4,48.88,opendata.reseaux-energies.fr,false,""
2024-11-24T14:00:00.000000,France,France,FR,10.75,28.1,97.33,46.73,opendata.reseaux-energies.fr,false,""
2024-11-24T15:00:00.000000,France,France,FR,10.91,27.36,97.3,43.29,opendata.reseaux-energies.fr,false,""
2024-11-24T16:00:00.000000,France,France,FR,10.24,25.84,97.43,40.55,opendata.reseaux-energies.fr,false,""
2024-11-24T17:00:00.000000,France,France,FR,9.73,24.82,97.55,39.14,opendata.reseaux-energies.fr,false,""
2024-11-24T18:00:00.000000,France,France,FR,9.26,24.13,97.67,39.76,opendata.reseaux-energies.fr,false,""
2024-11-24T19:00:00.000000,France,France,FR,9.36,24.21,97.64,39.5,opendata.reseaux-energies.fr,false,""
2024-11-24T20:00:00.000000,France,France,FR,9.54,24.46,97.6,38.59,opendata.reseaux-energies.fr,false,""
2024-11-24T21:00:00.000000,France,France,FR,9.62,24.67,97.58,38.52,opendata.reseaux-energies.fr,false,""
2024-11-24T22:00:00.000000,France,France,FR,9.62,24.77,97.59,38.33,opendata.reseaux-energies.fr,false,""
2024-11-24T23:00:00.000000,France,France,FR,11.7,28.07,97.05,41.29,opendata.reseaux-energies.fr,false,""
2024-11-25T00:00:00.000000,France,France,FR,12.74,29.85,96.82,43.29,opendata.reseaux-energies.fr,false,""
2024-11-25T01:00:00.000000,France,France,FR,13.19,30.56,96.7,43.67,opendata.reseaux-energies.fr,false,""
2024-11-25T02:00:00.000000,France,France,FR,12.69,29.94,96.8,42.3,opendata.reseaux-energies.fr,false,""
2024-11-25T03:00:00.000000,France,France,FR,13.26,30.64,96.65,41.21,opendata.reseaux-energies.fr,false,""
2024-11-25T04:00:00.000000,France,France,FR,13.13,30.22,96.68,39.21,opendata.reseaux-energies.fr,false,""
2024-11-25T05:00:00.000000,France,France,FR,11.21,26.85,97.18,35.14,opendata.reseaux-energies.fr,false,""
2024-11-25T06:00:00.000000,France,France,FR,18.56,35.58,96.05,33.08,opendata.reseaux-energies.fr,false,""
2024-11-25T07:00:00.000000,France,France,FR,19.67,36.64,95.96,30.07,opendata.reseaux-energies.fr,false,""
2024-11-25T08:00:00.000000,France,France,FR,18.04,34.59,96.26,29.59,opendata.reseaux-energies.fr,false,""
2024-11-25T09:00:00.000000,France,France,FR,11.28,26.2,97.27,29.37,opendata.reseaux-energies.fr,false,""
2024-11-25T10:00:00.000000,France,France,FR,10.59,25.55,97.31,29.79,opendata.reseaux-energies.fr,false,""
2024-11-25T11:00:00.000000,France,France,FR,11.83,27.26,97.02,29.79,opendata.reseaux-energies.fr,false,""
2024-11-25T12:00:00.000000,France,France,FR,19.05,36.59,96.05,29.61,opendata.reseaux-energies.fr,false,""
2024-11-25T13:00:00.000000,France,France,FR,17.99,35.09,95.98,29.28,opendata.reseaux-energies.fr,false,""
2024-11-25T14:00:00.000000,France,France,FR,18.5,35.48,95.51,27.19,opendata.reseaux-energies.fr,false,""
2024-11-25T15:00:00.000000,France,France,FR,18.69,35.4,95.14,23.75,opendata.reseaux-energies.fr,false,""
2024-11-25T16:00:00.000000,France,France,FR,21.26,38.52,94.39,23.61,opendata.reseaux-energies.fr,false,""
2024-11-25T17:00:00.000000,France,France,FR,23.73,41.39,93.83,23.36,opendata.reseaux-energies.fr,false,""
2024-11-25T18:00:00.000000,France,France,FR,25.51,43.17,93.72,23.87,opendata.reseaux-energies.fr,false,""
2024-11-25T19:00:00.000000,France,France,FR,27.91,45.73,93.41,22.44,opendata.reseaux-energies.fr,false,""
2024-11-25T20:00:00.000000,France,France,FR,26.78,44.02,93.92,21.72,opendata.reseaux-energies.fr,false,""
2024-11-25T21:00:00.000000,France,France,FR,26.16,43.22,94.12,21.36,opendata.reseaux-energies.fr,false,""
2024-11-25T22:00:00.000000,France,France,FR,25.57,42.37,94.33,21.05,opendata.reseaux-energies.fr,false,""
2024-11-25T23:00:00.000000,France,France,FR,22.89,38.97,95.04,21.19,opendata.reseaux-energies.fr,false,""
2024-11-26T00:00:00.000000,France,France,FR,17.14,31.44,96.6,21.5,opendata.reseaux-energies.fr,false,""
2024-11-26T01:00:00.000000,France,France,FR,16.92,31.16,96.63,21.81,opendata.reseaux-energies.fr,false,""
2024-11-26T02:00:00.000000,France,France,FR,15.27,29.53,96.81,21.69,opendata.reseaux-energies.fr,false,""
2024-11-26T03:00:00.000000,France,France,FR,15.9,30.2,96.72,21.83,opendata.reseaux-energies.fr,false,""
2024-11-26T04:00:00.000000,France,France,FR,17.88,32.32,96.44,21.61,opendata.reseaux-energies.fr,false,""
2024-11-26T05:00:00.000000,France,France,FR,19.98,35.09,95.75,22.13,opendata.reseaux-energies.fr,false,""
2024-11-26T06:00:00.000000,France,France,FR,26.21,43.07,94.01,23.43,opendata.reseaux-energies.fr,false,""
2024-11-26T07:00:00.000000,France,France,FR,30.11,48.17,92.89,24.39,opendata.reseaux-energies.fr,false,""
2024-11-26T08:00:00.000000,France,France,FR,31.46,50.29,92.49,25.2,opendata.reseaux-energies.fr,false,""
2024-11-26T09:00:00.000000,France,France,FR,30.7,49.99,92.72,26.24,opendata.reseaux-energies.fr,false,""
2024-11-26T10:00:00.000000,France,France,FR,26.59,45.24,93.89,27.65,opendata.reseaux-energies.fr,false,""
2024-11-26T11:00:00.000000,France,France,FR,23.67,41.73,94.63,28.55,opendata.reseaux-energies.fr,false,""
2024-11-26T12:00:00.000000,France,France,FR,23.81,41.79,94.57,28.5,opendata.reseaux-energies.fr,false,""
2024-11-26T13:00:00.000000,France,France,FR,25.7,43.79,94.1,26.55,opendata.reseaux-energies.fr,false,""
2024-11-26T14:00:00.000000,France,France,FR,31.93,51.31,92.42,23.5,opendata.reseaux-energies.fr,false,""
2024-11-26T15:00:00.000000,France,France,FR,38.31,59.03,90.8,21.65,opendata.reseaux-energies.fr,false,""
2024-11-26T16:00:00.000000,France,France,FR,36.9,56.94,91.06,22.44,opendata.reseaux-energies.fr,false,""
2024-11-26T17:00:00.000000,France,France,FR,36.89,56.98,90.99,23.32,opendata.reseaux-energies.fr,false,""
2024-11-26T18:00:00.000000,France,France,FR,40.66,61.89,90.32,23.82,opendata.reseaux-energies.fr,false,""
2024-11-26T19:00:00.000000,France,France,FR,38.81,59.56,90.7,23.45,opendata.reseaux-energies.fr,false,""
2024-11-26T20:00:00.000000,France,France,FR,33.08,52.15,92.07,23.4,opendata.reseaux-energies.fr,false,""
2024-11-26T21:00:00.000000,France,France,FR,29.33,47.32,93.09,23.45,opendata.reseaux-energies.fr,false,""
2024-11-26T22:00:00.000000,France,France,FR,26.02,42.99,94.01,24.27,opendata.reseaux-energies.fr,false,""
2024-11-26T23:00:00.000000,France,France,FR,21.95,37.71,95.16,24.6,opendata.reseaux-energies.fr,false,""
2024-11-27T00:00:00.000000,France,France,FR,16.07,30.51,96.55,24.9,opendata.reseaux-energies.fr,false,""
2024-11-27T01:00:00.000000,France,France,FR,13.74,27.66,97.1,26.08,opendata.reseaux-energies.fr,false,""
2024-11-27T02:00:00.000000,France,France,FR,14.33,28.52,96.99,26.86,opendata.reseaux-energies.fr,false,""
2024-11-27T03:00:00.000000,France,France,FR,14.43,28.85,96.96,28.51,opendata.reseaux-energies.fr,false,""
2024-11-27T04:00:00.000000,France,France,FR,14.17,28.72,96.97,29.94,opendata.reseaux-energies.fr,false,""
2024-11-27T05:00:00.000000,France,France,FR,14.36,28.83,96.96,30.62,opendata.reseaux-energies.fr,false,""
2024-11-27T06:00:00.000000,France,France,FR,13.87,28.07,97.08,31.66,opendata.reseaux-energies.fr,false,""
2024-11-27T07:00:00.000000,France,France,FR,15.16,29.32,96.94,32.33,opendata.reseaux-energies.fr,false,""
2024-11-27T08:00:00.000000,France,France,FR,13.38,27.78,97.2,33.81,opendata.reseaux-energies.fr,false,""
2024-11-27T09:00:00.000000,France,France,FR,12.65,27.65,97.32,35.71,opendata.reseaux-energies.fr,false,""
2024-11-27T10:00:00.000000,France,France,FR,12.8,28.37,97.32,37.93,opendata.reseaux-energies.fr,false,""
2024-11-27T11:00:00.000000,France,France,FR,12.82,28.64,97.32,38.74,opendata.reseaux-energies.fr,false,""
2024-11-27T12:00:00.000000,France,France,FR,12.76,28.54,97.34,38.79,opendata.reseaux-energies.fr,false,""
2024-11-27T13:00:00.000000,France,France,FR,12.98,28.54,97.27,37.07,opendata.reseaux-energies.fr,false,""
2024-11-27T14:00:00.000000,France,France,FR,13.46,28.63,97.19,34.59,opendata.reseaux-energies.fr,false,""
2024-11-27T15:00:00.000000,France,France,FR,15.3,30.1,96.89,31.79,opendata.reseaux-energies.fr,false,""
2024-11-27T16:00:00.000000,France,France,FR,15.98,30.43,96.77,30.39,opendata.reseaux-energies.fr,false,""
2024-11-27T17:00:00.000000,France,France,FR,16.7,31.27,96.6,30.31,opendata.reseaux-energies.fr,false,""
2024-11-27T18:00:00.000000,France,France,FR,17.4,32.01,96.46,28.99,opendata.reseaux-energies.fr,false,""
2024-11-27T19:00:00.000000,France,France,FR,17.38,31.97,96.46,26.98,opendata.reseaux-energies.fr,false,""
2024-11-27T20:00:00.000000,France,France,FR,17.91,32.58,96.37,24.67,opendata.reseaux-energies.fr,false,""
2024-11-27T21:00:00.000000,France,France,FR,18.77,33.64,96.2,22.89,opendata.reseaux-energies.fr,false,""
2024-11-27T22:00:00.000000,France,France,FR,19.56,34.64,96.04,22.01,opendata.reseaux-energies.fr,false,""
2024-11-27T23:00:00.000000,France,France,FR,17.08,32.1,96.31,21.04,opendata.reseaux-energies.fr,false,""
2024-11-28T00:00:00.000000,France,France,FR,16.28,31.29,96.4,19.4,opendata.reseaux-energies.fr,false,""
2024-11-28T01:00:00.000000,France,France,FR,16.24,31.25,96.4,18.88,opendata.reseaux-energies.fr,false,""
2024-11-28T02:00:00.000000,France,France,FR,16.02,30.92,96.44,17.49,opendata.reseaux-energies.fr,false,""
2024-11-28T03:00:00.000000,France,France,FR,16.02,30.86,96.43,16.58,opendata.reseaux-energies.fr,false,""
2024-11-28T04:00:00.000000,France,France,FR,18.86,34.01,96.0,16.33,opendata.reseaux-energies.fr,false,""
2024-11-28T05:00:00.000000,France,France,FR,24.61,40.81,94.85,16.44,opendata.reseaux-energies.fr,false,""
2024-11-28T06:00:00.000000,France,France,FR,31.04,49.06,93.04,18.1,opendata.reseaux-energies.fr,false,""
2024-11-28T07:00:00.000000,France,France,FR,32.36,50.86,92.49,19.05,opendata.reseaux-energies.fr,false,""
2024-11-28T08:00:00.000000,France,France,FR,32.02,50.9,92.48,21.18,opendata.reseaux-energies.fr,false,""
2024-11-28T09:00:00.000000,France,France,FR,30.44,49.51,92.9,22.64,opendata.reseaux-energies.fr,false,""
2024-11-28T10:00:00.000000,France,France,FR,29.57,49.03,93.16,23.22,opendata.reseaux-energies.fr,false,""
2024-11-28T11:00:00.000000,France,France,FR,28.83,48.44,93.35,23.85,opendata.reseaux-energies.fr,false,""
2024-11-28T12:00:00.000000,France,France,FR,28.37,47.91,93.47,23.96,opendata.reseaux-energies.fr,false,""
2024-11-28T13:00:00.000000,France,France,FR,28.78,48.18,93.37,22.95,opendata.reseaux-energies.fr,false,""
2024-11-28T14:00:00.000000,France,France,FR,30.83,50.19,92.82,21.28,opendata.reseaux-energies.fr,false,""
2024-11-28T15:00:00.000000,France,France,FR,33.33,52.68,92.12,20.33,opendata.reseaux-energies.fr,false,""
2024-11-28T16:00:00.000000,France,France,FR,34.86,54.24,91.79,20.3,opendata.reseaux-energies.fr,false,""
2024-11-28T17:00:00.000000,France,France,FR,34.63,53.98,91.7,21.5,opendata.reseaux-energies.fr,false,""
2024-11-28T18:00:00.000000,France,France,FR,33.65,52.72,91.95,22.6,opendata.reseaux-energies.fr,false,""
2024-11-28T19:00:00.000000,France,France,FR,33.48,52.51,92.0,22.53,opendata.reseaux-energies.fr,false,""
2024-11-28T20:00:00.000000,France,France,FR,33.3,52.26,92.07,21.97,opendata.reseaux-energies.fr,false,""
2024-11-28T21:00:00.000000,France,France,FR,34.04,53.2,91.89,21.09,opendata.reseaux-energies.fr,false,""
2024-11-28T22:00:00.000000,France,France,FR,32.85,51.65,92.22,20.7,opendata.reseaux-energies.fr,false,""
2024-11-28T23:00:00.000000,France,France,FR,27.72,44.94,93.67,20.56,opendata.reseaux-energies.fr,false,""
2024-11-29T00:00:00.000000,France,France,FR,22.79,38.55,95.05,20.29,opendata.reseaux-energies.fr,false,""
2024-11-29T01:00:00.000000,France,France,FR,22.87,38.72,95.03,20.6,opendata.reseaux-energies.fr,false,""
2024-11-29T02:00:00.000000,France,France,FR,23.61,39.72,94.81,20.96,opendata.reseaux-energies.fr,false,""
2024-11-29T03:00:00.000000,France,France,FR,23.41,39.46,94.85,21.64,opendata.reseaux-energies.fr,false,""
2024-11-29T04:00:00.000000,France,France,FR,22.21,37.9,95.17,22.21,opendata.reseaux-energies.fr,false,""
2024-11-29T05:00:00.000000,France,France,FR,25.15,41.79,94.33,23.49,opendata.reseaux-energies.fr,false,""
2024-11-29T06:00:00.000000,France,France,FR,29.75,47.98,93.0,26.02,opendata.reseaux-energies.fr,false,""
2024-11-29T07:00:00.000000,France,France,FR,28.79,46.61,93.21,27.72,opendata.reseaux-energies.fr,false,""
2024-11-29T08:00:00.000000,France,France,FR,28.07,46.14,93.41,29.48,opendata.reseaux-energies.fr,false,""
2024-11-29T09:00:00.000000,France,France,FR,27.2,45.79,93.65,30.06,opendata.reseaux-energies.fr,false,""
2024-11-29T10:00:00.000000,France,France,FR,26.39,45.35,93.9,29.84,opendata.reseaux-energies.fr,false,""
2024-11-29T11:00:00.000000,France,France,FR,26.08,45.35,94.01,30.09,opendata.reseaux-energies.fr,false,""
2024-11-29T12:00:00.000000,France,France,FR,24.69,43.63,94.41,29.74,opendata.reseaux-energies.fr,false,""
2024-11-29T13:00:00.000000,France,France,FR,24.68,43.28,94.44,27.25,opendata.reseaux-energies.fr,false,""
2024-11-29T14:00:00.000000,France,France,FR,25.77,43.91,94.15,24.32,opendata.reseaux-energies.fr,false,""
2024-11-29T15:00:00.000000,France,France,FR,28.88,47.0,93.31,22.25,opendata.reseaux-energies.fr,false,""
2024-11-29T16:00:00.000000,France,France,FR,31.35,49.69,92.59,23.09,opendata.reseaux-energies.fr,false,""
2024-11-29T17:00:00.000000,France,France,FR,30.13,48.08,92.89,25.18,opendata.reseaux-energies.fr,false,""
2024-11-29T18:00:00.000000,France,France,FR,30.27,48.31,92.85,25.78,opendata.reseaux-energies.fr,false,""
2024-11-29T19:00:00.000000,France,France,FR,28.27,45.7,93.41,25.31,opendata.reseaux-energies.fr,false,""
2024-11-29T20:00:00.000000,France,France,FR,25.7,42.36,94.17,24.85,opendata.reseaux-energies.fr,false,""
2024-11-29T21:00:00.000000,France,France,FR,24.33,40.62,94.68,24.83,opendata.reseaux-energies.fr,false,""
2024-11-29T22:00:00.000000,France,France,FR,25.32,41.87,94.45,24.24,opendata.reseaux-energies.fr,false,""
2024-11-29T23:00:00.000000,France,France,FR,22.33,38.45,95.01,23.43,opendata.reseaux-energies.fr,false,""
2024-11-30T00:00:00.000000,France,France,FR,16.91,32.24,96.05,22.16,opendata.reseaux-energies.fr,false,""
2024-11-30T01:00:00.000000,France,France,FR,15.33,30.54,96.28,20.81,opendata.reseaux-energies.fr,false,""
2024-11-30T02:00:00.000000,France,France,FR,14.57,29.57,96.41,19.08,opendata.reseaux-energies.fr,false,""
2024-11-30T03:00:00.000000,France,France,FR,13.82,28.55,96.57,18.15,opendata.reseaux-energies.fr,false,""
2024-11-30T04:00:00.000000,France,France,FR,14.95,29.93,96.36,17.87,opendata.reseaux-energies.fr,false,""
2024-11-30T05:00:00.000000,France,France,FR,16.54,31.91,96.0,17.96,opendata.reseaux-energies.fr,false,""
2024-11-30T06:00:00.000000,France,France,FR,17.33,32.99,95.7,18.81,opendata.reseaux-energies.fr,false,""
2024-11-30T07:00:00.000000,France,France,FR,16.97,32.54,95.76,20.32,opendata.reseaux-energies.fr,false,""
2024-11-30T08:00:00.000000,France,France,FR,17.67,33.82,95.68,21.8,opendata.reseaux-energies.fr,false,""
2024-11-30T09:00:00.000000,France,France,FR,16.11,32.59,96.05,23.57,opendata.reseaux-energies.fr,false,""
2024-11-30T10:00:00.000000,France,France,FR,16.08,33.03,96.17,24.52,opendata.reseaux-energies.fr,false,""
2024-11-30T11:00:00.000000,France,France,FR,14.46,31.42,96.4,25.11,opendata.reseaux-energies.fr,false,""
2024-11-30T12:00:00.000000,France,France,FR,13.46,30.16,96.49,24.54,opendata.reseaux-energies.fr,false,""
2024-11-30T13:00:00.000000,France,France,FR,13.69,30.18,96.43,23.49,opendata.reseaux-energies.fr,false,""
2024-11-30T14:00:00.000000,France,France,FR,18.12,35.3,95.26,21.3,opendata.reseaux-energies.fr,false,""
2024-11-30T15:00:00.000000,France,France,FR,24.11,42.3,93.58,18.65,opendata.reseaux-energies.fr,false,""
2024-11-30T16:00:00.000000,France,France,FR,26.15,44.5,93.02,19.23,opendata.reseaux-energies.fr,false,""
2024-11-30T17:00:00.000000,France,France,FR,25.94,44.15,93.07,20.94,opendata.reseaux-energies.fr,false,""
2024-11-30T18:00:00.000000,France,France,FR,25.76,43.9,93.12,21.13,opendata.reseaux-energies.fr,false,""
2024-11-30T19:00:00.000000,France,France,FR,23.6,41.09,93.72,20.5,opendata.reseaux-energies.fr,false,""
2024-11-30T20:00:00.000000,France,France,FR,25.34,43.37,93.24,18.75,opendata.reseaux-energies.fr,false,""
2024-11-30T21:00:00.000000,France,France,FR,24.86,42.8,93.39,17.83,opendata.reseaux-energies.fr,false,""
2024-11-30T22:00:00.000000,France,France,FR,25.21,43.29,93.29,18.04,opendata.reseaux-energies.fr,false,""
2024-11-30T23:00:00.000000,France,France,FR,24.71,42.8,93.42,18.76,opendata.reseaux-energies.fr,false,""
2024-12-01T00:00:00.000000,France,France,FR,15.85,31.31,95.86,18.87,opendata.reseaux-energies.fr,false,""
2024-12-01T01:00:00.000000,France,France,FR,13.77,28.62,96.44,19.07,opendata.reseaux-energies.fr,false,""
2024-12-01T02:00:00.000000,France,France,FR,13.01,27.59,96.64,19.08,opendata.reseaux-energies.fr,false,""
2024-12-01T03:00:00.000000,France,France,FR,12.12,26.42,96.89,19.06,opendata.reseaux-energies.fr,false,""
2024-12-01T04:00:00.000000,France,France,FR,12.12,26.45,96.89,19.45,opendata.reseaux-energies.fr,false,""
2024-12-01T05:00:00.000000,France,France,FR,11.53,25.58,97.06,19.67,opendata.reseaux-energies.fr,false,""
2024-12-01T06:00:00.000000,France,France,FR,11.07,24.98,97.18,20.77,opendata.reseaux-energies.fr,false,""
2024-12-01T07:00:00.000000,France,France,FR,11.0,24.91,97.2,21.67,opendata.reseaux-energies.fr,false,""
2024-12-01T08:00:00.000000,France,France,FR,10.77,25.04,97.26,24.0,opendata.reseaux-energies.fr,false,""
2024-12-01T09:00:00.000000,France,France,FR,11.19,26.29,97.18,26.95,opendata.reseaux-energies.fr,false,""
2024-12-01T10:00:00.000000,France,France,FR,11.01,26.71,97.22,28.55,opendata.reseaux-energies.fr,false,""
2024-12-01T11:00:00.000000,France,France,FR,11.12,27.26,97.21,29.85,opendata.reseaux-energies.fr,false,""
2024-12-01T12:00:00.000000,France,France,FR,10.1,25.98,97.42,29.8,opendata.reseaux-energies.fr,false,""
2024-12-01T13:00:00.000000,France,France,FR,10.24,25.8,97.39,28.48,opendata.reseaux-energies.fr,false,""
2024-12-01T14:00:00.000000,France,France,FR,10.25,25.13,97.38,26.25,opendata.reseaux-energies.fr,false,""
2024-12-01T15:00:00.000000,France,France,FR,10.84,25.18,97.23,23.27,opendata.reseaux-energies.fr,false,""
2024-12-01T16:00:00.000000,France,France,FR,10.94,24.82,97.21,23.21,opendata.reseaux-energies.fr,false,""
2024-12-01T17:00:00.000000,France,France,FR,11.84,25.97,97.04,24.88,opendata.reseaux-energies.fr,false,""
2024-12-01T18:00:00.000000,France,France,FR,12.83,27.29,96.85,26.48,opendata.reseaux-energies.fr,false,""
2024-12-01T19:00:00.000000,France,France,FR,12.73,27.26,96.86,25.54,opendata.reseaux-energies.fr,false,""
2024-12-01T20:00:00.000000,France,France,FR,13.26,27.89,96.76,24.45,opendata.reseaux-energies.fr,false,""
2024-12-01T21:00:00.000000,France,France,FR,13.67,28.45,96.69,24.04,opendata.reseaux-energies.fr,false,""
2024-12-01T22:00:00.000000,France,France,FR,13.84,28.69,96.65,24.17,opendata.reseaux-energies.fr,false,""
2024-12-01T23:00:00.000000,France,France,FR,13.56,28.37,96.73,23.62,opendata.reseaux-energies.fr,false,""
2024-12-02T00:00:00.000000,France,France,FR,12.35,26.85,96.94,22.71,opendata.reseaux-energies.fr,false,""
2024-12-02T01:00:00.000000,France,France,FR,11.83,26.17,97.03,21.51,opendata.reseaux-energies.fr,false,""
2024-12-02T02:00:00.000000,France,France,FR,11.71,26.05,97.04,20.86,opendata.reseaux-energies.fr,false,""
2024-12-02T03:00:00.000000,France,France,FR,11.45,25.73,97.08,20.72,opendata.reseaux-energies.fr,false,""
2024-12-02T04:00:00.000000,France,France,FR,11.98,26.52,96.95,21.23,opendata.reseaux-energies.fr,false,""
2024-12-02T05:00:00.000000,France,France,FR,13.19,28.02,96.65,22.31,opendata.reseaux-energies.fr,false,""
2024-12-02T06:00:00.000000,France,France,FR,16.86,32.64,95.6,24.92,opendata.reseaux-energies.fr,false,""
2024-12-02T07:00:00.000000,France,France,FR,20.79,37.67,94.5,26.6,opendata.reseaux-energies.fr,false,""
2024-12-02T08:00:00.000000,France,France,FR,24.14,42.22,93.56,27.16,opendata.reseaux-energies.fr,false,""
2024-12-02T09:00:00.000000,France,France,FR,24.17,42.72,93.56,27.9,opendata.reseaux-energies.fr,false,""
2024-12-02T10:00:00.000000,France,France,FR,23.45,42.18,93.75,28.22,opendata.reseaux-energies.fr,false,""
2024-12-02T11:00:00.000000,France,France,FR,23.07,41.94,93.89,29.11,opendata.reseaux-energies.fr,false,""
2024-12-02T12:00:00.000000,France,France,FR,21.9,40.51,94.17,29.97,opendata.reseaux-energies.fr,false,""
2024-12-02T13:00:00.000000,France,France,FR,23.08,41.84,93.85,29.4,opendata.reseaux-energies.fr,false,""
2024-12-02T14:00:00.000000,France,France,FR,24.0,42.68,93.59,27.96,opendata.reseaux-energies.fr,false,""
2024-12-02T15:00:00.000000,France,France,FR,26.44,45.43,92.93,26.68,opendata.reseaux-energies.fr,false,""
2024-12-02T16:00:00.000000,France,France,FR,28.34,47.6,92.4,27.23,opendata.reseaux-energies.fr,false,""
2024-12-02T17:00:00.000000,France,France,FR,27.8,46.86,92.55,28.43,opendata.reseaux-energies.fr,false,""
2024-12-02T18:00:00.000000,France,France,FR,27.71,46.74,92.57,28.16,opendata.reseaux-energies.fr,false,""
2024-12-02T19:00:00.000000,France,France,FR,26.0,44.57,93.05,27.27,opendata.reseaux-energies.fr,false,""
2024-12-02T20:00:00.000000,France,France,FR,26.85,45.72,92.82,25.17,opendata.reseaux-energies.fr,false,""
2024-12-02T21:00:00.000000,France,France,FR,28.18,47.45,92.56,23.45,opendata.reseaux-energies.fr,false,""
2024-12-02T22:00:00.000000,France,France,FR,27.17,46.1,92.88,22.33,opendata.reseaux-energies.fr,false,""
2024-12-02T23:00:00.000000,France,France,FR,21.77,39.01,94.51,22.55,opendata.reseaux-energies.fr,false,""
2024-12-03T00:00:00.000000,France,France,FR,18.76,35.14,95.33,22.08,opendata.reseaux-energies.fr,false,""
2024-12-03T01:00:00.000000,France,France,FR,18.33,34.52,95.42,20.8,opendata.reseaux-energies.fr,false,""
2024-12-03T02:00:00.000000,France,France,FR,17.61,33.6,95.56,19.85,opendata.reseaux-energies.fr,false,""
2024-12-03T03:00:00.000000,France,France,FR,17.81,33.91,95.47,19.27,opendata.reseaux-energies.fr,false,""
2024-12-03T04:00:00.000000,France,France,FR,20.28,37.04,94.87,19.33,opendata.reseaux-energies.fr,false,""
2024-12-03T05:00:00.000000,France,France,FR,25.37,43.65,93.39,19.67,opendata.reseaux-energies.fr,false,""
2024-12-03T06:00:00.000000,France,France,FR,34.81,56.02,90.86,21.11,opendata.reseaux-energies.fr,false,""
2024-12-03T07:00:00.000000,France,France,FR,34.04,54.85,90.91,21.35,opendata.reseaux-energies.fr,false,""
2024-12-03T08:00:00.000000,France,France,FR,32.43,52.88,91.35,22.18,opendata.reseaux-energies.fr,false,""
2024-12-03T09:00:00.000000,France,France,FR,32.2,53.09,91.42,22.89,opendata.reseaux-energies.fr,false,""
2024-12-03T10:00:00.000000,France,France,FR,32.33,53.68,91.42,23.55,opendata.reseaux-energies.fr,false,""
2024-12-03T11:00:00.000000,France,France,FR,35.39,57.93,90.72,24.31,opendata.reseaux-energies.fr,false,""
2024-12-03T12:00:00.000000,France,France,FR,36.67,59.22,90.58,24.06,opendata.reseaux-energies.fr,false,""
2024-12-03T13:00:00.000000,France,France,FR,38.28,60.65,90.35,23.08,opendata.reseaux-energies.fr,false,""
2024-12-03T14:00:00.000000,France,France,FR,39.66,61.62,90.16,21.62,opendata.reseaux-energies.fr,false,""
2024-12-03T15:00:00.000000,France,France,FR,40.5,62.2,89.95,20.99,opendata.reseaux-energies.fr,false,""
2024-12-03T16:00:00.000000,France,France,FR,41.53,63.03,89.78,20.97,opendata.reseaux-energies.fr,false,""
2024-12-03T17:00:00.000000,France,France,FR,46.18,68.85,89.04,21.23,opendata.reseaux-energies.fr,false,""
2024-12-03T18:00:00.000000,France,France,FR,50.21,73.91,88.51,21.08,opendata.reseaux-energies.fr,false,""
2024-12-03T19:00:00.000000,France,France,FR,47.67,70.74,88.84,20.63,opendata.reseaux-energies.fr,false,""
2024-12-03T20:00:00.000000,France,France,FR,41.55,62.97,89.87,19.61,opendata.reseaux-energies.fr,false,""
2024-12-03T21:00:00.000000,France,France,FR,43.19,65.14,89.47,18.08,opendata.reseaux-energies.fr,false,""
2024-12-03T22:00:00.000000,France,France,FR,45.08,67.8,89.02,17.88,opendata.reseaux-energies.fr,false,""
2024-12-03T23:00:00.000000,France,France,FR,44.84,67.4,89.19,16.91,opendata.reseaux-energies.fr,false,""
2024-12-04T00:00:00.000000,France,France,FR,39.18,59.92,90.64,16.55,opendata.reseaux-energies.fr,false,""
2024-12-04T01:00:00.000000,France,France,FR,39.46,60.23,90.59,16.08,opendata.reseaux-energies.fr,false,""
2024-12-04T02:00:00.000000,France,France,FR,38.69,59.23,90.8,15.93,opendata.reseaux-energies.fr,false,""
2024-12-04T03:00:00.000000,France,France,FR,38.67,59.22,90.81,15.58,opendata.reseaux-energies.fr,false,""
2024-12-04T04:00:00.000000,France,France,FR,38.36,58.75,90.91,16.18,opendata.reseaux-energies.fr,false,""
2024-12-04T05:00:00.000000,France,France,FR,42.62,64.55,89.73,18.5,opendata.reseaux-energies.fr,false,""
2024-12-04T06:00:00.000000,France,France,FR,41.32,62.6,89.99,21.23,opendata.reseaux-energies.fr,false,""
2024-12-04T07:00:00.000000,France,France,FR,44.51,66.72,89.32,22.65,opendata.reseaux-energies.fr,false,""
2024-12-04T08:00:00.000000,France,France,FR,58.12,84.54,87.44,23.29,opendata.reseaux-energies.fr,false,""
2024-12-04T09:00:00.000000,France,France,FR,51.38,76.56,89.19,26.08,opendata.reseaux-energies.fr,false,""
2024-12-04T10:00:00.000000,France,France,FR,37.61,59.43,91.36,28.02,opendata.reseaux-energies.fr,false,""
2024-12-04T11:00:00.000000,France,France,FR,35.0,56.61,91.52,29.11,opendata.reseaux-energies.fr,false,""
2024-12-04T12:00:00.000000,France,France,FR,36.65,58.88,91.09,28.68,opendata.reseaux-energies.fr,false,""
2024-12-04T13:00:00.000000,France,France,FR,37.48,59.62,90.9,27.24,opendata.reseaux-energies.fr,false,""
2024-12-04T14:00:00.000000,France,France,FR,40.49,62.91,90.06,24.99,opendata.reseaux-energies.fr,false,""
2024-12-04T15:00:00.000000,France,France,FR,42.28,64.35,89.58,23.4,opendata.reseaux-energies.fr,false,""
2024-12-04T16:00:00.000000,France,France,FR,43.55,65.59,89.43,23.02,opendata.reseaux-energies.fr,false,""
2024-12-04T17:00:00.000000,France,France,FR,46.03,68.7,88.9,23.9,opendata.reseaux-energies.fr,false,""
2024-12-04T18:00:00.000000,France,France,FR,45.3,67.79,89.26,24.73,opendata.reseaux-energies.fr,false,""
2024-12-04T19:00:00.000000,France,France,FR,43.63,65.94,89.66,25.27,opendata.reseaux-energies.fr,false,""
2024-12-04T20:00:00.000000,France,France,FR,39.28,60.39,90.41,24.8,opendata.reseaux-energies.fr,false,""
2024-12-04T21:00:00.000000,France,France,FR,37.97,58.91,90.81,24.71,opendata.reseaux-energies.fr,false,""
2024-12-04T22:00:00.000000,France,France,FR,37.18,57.98,91.03,25.53,opendata.reseaux-energies.fr,false,""
2024-12-04T23:00:00.000000,France,France,FR,31.51,50.56,92.53,25.13,opendata.reseaux-energies.fr,false,""
2024-12-05T00:00:00.000000,France,France,FR,25.77,43.06,94.09,25.12,opendata.reseaux-energies.fr,false,""
2024-12-05T01:00:00.000000,France,France,FR,24.5,41.31,94.51,25.21,opendata.reseaux-energies.fr,false,""
2024-12-05T02:00:00.000000,France,France,FR,22.57,38.74,95.01,25.16,opendata.reseaux-energies.fr,false,""
2024-12-05T03:00:00.000000,France,France,FR,21.99,37.95,95.17,25.48,opendata.reseaux-energies.fr,false,""
2024-12-05T04:00:00.000000,France,France,FR,21.26,37.17,95.36,26.87,opendata.reseaux-energies.fr,false,""
2024-12-05T05:00:00.000000,France,France,FR,20.89,36.8,95.41,28.72,opendata.reseaux-energies.fr,false,""
2024-12-05T06:00:00.000000,France,France,FR,25.29,42.69,94.12,30.99,opendata.reseaux-energies.fr,false,""
2024-12-05T07:00:00.000000,France,France,FR,28.36,46.56,93.29,31.96,opendata.reseaux-energies.fr,false,""
2024-12-05T08:00:00.000000,France,France,FR,29.53,48.18,93.18,33.05,opendata.reseaux-energies.fr,false,""
2024-12-05T09:00:00.000000,France,France,FR,42.85,65.76,91.43,33.47,opendata.reseaux-energies.fr,false,""
2024-12-05T10:00:00.000000,France,France,FR,31.4,51.56,93.03,34.62,opendata.reseaux-energies.fr,false,""
2024-12-05T11:00:00.000000,France,France,FR,26.28,45.06,93.78,35.27,opendata.reseaux-energies.fr,false,""
2024-12-05T12:00:00.000000,France,France,FR,24.41,42.69,94.24,36.05,opendata.reseaux-energies.fr,false,""
2024-12-05T13:00:00.000000,France,France,FR,22.2,39.58,94.84,35.13,opendata.reseaux-energies.fr,false,""
2024-12-05T14:00:00.000000,France,France,FR,25.71,43.63,93.98,33.44,opendata.reseaux-energies.fr,false,""
2024-12-05T15:00:00.000000,France,France,FR,27.3,45.32,93.6,33.05,opendata.reseaux-energies.fr,false,""
2024-12-05T16:00:00.000000,France,France,FR,27.74,45.78,93.46,33.6,opendata.reseaux-energies.fr,false,""
2024-12-05T17:00:00.000000,France,France,FR,26.15,43.83,93.81,34.42,opendata.reseaux-energies.fr,false,""
2024-12-05T18:00:00.000000,France,France,FR,24.13,41.16,94.4,34.86,opendata.reseaux-energies.fr,false,""
2024-12-05T19:00:00.000000,France,France,FR,20.5,36.59,95.38,34.52,opendata.reseaux-energies.fr,false,""
2024-12-05T20:00:00.000000,France,France,FR,16.2,31.2,96.48,34.4,opendata.reseaux-energies.fr,false,""
2024-12-05T21:00:00.000000,France,France,FR,15.73,30.73,96.52,33.32,opendata.reseaux-energies.fr,false,""
2024-12-05T22:00:00.000000,France,France,FR,15.58,30.55,96.55,33.03,opendata.reseaux-energies.fr,false,""
2024-12-05T23:00:00.000000,France,France,FR,14.89,30.1,96.59,34.08,opendata.reseaux-energies.fr,false,""
2024-12-06T00:00:00.000000,France,France,FR,11.51,26.62,97.05,35.31,opendata.reseaux-energies.fr,false,""
2024-12-06T01:00:00.000000,France,France,FR,11.71,26.88,97.0,35.09,opendata.reseaux-energies.fr,false,""
2024-12-06T02:00:00.000000,France,France,FR,11.99,27.33,96.92,34.95,opendata.reseaux-energies.fr,false,""
2024-12-06T03:00:00.000000,France,France,FR,11.94,27.25,96.94,34.61,opendata.reseaux-energies.fr,false,""
2024-12-06T04:00:00.000000,France,France,FR,11.92,27.06,96.94,33.47,opendata.reseaux-energies.fr,false,""
2024-12-06T05:00:00.000000,France,France,FR,11.79,26.59,96.98,32.34,opendata.reseaux-energies.fr,false,""
2024-12-06T06:00:00.000000,France,France,FR,12.83,27.82,96.69,31.76,opendata.reseaux-energies.fr,false,""
2024-12-06T07:00:00.000000,France,France,FR,14.48,29.81,96.22,31.54,opendata.reseaux-energies.fr,false,""
2024-12-06T08:00:00.000000,France,France,FR,15.87,31.88,95.84,31.46,opendata.reseaux-energies.fr,false,""
2024-12-06T09:00:00.000000,France,France,FR,16.04,32.82,95.87,32.89,opendata.reseaux-energies.fr,false,""
2024-12-06T10:00:00.000000,France,France,FR,14.51,31.48,96.31,33.63,opendata.reseaux-energies.fr,false,""
2024-12-06T11:00:00.000000,France,France,FR,13.64,30.74,96.55,34.31,opendata.reseaux-energies.fr,false,""
2024-12-06T12:00:00.000000,France,France,FR,13.0,30.13,96.71,34.42,opendata.reseaux-energies.fr,false,""
2024-12-06T13:00:00.000000,France,France,FR,13.88,31.04,96.48,32.52,opendata.reseaux-energies.fr,false,""
2024-12-06T14:00:00.000000,France,France,FR,18.72,36.68,95.2,29.76,opendata.reseaux-energies.fr,false,""
2024-12-06T15:00:00.000000,France,France,FR,22.4,40.56,94.14,26.6,opendata.reseaux-energies.fr,false,""
2024-12-06T16:00:00.000000,France,France,FR,26.56,45.43,92.92,25.7,opendata.reseaux-energies.fr,false,""
2024-12-06T17:00:00.000000,France,France,FR,27.35,46.48,92.69,27.47,opendata.reseaux-energies.fr,false,""
2024-12-06T18:00:00.000000,France,France,FR,27.35,46.52,92.69,28.56,opendata.reseaux-energies.fr,false,""
2024-12-06T19:00:00.000000,France,France,FR,26.89,46.04,92.81,29.2,opendata.reseaux-energies.fr,false,""
2024-12-06T20:00:00.000000,France,France,FR,22.6,40.61,93.99,30.04,opendata.reseaux-energies.fr,false,""
2024-12-06T21:00:00.000000,France,France,FR,16.71,33.04,95.61,31.03,opendata.reseaux-energies.fr,false,""
2024-12-06T22:00:00.000000,France,France,FR,15.72,31.81,95.88,31.47,opendata.reseaux-energies.fr,false,""
2024-12-06T23:00:00.000000,France,France,FR,13.12,28.55,96.6,33.48,opendata.reseaux-energies.fr,false,""
2024-12-07T00:00:00.000000,France,France,FR,10.12,24.74,97.43,33.9,opendata.reseaux-energies.fr,false,""
2024-12-07T01:00:00.000000,France,France,FR,10.0,24.71,97.46,34.7,opendata.reseaux-energies.fr,false,""
2024-12-07T02:00:00.000000,France,France,FR,10.11,25.05,97.43,35.98,opendata.reseaux-energies.fr,false,""
2024-12-07T03:00:00.000000,France,France,FR,10.23,25.33,97.4,36.8,opendata.reseaux-energies.fr,false,""
2024-12-07T04:00:00.000000,France,France,FR,10.11,25.13,97.43,36.77,opendata.reseaux-energies.fr,false,""
2024-12-07T05:00:00.000000,France,France,FR,10.16,25.17,97.42,36.52,opendata.reseaux-energies.fr,false,""
2024-12-07T06:00:00.000000,France,France,FR,10.3,25.19,97.4,36.1,opendata.reseaux-energies.fr,false,""
2024-12-07T07:00:00.000000,France,France,FR,9.75,24.38,97.52,35.83,opendata.reseaux-energies.fr,false,""
2024-12-07T08:00:00.000000,France,France,FR,10.37,25.28,97.4,36.6,opendata.reseaux-energies.fr,false,""
2024-12-07T09:00:00.000000,France,France,FR,10.58,25.92,97.38,38.9,opendata.reseaux-energies.fr,false,""
2024-12-07T10:00:00.000000,France,France,FR,10.46,26.15,97.44,41.09,opendata.reseaux-energies.fr,false,""
2024-12-07T11:00:00.000000,France,France,FR,10.25,26.01,97.49,41.75,opendata.reseaux-energies.fr,false,""
2024-12-07T12:00:00.000000,France,France,FR,10.32,26.06,97.49,41.38,opendata.reseaux-energies.fr,false,""
2024-12-07T13:00:00.000000,France,France,FR,10.47,26.24,97.45,41.32,opendata.reseaux-energies.fr,false,""
2024-12-07T14:00:00.000000,France,France,FR,10.77,26.38,97.37,40.01,opendata.reseaux-energies.fr,false,""
2024-12-07T15:00:00.000000,France,France,FR,10.54,25.63,97.41,37.77,opendata.reseaux-energies.fr,false,""
2024-12-07T16:00:00.000000,France,France,FR,10.41,25.06,97.42,36.62,opendata.reseaux-energies.fr,false,""
2024-12-07T17:00:00.000000,France,France,FR,10.8,25.39,97.31,36.17,opendata.reseaux-energies.fr,false,""
2024-12-07T18:00:00.000000,France,France,FR,11.1,25.73,97.22,35.7,opendata.reseaux-energies.fr,false,""
2024-12-07T19:00:00.000000,France,France,FR,10.29,24.7,97.41,35.37,opendata.reseaux-energies.fr,false,""
2024-12-07T20:00:00.000000,France,France,FR,9.83,24.15,97.5,35.13,opendata.reseaux-energies.fr,false,""
2024-12-07T21:00:00.000000,France,France,FR,10.45,24.92,97.37,34.53,opendata.reseaux-energies.fr,false,""
2024-12-07T22:00:00.000000,France,France,FR,11.13,25.7,97.23,33.97,opendata.reseaux-energies.fr,false,""
2024-12-07T23:00:00.000000,France,France,FR,11.97,26.92,97.05,34.47,opendata.reseaux-energies.fr,false,""
2024-12-08T00:00:00.000000,France,France,FR,12.0,27.15,97.07,35.12,opendata.reseaux-energies.fr,false,""
2024-12-08T01:00:00.000000,France,France,FR,12.15,27.37,97.04,35.16,opendata.reseaux-energies.fr,false,""
2024-12-08T02:00:00.000000,France,France,FR,12.57,28.13,96.93,36.17,opendata.reseaux-energies.fr,false,""
2024-12-08T03:00:00.000000,France,France,FR,12.95,28.8,96.85,37.55,opendata.reseaux-energies.fr,false,""
2024-12-08T04:00:00.000000,France,France,FR,13.1,29.01,96.82,37.88,opendata.reseaux-energies.fr,false,""
2024-12-08T05:00:00.000000,France,France,FR,13.07,28.9,96.82,37.67,opendata.reseaux-energies.fr,false,""
2024-12-08T06:00:00.000000,France,France,FR,12.61,28.13,96.92,36.82,opendata.reseaux-energies.fr,false,""
2024-12-08T07:00:00.000000,France,France,FR,12.42,27.79,96.97,36.81,opendata.reseaux-energies.fr,false,""
2024-12-08T08:00:00.000000,France,France,FR,11.56,26.68,97.17,36.39,opendata.reseaux-energies.fr,false,""
2024-12-08T09:00:00.000000,France,France,FR,11.03,26.38,97.3,37.04,opendata.reseaux-energies.fr,false,""
2024-12-08T10:00:00.000000,France,France,FR,10.9,26.4,97.35,37.48,opendata.reseaux-energies.fr,false,""
2024-12-08T11:00:00.000000,France,France,FR,10.91,26.48,97.36,37.69,opendata.reseaux-energies.fr,false,""
2024-12-08T12:00:00.000000,France,France,FR,10.81,26.44,97.37,37.58,opendata.reseaux-energies.fr,false,""
2024-12-08T13:00:00.000000,France,France,FR,10.93,26.47,97.33,36.59,opendata.reseaux-energies.fr,false,""
2024-12-08T14:00:00.000000,France,France,FR,11.14,26.48,97.28,35.87,opendata.reseaux-energies.fr,false,""
2024-12-08T15:00:00.000000,France,France,FR,11.36,26.37,97.22,34.15,opendata.reseaux-energies.fr,false,""
2024-12-08T16:00:00.000000,France,France,FR,10.85,25.34,97.33,32.86,opendata.reseaux-energies.fr,false,""
2024-12-08T17:00:00.000000,France,France,FR,11.89,26.48,97.06,32.05,opendata.reseaux-energies.fr,false,""
2024-12-08T18:00:00.000000,France,France,FR,12.06,26.58,97.0,31.99,opendata.reseaux-energies.fr,false,""
2024-12-08T19:00:00.000000,France,France,FR,11.25,25.55,97.2,31.29,opendata.reseaux-energies.fr,false,""
2024-12-08T20:00:00.000000,France,France,FR,10.51,24.68,97.34,30.36,opendata.reseaux-energies.fr,false,""
2024-12-08T21:00:00.000000,France,France,FR,11.64,26.15,97.11,30.14,opendata.reseaux-energies.fr,false,""
2024-12-08T22:00:00.000000,France,France,FR,12.22,26.91,96.99,30.44,opendata.reseaux-energies.fr,false,""
2024-12-08T23:00:00.000000,France,France,FR,13.27,28.34,96.74,31.05,opendata.reseaux-energies.fr,false,""
2024-12-09T00:00:00.000000,France,France,FR,12.93,27.97,96.85,31.42,opendata.reseaux-energies.fr,false,""
2024-12-09T01:00:00.000000,France,France,FR,13.04,28.07,96.83,30.96,opendata.reseaux-energies.fr,false,""
2024-12-09T02:00:00.000000,France,France,FR,13.06,28.22,96.81,31.32,opendata.reseaux-energies.fr,false,""
2024-12-09T03:00:00.000000,France,France,FR,13.09,28.34,96.78,31.52,opendata.reseaux-energies.fr,false,""
2024-12-09T04:00:00.000000,France,France,FR,13.22,28.45,96.77,32.55,opendata.reseaux-energies.fr,false,""
2024-12-09T05:00:00.000000,France,France,FR,13.25,28.25,96.77,32.1,opendata.reseaux-energies.fr,false,""
2024-12-09T06:00:00.000000,France,France,FR,13.79,28.68,96.62,32.0,opendata.reseaux-energies.fr,false,""
2024-12-09T07:00:00.000000,France,France,FR,13.54,28.23,96.67,33.02,opendata.reseaux-energies.fr,false,""
2024-12-09T08:00:00.000000,France,France,FR,15.78,30.68,96.39,33.46,opendata.reseaux-energies.fr,false,""
2024-12-09T09:00:00.000000,France,France,FR,17.32,32.68,96.16,33.39,opendata.reseaux-energies.fr,false,""
2024-12-09T10:00:00.000000,France,France,FR,17.58,33.19,96.12,33.94,opendata.reseaux-energies.fr,false,""
2024-12-09T11:00:00.000000,France,France,FR,18.08,33.7,96.09,34.44,opendata.reseaux-energies.fr,false,""
2024-12-09T12:00:00.000000,France,France,FR,17.51,33.09,96.2,34.38,opendata.reseaux-energies.fr,false,""
2024-12-09T13:00:00.000000,France,France,FR,19.08,34.76,95.89,33.24,opendata.reseaux-energies.fr,false,""
2024-12-09T14:00:00.000000,France,France,FR,21.05,36.94,95.45,32.03,opendata.reseaux-energies.fr,false,""
2024-12-09T15:00:00.000000,France,France,FR,21.03,36.7,95.46,31.41,opendata.reseaux-energies.fr,false,""
2024-12-09T16:00:00.000000,France,France,FR,21.57,37.22,95.31,31.64,opendata.reseaux-energies.fr,false,""
2024-12-09T17:00:00.000000,France,France,FR,22.1,37.85,95.2,31.8,opendata.reseaux-energies.fr,false,""
2024-12-09T18:00:00.000000,France,France,FR,20.39,35.76,95.61,32.18,opendata.reseaux-energies.fr,false,""
2024-12-09T19:00:00.000000,France,France,FR,19.26,34.58,95.78,30.68,opendata.reseaux-energies.fr,false,""
2024-12-09T20:00:00.000000,France,France,FR,18.43,33.63,95.97,29.35,opendata.reseaux-energies.fr,false,""
2024-12-09T21:00:00.000000,France,France,FR,18.86,34.15,95.92,28.66,opendata.reseaux-energies.fr,false,""
2024-12-09T22:00:00.000000,France,France,FR,21.17,36.82,95.59,28.73,opendata.reseaux-energies.fr,false,""
2024-12-09T23:00:00.000000,France,France,FR,22.14,37.97,95.41,27.78,opendata.reseaux-energies.fr,false,""
2024-12-10T00:00:00.000000,France,France,FR,20.94,36.77,95.5,27.52,opendata.reseaux-energies.fr,false,""
2024-12-10T01:00:00.000000,France,France,FR,20.74,36.7,95.41,26.78,opendata.reseaux-energies.fr,false,""
2024-12-10T02:00:00.000000,France,France,FR,21.15,37.33,95.21,25.91,opendata.reseaux-energies.fr,false,""
2024-12-10T03:00:00.000000,France,France,FR,21.34,37.61,95.09,25.65,opendata.reseaux-energies.fr,false,""
2024-12-10T04:00:00.000000,France,France,FR,23.41,40.22,94.55,25.92,opendata.reseaux-energies.fr,false,""
2024-12-10T05:00:00.000000,France,France,FR,29.57,47.63,93.13,26.21,opendata.reseaux-energies.fr,false,""
2024-12-10T06:00:00.000000,France,France,FR,37.74,58.72,90.79,27.81,opendata.reseaux-energies.fr,false,""
2024-12-10T07:00:00.000000,France,France,FR,36.25,56.96,90.89,28.48,opendata.reseaux-energies.fr,false,""
2024-12-10T08:00:00.000000,France,France,FR,35.1,55.32,91.2,28.87,opendata.reseaux-energies.fr,false,""
2024-12-10T09:00:00.000000,France,France,FR,40.12,61.66,90.14,28.77,opendata.reseaux-energies.fr,false,""
2024-12-10T10:00:00.000000,France,France,FR,40.72,62.68,90.07,29.18,opendata.reseaux-energies.fr,false,""
2024-12-10T11:00:00.000000,France,France,FR,40.64,62.7,90.11,28.77,opendata.reseaux-energies.fr,false,""
2024-12-10T12:00:00.000000,France,France,FR,40.41,62.44,90.14,28.75,opendata.reseaux-energies.fr,false,""
2024-12-10T13:00:00.000000,France,France,FR,39.79,61.43,90.32,27.37,opendata.reseaux-energies.fr,false,""
2024-12-10T14:00:00.000000,France,France,FR,41.5,63.33,89.89,26.3,opendata.reseaux-energies.fr,false,""
2024-12-10T15:00:00.000000,France,France,FR,41.13,62.59,89.92,25.57,opendata.reseaux-energies.fr,false,""
2024-12-10T16:00:00.000000,France,France,FR,41.1,62.41,89.93,25.65,opendata.reseaux-energies.fr,false,""
2024-12-10T17:00:00.000000,France,France,FR,41.28,62.66,89.85,26.43,opendata.reseaux-energies.fr,false,""
2024-12-10T18:00:00.000000,France,France,FR,40.33,61.51,90.07,27.08,opendata.reseaux-energies.fr,false,""
2024-12-10T19:00:00.000000,France,France,FR,38.88,59.68,90.42,26.57,opendata.reseaux-energies.fr,false,""
2024-12-10T20:00:00.000000,France,France,FR,33.38,52.88,91.77,25.97,opendata.reseaux-energies.fr,false,""
2024-12-10T21:00:00.000000,France,France,FR,33.6,53.3,91.64,24.09,opendata.reseaux-energies.fr,false,""
2024-12-10T22:00:00.000000,France,France,FR,41.98,63.82,89.64,22.71,opendata.reseaux-energies.fr,false,""
2024-12-10T23:00:00.000000,France,France,FR,43.01,65.17,89.46,21.19,opendata.reseaux-energies.fr,false,""
2024-12-11T00:00:00.000000,France,France,FR,38.38,59.12,90.78,20.47,opendata.reseaux-energies.fr,false,""
2024-12-11T01:00:00.000000,France,France,FR,37.73,58.22,90.96,20.58,opendata.reseaux-energies.fr,false,""
2024-12-11T02:00:00.000000,France,France,FR,37.8,58.25,90.94,19.88,opendata.reseaux-energies.fr,false,""
2024-12-11T03:00:00.000000,France,France,FR,37.29,57.59,91.06,20.17,opendata.reseaux-energies.fr,false,""
2024-12-11T04:00:00.000000,France,France,FR,39.5,60.48,90.45,20.54,opendata.reseaux-energies.fr,false,""
2024-12-11T05:00:00.000000,France,France,FR,45.43,68.42,88.76,20.84,opendata.reseaux-energies.fr,false,""
2024-12-11T06:00:00.000000,France,France,FR,43.41,65.31,89.42,22.71,opendata.reseaux-energies.fr,false,""
2024-12-11T07:00:00.000000,France,France,FR,42.79,64.27,89.66,24.45,opendata.reseaux-energies.fr,false,""
2024-12-11T08:00:00.000000,France,France,FR,43.01,64.79,89.44,24.8,opendata.reseaux-energies.fr,false,""
2024-12-11T09:00:00.000000,France,France,FR,48.44,72.08,88.85,25.51,opendata.reseaux-energies.fr,false,""
2024-12-11T10:00:00.000000,France,France,FR,49.1,73.3,88.98,26.51,opendata.reseaux-energies.fr,false,""
2024-12-11T11:00:00.000000,France,France,FR,47.08,71.01,89.16,26.97,opendata.reseaux-energies.fr,false,""
2024-12-11T12:00:00.000000,France,France,FR,46.7,70.6,89.01,26.81,opendata.reseaux-energies.fr,false,""
2024-12-11T13:00:00.000000,France,France,FR,47.87,71.97,88.67,25.61,opendata.reseaux-energies.fr,false,""
2024-12-11T14:00:00.000000,France,France,FR,48.87,72.89,88.59,24.59,opendata.reseaux-energies.fr,false,""
2024-12-11T15:00:00.000000,France,France,FR,47.61,70.85,88.84,23.84,opendata.reseaux-energies.fr,false,""
2024-12-11T16:00:00.000000,France,France,FR,49.21,72.74,88.58,23.64,opendata.reseaux-energies.fr,false,""
2024-12-11T17:00:00.000000,France,France,FR,48.58,72.03,88.49,24.37,opendata.reseaux-energies.fr,false,""
2024-12-11T18:00:00.000000,France,France,FR,46.29,69.16,88.78,25.04,opendata.reseaux-energies.fr,false,""
2024-12-11T19:00:00.000000,France,France,FR,46.36,69.22,88.78,24.43,opendata.reseaux-energies.fr,false,""
2024-12-11T20:00:00.000000,France,France,FR,43.55,65.61,89.18,23.47,opendata.reseaux-energies.fr,false,""
2024-12-11T21:00:00.000000,France,France,FR,42.73,64.56,89.44,22.52,opendata.reseaux-energies.fr,false,""
2024-12-11T22:00:00.000000,France,France,FR,45.87,68.6,88.72,21.12,opendata.reseaux-energies.fr,false,""
2024-12-11T23:00:00.000000,France,France,FR,46.6,69.65,88.49,19.77,opendata.reseaux-energies.fr,false,""
2024-12-12T00:00:00.000000,France,France,FR,48.02,71.53,88.12,18.38,opendata.reseaux-energies.fr,false,""
2024-12-12T01:00:00.000000,France,France,FR,49.58,73.57,87.74,17.57,opendata.reseaux-energies.fr,false,""
2024-12-12T02:00:00.000000,France,France,FR,49.43,73.33,87.79,16.92,opendata.reseaux-energies.fr,false,""
2024-12-12T03:00:00.000000,France,France,FR,50.03,74.26,87.6,16.74,opendata.reseaux-energies.fr,false,""
2024-12-12T04:00:00.000000,France,France,FR,49.63,73.86,87.64,16.73,opendata.reseaux-energies.fr,false,""
2024-12-12T05:00:00.000000,France,France,FR,51.26,76.02,87.17,18.43,opendata.reseaux-energies.fr,false,""
2024-12-12T06:00:00.000000,France,France,FR,47.89,71.1,88.21,20.99,opendata.reseaux-energies.fr,false,""
2024-12-12T07:00:00.000000,France,France,FR,49.24,72.7,88.18,22.52,opendata.reseaux-energies.fr,false,""
2024-12-12T08:00:00.000000,France,France,FR,49.21,72.98,88.19,23.76,opendata.reseaux-energies.fr,false,""
2024-12-12T09:00:00.000000,France,France,FR,45.87,69.24,88.7,25.02,opendata.reseaux-energies.fr,false,""
2024-12-12T10:00:00.000000,France,France,FR,43.37,66.55,89.34,26.31,opendata.reseaux-energies.fr,false,""
2024-12-12T11:00:00.000000,France,France,FR,43.04,66.48,89.4,26.56,opendata.reseaux-energies.fr,false,""
2024-12-12T12:00:00.000000,France,France,FR,43.06,66.55,89.36,26.1,opendata.reseaux-energies.fr,false,""
2024-12-12T13:00:00.000000,France,France,FR,43.12,66.34,89.37,24.88,opendata.reseaux-energies.fr,false,""
2024-12-12T14:00:00.000000,France,France,FR,45.07,68.32,88.93,23.62,opendata.reseaux-energies.fr,false,""
2024-12-12T15:00:00.000000,France,France,FR,47.02,70.22,88.44,22.12,opendata.reseaux-energies.fr,false,""
2024-12-12T16:00:00.000000,France,France,FR,46.99,70.05,88.51,21.77,opendata.reseaux-energies.fr,false,""
2024-12-12T17:00:00.000000,France,France,FR,47.27,70.48,88.55,22.92,opendata.reseaux-energies.fr,false,""
2024-12-12T18:00:00.000000,France,France,FR,46.25,69.21,88.67,23.73,opendata.reseaux-energies.fr,false,""
2024-12-12T19:00:00.000000,France,France,FR,43.93,66.2,89.06,23.19,opendata.reseaux-energies.fr,false,""
2024-12-12T20:00:00.000000,France,France,FR,43.39,65.44,89.23,22.25,opendata.reseaux-energies.fr,false,""
2024-12-12T21:00:00.000000,France,France,FR,45.09,67.62,88.83,20.94,opendata.reseaux-energies.fr,false,""
2024-12-12T22:00:00.000000,France,France,FR,48.5,72.01,88.02,20.01,opendata.reseaux-energies.fr,false,""
2024-12-12T23:00:00.000000,France,France,FR,47.74,71.04,88.21,18.89,opendata.reseaux-energies.fr,false,""
2024-12-13T00:00:00.000000,France,France,FR,48.48,72.0,88.03,17.94,opendata.reseaux-energies.fr,false,""
2024-12-13T01:00:00.000000,France,France,FR,49.5,73.33,87.76,17.31,opendata.reseaux-energies.fr,false,""
2024-12-13T02:00:00.000000,France,France,FR,49.39,73.29,87.76,17.11,opendata.reseaux-energies.fr,false,""
2024-12-13T03:00:00.000000,France,France,FR,48.67,72.46,87.96,17.42,opendata.reseaux-energies.fr,false,""
2024-12-13T04:00:00.000000,France,France,FR,49.38,73.4,87.72,17.97,opendata.reseaux-energies.fr,false,""
2024-12-13T05:00:00.000000,France,France,FR,49.79,73.95,87.55,18.96,opendata.reseaux-energies.fr,false,""
2024-12-13T06:00:00.000000,France,France,FR,48.48,72.08,87.91,21.09,opendata.reseaux-energies.fr,false,""
2024-12-13T07:00:00.000000,France,France,FR,44.81,67.1,88.84,22.42,opendata.reseaux-energies.fr,false,""
2024-12-13T08:00:00.000000,France,France,FR,44.95,67.39,88.84,23.11,opendata.reseaux-energies.fr,false,""
2024-12-13T09:00:00.000000,France,France,FR,46.33,69.45,88.52,23.89,opendata.reseaux-energies.fr,false,""
2024-12-13T10:00:00.000000,France,France,FR,53.14,78.49,87.55,24.13,opendata.reseaux-energies.fr,false,""
2024-12-13T11:00:00.000000,France,France,FR,53.01,78.7,87.58,24.53,opendata.reseaux-energies.fr,false,""
2024-12-13T12:00:00.000000,France,France,FR,53.57,79.44,87.45,24.0,opendata.reseaux-energies.fr,false,""
2024-12-13T13:00:00.000000,France,France,FR,54.23,80.02,87.31,22.9,opendata.reseaux-energies.fr,false,""
2024-12-13T14:00:00.000000,France,France,FR,53.98,79.38,87.32,21.76,opendata.reseaux-energies.fr,false,""
2024-12-13T15:00:00.000000,France,France,FR,50.37,74.36,87.71,20.53,opendata.reseaux-energies.fr,false,""
2024-12-13T16:00:00.000000,France,France,FR,48.36,71.71,88.1,20.46,opendata.reseaux-energies.fr,false,""
2024-12-13T17:00:00.000000,France,France,FR,46.45,69.35,88.42,21.31,opendata.reseaux-energies.fr,false,""
2024-12-13T18:00:00.000000,France,France,FR,46.87,69.86,88.35,21.23,opendata.reseaux-energies.fr,false,""
2024-12-13T19:00:00.000000,France,France,FR,46.83,69.78,88.39,20.24,opendata.reseaux-energies.fr,false,""
2024-12-13T20:00:00.000000,France,France,FR,48.53,71.88,88.05,18.58,opendata.reseaux-energies.fr,false,""
2024-12-13T21:00:00.000000,France,France,FR,50.31,74.19,87.64,17.56,opendata.reseaux-energies.fr,false,""
2024-12-13T22:00:00.000000,France,France,FR,50.1,73.93,87.74,17.54,opendata.reseaux-energies.fr,false,""
2024-12-13T23:00:00.000000,France,France,FR,45.71,68.25,88.88,17.66,opendata.reseaux-energies.fr,false,""
2024-12-14T00:00:00.000000,France,France,FR,43.9,65.83,89.4,17.26,opendata.reseaux-energies.fr,false,""
2024-12-14T01:00:00.000000,France,France,FR,38.71,58.97,90.92,16.8,opendata.reseaux-energies.fr,false,""
2024-12-14T02:00:00.000000,France,France,FR,32.62,51.06,92.55,15.71,opendata.reseaux-energies.fr,false,""
2024-12-14T03:00:00.000000,France,France,FR,28.53,45.84,93.58,15.22,opendata.reseaux-energies.fr,false,""
2024-12-14T04:00:00.000000,France,France,FR,25.04,42.09,94.04,15.15,opendata.reseaux-energies.fr,false,""
2024-12-14T05:00:00.000000,France,France,FR,23.94,41.39,93.96,15.97,opendata.reseaux-energies.fr,false,""
2024-12-14T06:00:00.000000,France,France,FR,26.73,45.19,93.13,16.88,opendata.reseaux-energies.fr,false,""
2024-12-14T07:00:00.000000,France,France,FR,31.84,51.91,91.63,18.32,opendata.reseaux-energies.fr,false,""
2024-12-14T08:00:00.000000,France,France,FR,31.51,51.48,91.74,20.28,opendata.reseaux-energies.fr,false,""
2024-12-14T09:00:00.000000,France,France,FR,28.8,48.3,92.37,21.72,opendata.reseaux-energies.fr,false,""
2024-12-14T10:00:00.000000,France,France,FR,26.91,46.19,92.81,22.71,opendata.reseaux-energies.fr,false,""
2024-12-14T11:00:00.000000,France,France,FR,28.4,48.37,92.44,23.36,opendata.reseaux-energies.fr,false,""
2024-12-14T12:00:00.000000,France,France,FR,28.23,48.13,92.46,23.48,opendata.reseaux-energies.fr,false,""
2024-12-14T13:00:00.000000,France,France,FR,27.28,46.8,92.73,22.27,opendata.reseaux-energies.fr,false,""
2024-12-14T14:00:00.000000,France,France,FR,27.72,47.1,92.63,21.06,opendata.reseaux-energies.fr,false,""
2024-12-14T15:00:00.000000,France,France,FR,27.62,46.64,92.64,21.18,opendata.reseaux-energies.fr,false,""
2024-12-14T16:00:00.000000,France,France,FR,28.34,47.36,92.48,22.08,opendata.reseaux-energies.fr,false,""
2024-12-14T17:00:00.000000,France,France,FR,29.07,48.23,92.36,23.25,opendata.reseaux-energies.fr,false,""
2024-12-14T18:00:00.000000,France,France,FR,29.51,48.84,92.26,23.3,opendata.reseaux-energies.fr,false,""
2024-12-14T19:00:00.000000,France,France,FR,27.82,46.44,92.99,22.58,opendata.reseaux-energies.fr,false,""
2024-12-14T20:00:00.000000,France,France,FR,22.31,39.23,94.57,21.89,opendata.reseaux-energies.fr,false,""
2024-12-14T21:00:00.000000,France,France,FR,21.59,38.34,94.76,21.6,opendata.reseaux-energies.fr,false,""
2024-12-14T22:00:00.000000,France,France,FR,22.27,39.24,94.63,21.12,opendata.reseaux-energies.fr,false,""
2024-12-14T23:00:00.000000,France,France,FR,20.76,37.15,95.24,20.47,opendata.reseaux-energies.fr,false,""
2024-12-15T00:00:00.000000,France,France,FR,16.73,32.05,96.29,19.6,opendata.reseaux-energies.fr,false,""
2024-12-15T01:00:00.000000,France,France,FR,14.16,28.97,96.64,18.75,opendata.reseaux-energies.fr,false,""
2024-12-15T02:00:00.000000,France,France,FR,12.77,27.37,96.82,17.87,opendata.reseaux-energies.fr,false,""
2024-12-15T03:00:00.000000,France,France,FR,12.81,27.5,96.79,17.56,opendata.reseaux-energies.fr,false,""
2024-12-15T04:00:00.000000,France,France,FR,12.77,27.56,96.76,18.64,opendata.reseaux-energies.fr,false,""
2024-12-15T05:00:00.000000,France,France,FR,13.53,28.61,96.58,19.64,opendata.reseaux-energies.fr,false,""
2024-12-15T06:00:00.000000,France,France,FR,13.6,28.63,96.58,19.95,opendata.reseaux-energies.fr,false,""
2024-12-15T07:00:00.000000,France,France,FR,14.53,29.6,96.52,20.23,opendata.reseaux-energies.fr,false,""
2024-12-15T08:00:00.000000,France,France,FR,15.44,30.71,96.54,21.86,opendata.reseaux-energies.fr,false,""
2024-12-15T09:00:00.000000,France,France,FR,14.7,30.36,96.71,24.61,opendata.reseaux-energies.fr,false,""
2024-12-15T10:00:00.000000,France,France,FR,13.25,29.3,96.94,27.27,opendata.reseaux-energies.fr,false,""
2024-12-15T11:00:00.000000,France,France,FR,13.88,30.55,96.85,29.48,opendata.reseaux-energies.fr,false,""
2024-12-15T12:00:00.000000,France,France,FR,12.65,29.1,97.06,29.52,opendata.reseaux-energies.fr,false,""
2024-12-15T13:00:00.000000,France,France,FR,12.01,28.08,97.13,28.07,opendata.reseaux-energies.fr,false,""
2024-12-15T14:00:00.000000,France,France,FR,12.89,28.69,96.99,26.59,opendata.reseaux-energies.fr,false,""
2024-12-15T15:00:00.000000,France,France,FR,14.56,30.05,96.69,24.89,opendata.reseaux-energies.fr,false,""
2024-12-15T16:00:00.000000,France,France,FR,15.1,30.19,96.61,24.67,opendata.reseaux-energies.fr,false,""
2024-12-15T17:00:00.000000,France,France,FR,14.37,29.09,96.75,25.73,opendata.reseaux-energies.fr,false,""
2024-12-15T18:00:00.000000,France,France,FR,14.44,29.09,96.77,26.64,opendata.reseaux-energies.fr,false,""
2024-12-15T19:00:00.000000,France,France,FR,14.01,28.61,96.84,26.18,opendata.reseaux-energies.fr,false,""
2024-12-15T20:00:00.000000,France,France,FR,14.29,29.06,96.77,25.31,opendata.reseaux-energies.fr,false,""
2024-12-15T21:00:00.000000,France,France,FR,13.94,28.73,96.79,24.32,opendata.reseaux-energies.fr,false,""
2024-12-15T22:00:00.000000,France,France,FR,14.65,29.96,96.58,25.26,opendata.reseaux-energies.fr,false,""
2024-12-15T23:00:00.000000,France,France,FR,15.58,31.51,96.3,26.49,opendata.reseaux-energies.fr,false,""
2024-12-16T00:00:00.000000,France,France,FR,17.88,34.79,95.86,27.9,opendata.reseaux-energies.fr,false,""
2024-12-16T01:00:00.000000,France,France,FR,18.79,36.07,95.69,27.93,opendata.reseaux-energies.fr,false,""
2024-12-16T02:00:00.000000,France,France,FR,18.16,35.36,95.78,27.45,opendata.reseaux-energies.fr,false,""
2024-12-16T03:00:00.000000,France,France,FR,16.17,32.78,96.04,25.86,opendata.reseaux-energies.fr,false,""
2024-12-16T04:00:00.000000,France,France,FR,16.11,32.52,96.08,25.15,opendata.reseaux-energies.fr,false,""
2024-12-16T05:00:00.000000,France,France,FR,14.75,30.4,96.36,23.69,opendata.reseaux-energies.fr,false,""
2024-12-16T06:00:00.000000,France,France,FR,14.82,30.08,96.39,23.5,opendata.reseaux-energies.fr,false,""
2024-12-16T07:00:00.000000,France,France,FR,18.53,33.86,95.94,24.35,opendata.reseaux-energies.fr,false,""
2024-12-16T08:00:00.000000,France,France,FR,20.86,36.52,95.5,24.39,opendata.reseaux-energies.fr,false,""
2024-12-16T09:00:00.000000,France,France,FR,21.81,38.09,95.41,25.5,opendata.reseaux-energies.fr,false,""
2024-12-16T10:00:00.000000,France,France,FR,20.93,37.49,95.58,26.46,opendata.reseaux-energies.fr,false,""
2024-12-16T11:00:00.000000,France,France,FR,21.21,38.28,95.51,27.31,opendata.reseaux-energies.fr,false,""
2024-12-16T12:00:00.000000,France,France,FR,19.67,36.65,95.65,26.75,opendata.reseaux-energies.fr,false,""
2024-12-16T13:00:00.000000,France,France,FR,20.15,37.02,95.52,24.82,opendata.reseaux-energies.fr,false,""
2024-12-16T14:00:00.000000,France,France,FR,21.46,37.89,95.3,22.37,opendata.reseaux-energies.fr,false,""
2024-12-16T15:00:00.000000,France,France,FR,24.39,40.84,94.68,20.63,opendata.reseaux-energies.fr,false,""
2024-12-16T16:00:00.000000,France,France,FR,25.19,41.56,94.39,20.63,opendata.reseaux-energies.fr,false,""
2024-12-16T17:00:00.000000,France,France,FR,28.02,45.06,93.89,22.76,opendata.reseaux-energies.fr,false,""
2024-12-16T18:00:00.000000,France,France,FR,29.46,47.0,93.62,23.69,opendata.reseaux-energies.fr,false,""
2024-12-16T19:00:00.000000,France,France,FR,26.82,43.65,94.1,22.26,opendata.reseaux-energies.fr,false,""
2024-12-16T20:00:00.000000,France,France,FR,25.45,41.74,94.52,19.93,opendata.reseaux-energies.fr,false,""
2024-12-16T21:00:00.000000,France,France,FR,25.84,42.13,94.63,18.88,opendata.reseaux-energies.fr,false,""
2024-12-16T22:00:00.000000,France,France,FR,25.38,41.6,94.69,18.4,opendata.reseaux-energies.fr,false,""
2024-12-16T23:00:00.000000,France,France,FR,21.39,36.62,95.64,16.62,opendata.reseaux-energies.fr,false,""
2024-12-17T00:00:00.000000,France,France,FR,20.41,35.54,95.84,15.34,opendata.reseaux-energies.fr,false,""
2024-12-17T01:00:00.000000,France,France,FR,19.25,34.13,95.97,14.39,opendata.reseaux-energies.fr,false,""
2024-12-17T02:00:00.000000,France,France,FR,18.96,33.71,96.03,13.75,opendata.reseaux-energies.fr,false,""
2024-12-17T03:00:00.000000,France,France,FR,17.52,31.92,96.27,13.37,opendata.reseaux-energies.fr,false,""
2024-12-17T04:00:00.000000,France,France,FR,18.93,33.62,96.03,14.19,opendata.reseaux-energies.fr,false,""
2024-12-17T05:00:00.000000,France,France,FR,24.7,40.8,94.79,15.84,opendata.reseaux-energies.fr,false,""
2024-12-17T06:00:00.000000,France,France,FR,29.06,46.85,93.29,18.75,opendata.reseaux-energies.fr,false,""
2024-12-17T07:00:00.000000,France,France,FR,31.09,49.96,92.36,20.88,opendata.reseaux-energies.fr,false,""
2024-12-17T08:00:00.000000,France,France,FR,31.29,50.01,92.4,21.77,opendata.reseaux-energies.fr,false,""
2024-12-17T09:00:00.000000,France,France,FR,31.72,50.95,92.33,23.51,opendata.reseaux-energies.fr,false,""
2024-12-17T10:00:00.000000,France,France,FR,29.04,48.32,92.81,24.44,opendata.reseaux-energies.fr,false,""
2024-12-17T11:00:00.000000,France,France,FR,28.61,48.0,92.99,25.14,opendata.reseaux-energies.fr,false,""
2024-12-17T12:00:00.000000,France,France,FR,27.95,47.31,93.09,25.16,opendata.reseaux-energies.fr,false,""
2024-12-17T13:00:00.000000,France,France,FR,31.71,51.61,92.34,24.12,opendata.reseaux-energies.fr,false,""
2024-12-17T14:00:00.000000,France,France,FR,33.91,54.01,91.77,23.18,opendata.reseaux-energies.fr,false,""
2024-12-17T15:00:00.000000,France,France,FR,35.68,55.72,91.37,22.52,opendata.reseaux-energies.fr,false,""
2024-12-17T16:00:00.000000,France,France,FR,34.95,54.4,91.57,22.96,opendata.reseaux-energies.fr,false,""
2024-12-17T17:00:00.000000,France,France,FR,35.12,54.69,91.51,24.89,opendata.reseaux-energies.fr,false,""
2024-12-17T18:00:00.000000,France,France,FR,35.64,55.56,91.34,26.27,opendata.reseaux-energies.fr,false,""
2024-12-17T19:00:00.000000,France,France,FR,34.63,54.21,91.63,25.63,opendata.reseaux-energies.fr,false,""
2024-12-17T20:00:00.000000,France,France,FR,28.09,45.93,93.41,25.73,opendata.reseaux-energies.fr,false,""
2024-12-17T21:00:00.000000,France,France,FR,20.31,36.63,95.15,26.24,opendata.reseaux-energies.fr,false,""
2024-12-17T22:00:00.000000,France,France,FR,17.26,33.48,95.56,26.31,opendata.reseaux-energies.fr,false,""
2024-12-17T23:00:00.000000,France,France,FR,13.53,28.85,96.52,26.91,opendata.reseaux-energies.fr,false,""
2024-12-18T00:00:00.000000,France,France,FR,11.69,26.52,97.04,27.97,opendata.reseaux-energies.fr,false,""
2024-12-18T01:00:00.000000,France,France,FR,11.67,26.58,97.03,28.12,opendata.reseaux-energies.fr,false,""
2024-12-18T02:00:00.000000,France,France,FR,11.94,27.13,96.97,29.61,opendata.reseaux-energies.fr,false,""
2024-12-18T03:00:00.000000,France,France,FR,11.47,26.38,97.09,29.69,opendata.reseaux-energies.fr,false,""
2024-12-18T04:00:00.000000,France,France,FR,11.64,26.55,97.05,30.24,opendata.reseaux-energies.fr,false,""
2024-12-18T05:00:00.000000,France,France,FR,12.03,26.9,96.92,30.03,opendata.reseaux-energies.fr,false,""
2024-12-18T06:00:00.000000,France,France,FR,11.54,26.21,97.05,30.37,opendata.reseaux-energies.fr,false,""
2024-12-18T07:00:00.000000,France,France,FR,10.81,24.96,97.24,31.15,opendata.reseaux-energies.fr,false,""
2024-12-18T08:00:00.000000,France,France,FR,11.93,26.43,96.92,31.41,opendata.reseaux-energies.fr,false,""
2024-12-18T09:00:00.000000,France,France,FR,11.25,26.05,97.1,33.51,opendata.reseaux-energies.fr,false,""
2024-12-18T10:00:00.000000,France,France,FR,10.68,25.82,97.25,34.16,opendata.reseaux-energies.fr,false,""
2024-12-18T11:00:00.000000,France,France,FR,10.16,25.45,97.4,34.59,opendata.reseaux-energies.fr,false,""
2024-12-18T12:00:00.000000,France,France,FR,10.41,25.86,97.33,34.64,opendata.reseaux-energies.fr,false,""
2024-12-18T13:00:00.000000,France,France,FR,10.78,26.16,97.23,33.47,opendata.reseaux-energies.fr,false,""
2024-12-18T14:00:00.000000,France,France,FR,11.36,26.56,97.08,31.44,opendata.reseaux-energies.fr,false,""
2024-12-18T15:00:00.000000,France,France,FR,11.92,26.75,96.92,29.84,opendata.reseaux-energies.fr,false,""
2024-12-18T16:00:00.000000,France,France,FR,11.1,25.36,97.15,30.09,opendata.reseaux-energies.fr,false,""
2024-12-18T17:00:00.000000,France,France,FR,10.43,24.44,97.34,30.93,opendata.reseaux-energies.fr,false,""
2024-12-18T18:00:00.000000,France,France,FR,10.82,24.95,97.23,31.73,opendata.reseaux-energies.fr,false,""
2024-12-18T19:00:00.000000,France,France,FR,10.6,24.74,97.28,31.91,opendata.reseaux-energies.fr,false,""
2024-12-18T20:00:00.000000,France,France,FR,10.39,24.55,97.34,31.83,opendata.reseaux-energies.fr,false,""
2024-12-18T21:00:00.000000,France,France,FR,10.06,24.15,97.43,32.02,opendata.reseaux-energies.fr,false,""
2024-12-18T22:00:00.000000,France,France,FR,10.07,24.18,97.43,32.09,opendata.reseaux-energies.fr,false,""
2024-12-18T23:00:00.000000,France,France,FR,9.84,24.06,97.53,33.49,opendata.reseaux-energies.fr,false,""
2024-12-19T00:00:00.000000,France,France,FR,9.58,23.95,97.57,34.82,opendata.reseaux-energies.fr,false,""
2024-12-19T01:00:00.000000,France,France,FR,9.96,24.58,97.49,35.75,opendata.reseaux-energies.fr,false,""
2024-12-19T02:00:00.000000,France,France,FR,10.11,24.97,97.45,36.43,opendata.reseaux-energies.fr,false,""
2024-12-19T03:00:00.000000,France,France,FR,10.16,25.11,97.43,36.49,opendata.reseaux-energies.fr,false,""
2024-12-19T04:00:00.000000,France,France,FR,10.44,25.46,97.36,36.25,opendata.reseaux-energies.fr,false,""
2024-12-19T05:00:00.000000,France,France,FR,10.77,25.57,97.27,34.79,opendata.reseaux-energies.fr,false,""
2024-12-19T06:00:00.000000,France,France,FR,10.57,24.77,97.29,31.77,opendata.reseaux-energies.fr,false,""
2024-12-19T07:00:00.000000,France,France,FR,9.55,23.29,97.56,32.08,opendata.reseaux-energies.fr,false,""
2024-12-19T08:00:00.000000,France,France,FR,9.58,23.33,97.55,32.5,opendata.reseaux-energies.fr,false,""
2024-12-19T09:00:00.000000,France,France,FR,9.62,23.61,97.56,33.25,opendata.reseaux-energies.fr,false,""
2024-12-19T10:00:00.000000,France,France,FR,9.48,23.76,97.61,33.76,opendata.reseaux-energies.fr,false,""
2024-12-19T11:00:00.000000,France,France,FR,9.33,23.97,97.64,35.22,opendata.reseaux-energies.fr,false,""
2024-12-19T12:00:00.000000,France,France,FR,9.38,24.21,97.62,36.3,opendata.reseaux-energies.fr,false,""
2024-12-19T13:00:00.000000,France,France,FR,9.49,24.31,97.59,35.74,opendata.reseaux-energies.fr,false,""
2024-12-19T14:00:00.000000,France,France,FR,9.74,24.34,97.53,34.52,opendata.reseaux-energies.fr,false,""
2024-12-19T15:00:00.000000,France,France,FR,9.94,24.05,97.48,32.36,opendata.reseaux-energies.fr,false,""
2024-12-19T16:00:00.000000,France,France,FR,9.98,23.71,97.47,31.54,opendata.reseaux-energies.fr,false,""
2024-12-19T17:00:00.000000,France,France,FR,9.98,23.68,97.47,31.91,opendata.reseaux-energies.fr,false,""
2024-12-19T18:00:00.000000,France,France,FR,10.48,24.23,97.37,31.58,opendata.reseaux-energies.fr,false,""
2024-12-19T19:00:00.000000,France,France,FR,10.19,23.85,97.46,29.88,opendata.reseaux-energies.fr,false,""
2024-12-19T20:00:00.000000,France,France,FR,10.43,24.23,97.39,28.45,opendata.reseaux-energies.fr,false,""
2024-12-19T21:00:00.000000,France,France,FR,11.47,25.65,97.16,27.75,opendata.reseaux-energies.fr,false,""
2024-12-19T22:00:00.000000,France,France,FR,14.56,29.59,96.63,27.89,opendata.reseaux-energies.fr,false,""
2024-12-19T23:00:00.000000,France,France,FR,15.7,31.07,96.45,27.68,opendata.reseaux-energies.fr,false,""
2024-12-20T00:00:00.000000,France,France,FR,16.15,31.77,96.44,27.59,opendata.reseaux-energies.fr,false,""
2024-12-20T01:00:00.000000,France,France,FR,17.55,33.5,96.22,27.66,opendata.reseaux-energies.fr,false,""
2024-12-20T02:00:00.000000,France,France,FR,16.67,32.47,96.31,26.55,opendata.reseaux-energies.fr,false,""
2024-12-20T03:00:00.000000,France,France,FR,13.35,28.28,96.81,24.2,opendata.reseaux-energies.fr,false,""
2024-12-20T04:00:00.000000,France,France,FR,12.67,27.39,96.91,22.74,opendata.reseaux-energies.fr,false,""
2024-12-20T05:00:00.000000,France,France,FR,13.04,27.95,96.77,23.3,opendata.reseaux-energies.fr,false,""
2024-12-20T06:00:00.000000,France,France,FR,12.91,27.42,96.79,24.56,opendata.reseaux-energies.fr,false,""
2024-12-20T07:00:00.000000,France,France,FR,16.11,30.99,96.34,26.81,opendata.reseaux-energies.fr,false,""
2024-12-20T08:00:00.000000,France,France,FR,25.55,43.36,95.08,27.22,opendata.reseaux-energies.fr,false,""
2024-12-20T09:00:00.000000,France,France,FR,20.79,38.06,95.81,28.85,opendata.reseaux-energies.fr,false,""
2024-12-20T10:00:00.000000,France,France,FR,12.64,28.48,96.96,29.29,opendata.reseaux-energies.fr,false,""
2024-12-20T11:00:00.000000,France,France,FR,13.62,30.28,96.7,29.55,opendata.reseaux-energies.fr,false,""
2024-12-20T12:00:00.000000,France,France,FR,11.87,28.16,96.98,29.82,opendata.reseaux-energies.fr,false,""
2024-12-20T13:00:00.000000,France,France,FR,10.78,26.47,97.22,29.62,opendata.reseaux-energies.fr,false,""
2024-12-20T14:00:00.000000,France,France,FR,10.9,25.98,97.19,28.76,opendata.reseaux-energies.fr,false,""
2024-12-20T15:00:00.000000,France,France,FR,10.76,25.06,97.24,28.54,opendata.reseaux-energies.fr,false,""
2024-12-20T16:00:00.000000,France,France,FR,10.62,24.47,97.28,29.39,opendata.reseaux-energies.fr,false,""
2024-12-20T17:00:00.000000,France,France,FR,11.48,25.58,97.11,31.05,opendata.reseaux-energies.fr,false,""
2024-12-20T18:00:00.000000,France,France,FR,11.46,25.66,97.12,31.92,opendata.reseaux-energies.fr,false,""
2024-12-20T19:00:00.000000,France,France,FR,10.88,25.01,97.26,31.25,opendata.reseaux-energies.fr,false,""
2024-12-20T20:00:00.000000,France,France,FR,10.78,24.96,97.28,30.43,opendata.reseaux-energies.fr,false,""
2024-12-20T21:00:00.000000,France,France,FR,10.92,25.21,97.25,30.0,opendata.reseaux-energies.fr,false,""
2024-12-20T22:00:00.000000,France,France,FR,11.39,25.85,97.15,29.3,opendata.reseaux-energies.fr,false,""
2024-12-20T23:00:00.000000,France,France,FR,12.36,27.18,97.04,28.63,opendata.reseaux-energies.fr,false,""
2024-12-21T00:00:00.000000,France,France,FR,14.12,29.64,96.84,28.29,opendata.reseaux-energies.fr,false,""
2024-12-21T01:00:00.000000,France,France,FR,12.14,27.31,96.95,28.36,opendata.reseaux-energies.fr,false,""
2024-12-21T02:00:00.000000,France,France,FR,12.89,28.51,96.73,28.62,opendata.reseaux-energies.fr,false,""
2024-12-21T03:00:00.000000,France,France,FR,12.77,28.36,96.75,27.91,opendata.reseaux-energies.fr,false,""
2024-12-21T04:00:00.000000,France,France,FR,13.59,29.43,96.55,27.59,opendata.reseaux-energies.fr,false,""
2024-12-21T05:00:00.000000,France,France,FR,13.24,28.85,96.63,26.55,opendata.reseaux-energies.fr,false,""
2024-12-21T06:00:00.000000,France,France,FR,12.98,28.31,96.71,25.71,opendata.reseaux-energies.fr,false,""
2024-12-21T07:00:00.000000,France,France,FR,12.71,27.88,96.79,26.61,opendata.reseaux-energies.fr,false,""
2024-12-21T08:00:00.000000,France,France,FR,12.09,27.2,96.98,27.58,opendata.reseaux-energies.fr,false,""
2024-12-21T09:00:00.000000,France,France,FR,11.02,26.21,97.27,29.3,opendata.reseaux-energies.fr,false,""
2024-12-21T10:00:00.000000,France,France,FR,9.98,25.32,97.51,31.35,opendata.reseaux-energies.fr,false,""
2024-12-21T11:00:00.000000,France,France,FR,10.12,25.73,97.49,33.32,opendata.reseaux-energies.fr,false,""
2024-12-21T12:00:00.000000,France,France,FR,9.66,25.24,97.59,34.62,opendata.reseaux-energies.fr,false,""
2024-12-21T13:00:00.000000,France,France,FR,9.42,24.71,97.61,34.51,opendata.reseaux-energies.fr,false,""
2024-12-21T14:00:00.000000,France,France,FR,9.46,24.38,97.6,33.94,opendata.reseaux-energies.fr,false,""
2024-12-21T15:00:00.000000,France,France,FR,9.56,24.17,97.58,33.91,opendata.reseaux-energies.fr,false,""
2024-12-21T16:00:00.000000,France,France,FR,9.46,23.85,97.6,34.56,opendata.reseaux-energies.fr,false,""
2024-12-21T17:00:00.000000,France,France,FR,9.41,23.75,97.61,35.62,opendata.reseaux-energies.fr,false,""
2024-12-21T18:00:00.000000,France,France,FR,10.72,25.43,97.28,35.52,opendata.reseaux-energies.fr,false,""
2024-12-21T19:00:00.000000,France,France,FR,11.12,26.2,97.18,36.51,opendata.reseaux-energies.fr,false,""
2024-12-21T20:00:00.000000,France,France,FR,11.23,26.56,97.15,37.27,opendata.reseaux-energies.fr,false,""
2024-12-21T21:00:00.000000,France,France,FR,12.11,27.81,96.92,37.61,opendata.reseaux-energies.fr,false,""
2024-12-21T22:00:00.000000,France,France,FR,13.06,29.09,96.68,38.09,opendata.reseaux-energies.fr,false,""
2024-12-21T23:00:00.000000,France,France,FR,13.53,29.96,96.61,40.12,opendata.reseaux-energies.fr,false,""
2024-12-22T00:00:00.000000,France,France,FR,13.83,30.61,96.55,41.49,opendata.reseaux-energies.fr,false,""
2024-12-22T01:00:00.000000,France,France,FR,13.49,30.31,96.63,41.52,opendata.reseaux-energies.fr,false,""
2024-12-22T02:00:00.000000,France,France,FR,13.34,30.27,96.65,42.73,opendata.reseaux-energies.fr,false,""
2024-12-22T03:00:00.000000,France,France,FR,13.66,30.83,96.56,43.31,opendata.reseaux-energies.fr,false,""
2024-12-22T04:00:00.000000,France,France,FR,13.72,30.95,96.54,43.99,opendata.reseaux-energies.fr,false,""
2024-12-22T05:00:00.000000,France,France,FR,13.45,30.43,96.61,43.31,opendata.reseaux-energies.fr,false,""
2024-12-22T06:00:00.000000,France,France,FR,13.47,30.12,96.56,42.1,opendata.reseaux-energies.fr,false,""
2024-12-22T07:00:00.000000,France,France,FR,12.2,28.01,96.89,39.64,opendata.reseaux-energies.fr,false,""
2024-12-22T08:00:00.000000,France,France,FR,11.88,27.53,96.97,38.98,opendata.reseaux-energies.fr,false,""
2024-12-22T09:00:00.000000,France,France,FR,10.61,25.9,97.3,38.51,opendata.reseaux-energies.fr,false,""
2024-12-22T10:00:00.000000,France,France,FR,10.73,26.31,97.34,39.43,opendata.reseaux-energies.fr,false,""
2024-12-22T11:00:00.000000,France,France,FR,10.92,26.82,97.35,40.55,opendata.reseaux-energies.fr,false,""
2024-12-22T12:00:00.000000,France,France,FR,11.06,27.05,97.31,40.24,opendata.reseaux-energies.fr,false,""
2024-12-22T13:00:00.000000,France,France,FR,11.3,27.29,97.25,39.77,opendata.reseaux-energies.fr,false,""
2024-12-22T14:00:00.000000,France,France,FR,11.34,27.11,97.22,38.11,opendata.reseaux-energies.fr,false,""
2024-12-22T15:00:00.000000,France,France,FR,11.31,26.56,97.22,35.6,opendata.reseaux-energies.fr,false,""
2024-12-22T16:00:00.000000,France,France,FR,11.84,26.69,97.1,33.68,opendata.reseaux-energies.fr,false,""
2024-12-22T17:00:00.000000,France,France,FR,11.53,26.01,97.17,33.24,opendata.reseaux-energies.fr,false,""
2024-12-22T18:00:00.000000,France,France,FR,11.16,25.57,97.25,34.17,opendata.reseaux-energies.fr,false,""
2024-12-22T19:00:00.000000,France,France,FR,10.17,24.34,97.44,33.32,opendata.reseaux-energies.fr,false,""
2024-12-22T20:00:00.000000,France,France,FR,10.01,24.23,97.46,32.88,opendata.reseaux-energies.fr,false,""
2024-12-22T21:00:00.000000,France,France,FR,10.19,24.61,97.41,33.23,opendata.reseaux-energies.fr,false,""
2024-12-22T22:00:00.000000,France,France,FR,12.01,27.01,96.91,33.23,opendata.reseaux-energies.fr,false,""
2024-12-22T23:00:00.000000,France,France,FR,11.87,26.89,96.96,34.18,opendata.reseaux-energies.fr,false,""
2024-12-23T00:00:00.000000,France,France,FR,9.8,24.26,97.52,34.34,opendata.reseaux-energies.fr,false,""
2024-12-23T01:00:00.000000,France,France,FR,10.22,24.85,97.45,35.24,opendata.reseaux-energies.fr,false,""
2024-12-23T02:00:00.000000,France,France,FR,11.2,26.34,97.23,36.87,opendata.reseaux-energies.fr,false,""
2024-12-23T03:00:00.000000,France,France,FR,11.76,27.25,97.1,38.25,opendata.reseaux-energies.fr,false,""
2024-12-23T04:00:00.000000,France,France,FR,11.86,27.27,97.05,37.49,opendata.reseaux-energies.fr,false,""
2024-12-23T05:00:00.000000,France,France,FR,11.54,26.42,97.1,34.92,opendata.reseaux-energies.fr,false,""
2024-12-23T06:00:00.000000,France,France,FR,11.51,26.07,97.13,33.16,opendata.reseaux-energies.fr,false,""
2024-12-23T07:00:00.000000,France,France,FR,11.6,25.95,97.11,32.61,opendata.reseaux-energies.fr,false,""
2024-12-23T08:00:00.000000,France,France,FR,12.3,26.83,96.99,32.87,opendata.reseaux-energies.fr,false,""
2024-12-23T09:00:00.000000,France,France,FR,12.39,27.5,97.02,33.83,opendata.reseaux-energies.fr,false,""
2024-12-23T10:00:00.000000,France,France,FR,12.43,28.14,97.01,34.38,opendata.reseaux-energies.fr,false,""
2024-12-23T11:00:00.000000,France,France,FR,11.71,27.58,97.13,34.06,opendata.reseaux-energies.fr,false,""
2024-12-23T12:00:00.000000,France,France,FR,11.52,27.34,97.15,33.24,opendata.reseaux-energies.fr,false,""
2024-12-23T13:00:00.000000,France,France,FR,12.24,28.01,97.05,31.76,opendata.reseaux-energies.fr,false,""
2024-12-23T14:00:00.000000,France,France,FR,12.35,27.74,97.01,29.98,opendata.reseaux-energies.fr,false,""
2024-12-23T15:00:00.000000,France,France,FR,12.99,28.01,96.83,28.15,opendata.reseaux-energies.fr,false,""
2024-12-23T16:00:00.000000,France,France,FR,14.67,29.74,96.43,27.72,opendata.reseaux-energies.fr,false,""
2024-12-23T17:00:00.000000,France,France,FR,16.15,31.49,96.1,28.59,opendata.reseaux-energies.fr,false,""
2024-12-23T18:00:00.000000,France,France,FR,16.03,31.35,96.12,28.69,opendata.reseaux-energies.fr,false,""
2024-12-23T19:00:00.000000,France,France,FR,14.9,29.96,96.35,26.63,opendata.reseaux-energies.fr,false,""
2024-12-23T20:00:00.000000,France,France,FR,13.35,28.02,96.64,24.59,opendata.reseaux-energies.fr,false,""
2024-12-23T21:00:00.000000,France,France,FR,14.07,28.91,96.47,23.62,opendata.reseaux-energies.fr,false,""
2024-12-23T22:00:00.000000,France,France,FR,15.28,30.56,96.23,23.82,opendata.reseaux-energies.fr,false,""
2024-12-23T23:00:00.000000,France,France,FR,15.02,30.26,96.3,22.69,opendata.reseaux-energies.fr,false,""
2024-12-24T00:00:00.000000,France,France,FR,14.62,29.77,96.39,21.33,opendata.reseaux-energies.fr,false,""
2024-12-24T01:00:00.000000,France,France,FR,15.15,30.44,96.28,20.97,opendata.reseaux-energies.fr,false,""
2024-12-24T02:00:00.000000,France,France,FR,15.57,31.09,96.23,21.53,opendata.reseaux-energies.fr,false,""
2024-12-24T03:00:00.000000,France,France,FR,14.88,30.25,96.4,21.58,opendata.reseaux-energies.fr,false,""
2024-12-24T04:00:00.000000,France,France,FR,14.63,29.91,96.43,21.29,opendata.reseaux-energies.fr,false,""
2024-12-24T05:00:00.000000,France,France,FR,14.14,29.16,96.54,20.65,opendata.reseaux-energies.fr,false,""
2024-12-24T06:00:00.000000,France,France,FR,13.92,28.78,96.6,21.24,opendata.reseaux-energies.fr,false,""
2024-12-24T07:00:00.000000,France,France,FR,13.15,27.67,96.75,22.07,opendata.reseaux-energies.fr,false,""
2024-12-24T08:00:00.000000,France,France,FR,12.11,26.51,97.04,24.74,opendata.reseaux-energies.fr,false,""
2024-12-24T09:00:00.000000,France,France,FR,11.79,26.63,97.15,27.5,opendata.reseaux-energies.fr,false,""
2024-12-24T10:00:00.000000,France,France,FR,11.57,26.86,97.21,28.06,opendata.reseaux-energies.fr,false,""
2024-12-24T11:00:00.000000,France,France,FR,11.63,27.21,97.2,28.45,opendata.reseaux-energies.fr,false,""
2024-12-24T12:00:00.000000,France,France,FR,11.53,27.1,97.21,28.52,opendata.reseaux-energies.fr,false,""
2024-12-24T13:00:00.000000,France,France,FR,11.94,27.45,97.13,27.73,opendata.reseaux-energies.fr,false,""
2024-12-24T14:00:00.000000,France,France,FR,13.15,28.65,96.78,26.8,opendata.reseaux-energies.fr,false,""
2024-12-24T15:00:00.000000,France,France,FR,13.05,28.1,96.82,25.09,opendata.reseaux-energies.fr,false,""
2024-12-24T16:00:00.000000,France,France,FR,13.78,28.62,96.63,24.06,opendata.reseaux-energies.fr,false,""
2024-12-24T17:00:00.000000,France,France,FR,11.88,26.12,97.03,23.2,opendata.reseaux-energies.fr,false,""
2024-12-24T18:00:00.000000,France,France,FR,14.09,28.92,96.7,21.97,opendata.reseaux-energies.fr,false,""
2024-12-24T19:00:00.000000,France,France,FR,12.16,26.73,96.93,21.24,opendata.reseaux-energies.fr,false,""
2024-12-24T20:00:00.000000,France,France,FR,11.67,26.13,97.03,20.1,opendata.reseaux-energies.fr,false,""
2024-12-24T21:00:00.000000,France,France,FR,12.41,27.05,96.88,19.31,opendata.reseaux-energies.fr,false,""
2024-12-24T22:00:00.000000,France,France,FR,14.86,30.16,96.33,19.71,opendata.reseaux-energies.fr,false,""
2024-12-24T23:00:00.000000,France,France,FR,14.2,29.3,96.44,19.13,opendata.reseaux-energies.fr,false,""
2024-12-25T00:00:00.000000,France,France,FR,12.71,27.41,96.76,17.25,opendata.reseaux-energies.fr,false,""
2024-12-25T01:00:00.000000,France,France,FR,12.4,26.91,96.86,15.95,opendata.reseaux-energies.fr,false,""
2024-12-25T02:00:00.000000,France,France,FR,11.8,26.25,97.0,15.26,opendata.reseaux-energies.fr,false,""
2024-12-25T03:00:00.000000,France,France,FR,12.3,27.24,96.87,16.11,opendata.reseaux-energies.fr,false,""
2024-12-25T04:00:00.000000,France,France,FR,13.21,28.69,96.63,16.9,opendata.reseaux-energies.fr,false,""
2024-12-25T05:00:00.000000,France,France,FR,13.01,28.31,96.68,16.82,opendata.reseaux-energies.fr,false,""
2024-12-25T06:00:00.000000,France,France,FR,11.45,25.84,97.1,15.99,opendata.reseaux-energies.fr,false,""
2024-12-25T07:00:00.000000,France,France,FR,11.32,25.53,97.14,16.21,opendata.reseaux-energies.fr,false,""
2024-12-25T08:00:00.000000,France,France,FR,15.35,30.93,96.22,18.47,opendata.reseaux-energies.fr,false,""
2024-12-25T09:00:00.000000,France,France,FR,15.45,31.77,96.25,21.77,opendata.reseaux-energies.fr,false,""
2024-12-25T10:00:00.000000,France,France,FR,13.61,29.94,96.74,24.05,opendata.reseaux-energies.fr,false,""
2024-12-25T11:00:00.000000,France,France,FR,12.59,28.96,96.94,25.07,opendata.reseaux-energies.fr,false,""
2024-12-25T12:00:00.000000,France,France,FR,12.62,28.97,96.92,24.24,opendata.reseaux-energies.fr,false,""
2024-12-25T13:00:00.000000,France,France,FR,12.92,29.24,96.84,23.04,opendata.reseaux-energies.fr,false,""
2024-12-25T14:00:00.000000,France,France,FR,13.4,29.41,96.74,21.86,opendata.reseaux-energies.fr,false,""
2024-12-25T15:00:00.000000,France,France,FR,14.12,29.58,96.54,19.79,opendata.reseaux-energies.fr,false,""
2024-12-25T16:00:00.000000,France,France,FR,12.2,26.53,96.92,19.97,opendata.reseaux-energies.fr,false,""
2024-12-25T17:00:00.000000,France,France,FR,11.45,25.49,97.08,21.59,opendata.reseaux-energies.fr,false,""
2024-12-25T18:00:00.000000,France,France,FR,11.32,25.33,97.11,21.78,opendata.reseaux-energies.fr,false,""
2024-12-25T19:00:00.000000,France,France,FR,11.23,25.23,97.14,21.41,opendata.reseaux-energies.fr,false,""
2024-12-25T20:00:00.000000,France,France,FR,11.24,25.25,97.14,20.41,opendata.reseaux-energies.fr,false,""
2024-12-25T21:00:00.000000,France,France,FR,11.39,25.45,97.1,19.88,opendata.reseaux-energies.fr,false,""
2024-12-25T22:00:00.000000,France,France,FR,11.45,25.6,97.08,19.09,opendata.reseaux-energies.fr,false,""
2024-12-25T23:00:00.000000,France,France,FR,11.55,25.82,97.06,18.58,opendata.reseaux-energies.fr,false,""
2024-12-26T00:00:00.000000,France,France,FR,11.11,25.26,97.18,17.45,opendata.reseaux-energies.fr,false,""
2024-12-26T01:00:00.000000,France,France,FR,11.06,25.23,97.19,17.48,opendata.reseaux-energies.fr,false,""
2024-12-26T02:00:00.000000,France,France,FR,10.97,25.07,97.22,17.63,opendata.reseaux-energies.fr,false,""
2024-12-26T03:00:00.000000,France,France,FR,11.06,25.21,97.19,17.16,opendata.reseaux-energies.fr,false,""
2024-12-26T04:00:00.000000,France,France,FR,10.98,25.08,97.22,17.07,opendata.reseaux-energies.fr,false,""
2024-12-26T05:00:00.000000,France,France,FR,10.81,24.7,97.26,17.18,opendata.reseaux-energies.fr,false,""
2024-12-26T06:00:00.000000,France,France,FR,10.76,24.47,97.26,17.68,opendata.reseaux-energies.fr,false,""
2024-12-26T07:00:00.000000,France,France,FR,10.6,24.22,97.3,18.57,opendata.reseaux-energies.fr,false,""
2024-12-26T08:00:00.000000,France,France,FR,10.32,23.93,97.38,20.05,opendata.reseaux-energies.fr,false,""
2024-12-26T09:00:00.000000,France,France,FR,9.8,23.74,97.51,22.49,opendata.reseaux-energies.fr,false,""
2024-12-26T10:00:00.000000,France,France,FR,9.82,24.28,97.51,23.69,opendata.reseaux-energies.fr,false,""
2024-12-26T11:00:00.000000,France,France,FR,9.86,24.78,97.5,24.85,opendata.reseaux-energies.fr,false,""
2024-12-26T12:00:00.000000,France,France,FR,10.97,26.52,97.22,25.4,opendata.reseaux-energies.fr,false,""
2024-12-26T13:00:00.000000,France,France,FR,11.97,27.74,96.91,24.6,opendata.reseaux-energies.fr,false,""
2024-12-26T14:00:00.000000,France,France,FR,15.62,31.9,95.92,22.6,opendata.reseaux-energies.fr,false,""
2024-12-26T15:00:00.000000,France,France,FR,19.4,36.03,94.88,21.79,opendata.reseaux-energies.fr,false,""
2024-12-26T16:00:00.000000,France,France,FR,21.04,37.67,94.43,21.76,opendata.reseaux-energies.fr,false,""
2024-12-26T17:00:00.000000,France,France,FR,20.99,37.56,94.44,22.57,opendata.reseaux-energies.fr,false,""
2024-12-26T18:00:00.000000,France,France,FR,20.76,37.26,94.5,23.22,opendata.reseaux-energies.fr,false,""
2024-12-26T19:00:00.000000,France,France,FR,20.69,37.19,94.52,23.44,opendata.reseaux-energies.fr,false,""
2024-12-26T20:00:00.000000,France,France,FR,20.88,37.52,94.46,22.8,opendata.reseaux-energies.fr,false,""
2024-12-26T21:00:00.000000,France,France,FR,20.99,37.69,94.43,22.06,opendata.reseaux-energies.fr,false,""
2024-12-26T22:00:00.000000,France,France,FR,20.49,37.07,94.57,21.39,opendata.reseaux-energies.fr,false,""
2024-12-26T23:00:00.000000,France,France,FR,14.3,29.06,96.28,20.59,opendata.reseaux-energies.fr,false,""
2024-12-27T00:00:00.000000,France,France,FR,12.27,26.44,96.84,18.29,opendata.reseaux-energies.fr,false,""
2024-12-27T01:00:00.000000,France,France,FR,12.45,26.65,96.8,17.66,opendata.reseaux-energies.fr,false,""
2024-12-27T02:00:00.000000,France,France,FR,12.83,27.16,96.7,16.84,opendata.reseaux-energies.fr,false,""
2024-12-27T03:00:00.000000,France,France,FR,13.61,28.16,96.48,16.39,opendata.reseaux-energies.fr,false,""
2024-12-27T04:00:00.000000,France,France,FR,14.82,29.69,96.15,16.48,opendata.reseaux-energies.fr,false,""
2024-12-27T05:00:00.000000,France,France,FR,18.44,34.39,95.15,17.16,opendata.reseaux-energies.fr,false,""
2024-12-27T06:00:00.000000,France,France,FR,26.93,45.63,92.82,18.95,opendata.reseaux-energies.fr,false,""
2024-12-27T07:00:00.000000,France,France,FR,26.72,45.1,92.85,20.78,opendata.reseaux-energies.fr,false,""
2024-12-27T08:00:00.000000,France,France,FR,26.14,44.54,93.01,22.41,opendata.reseaux-energies.fr,false,""
2024-12-27T09:00:00.000000,France,France,FR,25.31,43.98,93.23,24.03,opendata.reseaux-energies.fr,false,""
2024-12-27T10:00:00.000000,France,France,FR,24.25,43.16,93.52,24.94,opendata.reseaux-energies.fr,false,""
2024-12-27T11:00:00.000000,France,France,FR,23.28,42.34,93.79,25.26,opendata.reseaux-energies.fr,false,""
2024-12-27T12:00:00.000000,France,France,FR,23.42,42.7,93.75,24.88,opendata.reseaux-energies.fr,false,""
2024-12-27T13:00:00.000000,France,France,FR,24.41,43.81,93.5,23.36,opendata.reseaux-energies.fr,false,""
2024-12-27T14:00:00.000000,France,France,FR,27.63,47.48,92.68,21.51,opendata.reseaux-energies.fr,false,""
2024-12-27T15:00:00.000000,France,France,FR,30.5,50.54,91.84,19.61,opendata.reseaux-energies.fr,false,""
2024-12-27T16:00:00.000000,France,France,FR,32.22,52.27,91.34,19.97,opendata.reseaux-energies.fr,false,""
2024-12-27T17:00:00.000000,France,France,FR,32.48,52.67,91.27,21.56,opendata.reseaux-energies.fr,false,""
2024-12-27T18:00:00.000000,France,France,FR,32.04,52.1,91.39,21.71,opendata.reseaux-energies.fr,false,""
2024-12-27T19:00:00.000000,France,France,FR,32.2,52.21,91.35,20.77,opendata.reseaux-energies.fr,false,""
2024-12-27T20:00:00.000000,France,France,FR,32.89,53.08,91.15,20.17,opendata.reseaux-energies.fr,false,""
2024-12-27T21:00:00.000000,France,France,FR,33.6,54.04,90.95,19.23,opendata.reseaux-energies.fr,false,""
2024-12-27T22:00:00.000000,France,France,FR,33.76,54.26,90.91,18.44,opendata.reseaux-energies.fr,false,""
2024-12-27T23:00:00.000000,France,France,FR,30.45,49.92,91.83,17.83,opendata.reseaux-energies.fr,false,""
2024-12-28T00:00:00.000000,France,France,FR,27.6,46.3,92.62,17.01,opendata.reseaux-energies.fr,false,""
2024-12-28T01:00:00.000000,France,France,FR,23.62,41.09,93.72,16.22,opendata.reseaux-energies.fr,false,""
2024-12-28T02:00:00.000000,France,France,FR,23.49,40.91,93.76,15.2,opendata.reseaux-energies.fr,false,""
2024-12-28T03:00:00.000000,France,France,FR,22.75,39.9,93.96,14.86,opendata.reseaux-energies.fr,false,""
2024-12-28T04:00:00.000000,France,France,FR,22.57,39.7,94.0,15.09,opendata.reseaux-energies.fr,false,""
2024-12-28T05:00:00.000000,France,France,FR,24.32,41.96,93.51,15.71,opendata.reseaux-energies.fr,false,""
2024-12-28T06:00:00.000000,France,France,FR,28.5,47.55,92.37,17.2,opendata.reseaux-energies.fr,false,""
2024-12-28T07:00:00.000000,France,France,FR,28.95,48.2,92.25,19.3,opendata.reseaux-energies.fr,false,""
2024-12-28T08:00:00.000000,France,France,FR,26.84,45.53,92.84,21.89,opendata.reseaux-energies.fr,false,""
2024-12-28T09:00:00.000000,France,France,FR,32.73,53.77,92.2,23.52,opendata.reseaux-energies.fr,false,""
2024-12-28T10:00:00.000000,France,France,FR,34.47,56.69,91.8,24.54,opendata.reseaux-energies.fr,false,""
2024-12-28T11:00:00.000000,France,France,FR,32.17,54.24,92.02,25.01,opendata.reseaux-energies.fr,false,""
2024-12-28T12:00:00.000000,France,France,FR,29.48,50.9,92.41,24.56,opendata.reseaux-energies.fr,false,""
2024-12-28T13:00:00.000000,France,France,FR,27.7,48.34,92.57,23.64,opendata.reseaux-energies.fr,false,""
2024-12-28T14:00:00.000000,France,France,FR,34.41,56.41,91.4,21.98,opendata.reseaux-energies.fr,false,""
2024-12-28T15:00:00.000000,France,France,FR,40.43,63.38,90.4,20.01,opendata.reseaux-energies.fr,false,""
2024-12-28T16:00:00.000000,France,France,FR,39.54,61.7,90.54,19.69,opendata.reseaux-energies.fr,false,""
2024-12-28T17:00:00.000000,France,France,FR,36.38,57.67,90.9,20.61,opendata.reseaux-energies.fr,false,""
2024-12-28T18:00:00.000000,France,France,FR,35.91,57.04,91.03,20.82,opendata.reseaux-energies.fr,false,""
2024-12-28T19:00:00.000000,France,France,FR,37.06,58.46,90.77,20.31,opendata.reseaux-energies.fr,false,""
2024-12-28T20:00:00.000000,France,France,FR,37.29,58.88,90.53,19.35,opendata.reseaux-energies.fr,false,""
2024-12-28T21:00:00.000000,France,France,FR,35.89,57.15,90.49,17.94,opendata.reseaux-energies.fr,false,""
2024-12-28T22:00:00.000000,France,France,FR,36.69,58.28,90.4,17.88,opendata.reseaux-energies.fr,false,""
2024-12-28T23:00:00.000000,France,France,FR,29.96,49.45,91.99,17.56,opendata.reseaux-energies.fr,false,""
2024-12-29T00:00:00.000000,France,France,FR,20.56,37.24,94.58,17.35,opendata.reseaux-energies.fr,false,""
2024-12-29T01:00:00.000000,France,France,FR,14.82,29.68,96.22,16.59,opendata.reseaux-energies.fr,false,""
2024-12-29T02:00:00.000000,France,France,FR,13.47,28.06,96.53,15.97,opendata.reseaux-energies.fr,false,""
2024-12-29T03:00:00.000000,France,France,FR,15.1,30.46,96.1,15.61,opendata.reseaux-energies.fr,false,""
2024-12-29T04:00:00.000000,France,France,FR,17.32,33.66,95.5,15.84,opendata.reseaux-energies.fr,false,""
2024-12-29T05:00:00.000000,France,France,FR,17.79,34.29,95.38,15.99,opendata.reseaux-energies.fr,false,""
2024-12-29T06:00:00.000000,France,France,FR,17.23,33.3,95.54,16.14,opendata.reseaux-energies.fr,false,""
2024-12-29T07:00:00.000000,France,France,FR,16.62,32.55,95.69,18.0,opendata.reseaux-energies.fr,false,""
2024-12-29T08:00:00.000000,France,France,FR,16.71,32.67,95.65,18.87,opendata.reseaux-energies.fr,false,""
2024-12-29T09:00:00.000000,France,France,FR,14.94,30.76,96.12,21.11,opendata.reseaux-energies.fr,false,""
2024-12-29T10:00:00.000000,France,France,FR,13.31,29.1,96.55,22.84,opendata.reseaux-energies.fr,false,""
2024-12-29T11:00:00.000000,France,France,FR,14.47,30.96,96.3,24.57,opendata.reseaux-energies.fr,false,""
2024-12-29T12:00:00.000000,France,France,FR,14.36,30.86,96.33,24.24,opendata.reseaux-energies.fr,false,""
2024-12-29T13:00:00.000000,France,France,FR,14.87,31.35,96.15,22.41,opendata.reseaux-energies.fr,false,""
2024-12-29T14:00:00.000000,France,France,FR,17.87,34.75,95.37,20.79,opendata.reseaux-energies.fr,false,""
2024-12-29T15:00:00.000000,France,France,FR,21.59,38.91,94.33,19.16,opendata.reseaux-energies.fr,false,""
2024-12-29T16:00:00.000000,France,France,FR,24.72,42.56,93.48,18.7,opendata.reseaux-energies.fr,false,""
2024-12-29T17:00:00.000000,France,France,FR,27.33,45.67,93.13,20.59,opendata.reseaux-energies.fr,false,""
2024-12-29T18:00:00.000000,France,France,FR,30.31,49.19,92.73,21.34,opendata.reseaux-energies.fr,false,""
2024-12-29T19:00:00.000000,France,France,FR,27.83,45.98,93.34,20.54,opendata.reseaux-energies.fr,false,""
2024-12-29T20:00:00.000000,France,France,FR,27.36,45.46,93.41,18.86,opendata.reseaux-energies.fr,false,""
2024-12-29T21:00:00.000000,France,France,FR,29.66,48.29,93.03,17.79,opendata.reseaux-energies.fr,false,""
2024-12-29T22:00:00.000000,France,France,FR,29.46,48.1,93.21,18.16,opendata.reseaux-energies.fr,false,""
2024-12-29T23:00:00.000000,France,France,FR,21.93,39.1,94.82,19.14,opendata.reseaux-energies.fr,false,""
2024-12-30T00:00:00.000000,France,France,FR,17.2,33.07,96.03,19.08,opendata.reseaux-energies.fr,false,""
2024-12-30T01:00:00.000000,France,France,FR,17.45,33.28,96.1,18.32,opendata.reseaux-energies.fr,false,""
2024-12-30T02:00:00.000000,France,France,FR,14.98,30.42,96.39,16.35,opendata.reseaux-energies.fr,false,""
2024-12-30T03:00:00.000000,France,France,FR,14.85,30.17,96.42,15.83,opendata.reseaux-energies.fr,false,""
2024-12-30T04:00:00.000000,France,France,FR,16.37,32.0,96.17,16.19,opendata.reseaux-energies.fr,false,""
2024-12-30T05:00:00.000000,France,France,FR,20.17,36.57,95.64,18.21,opendata.reseaux-energies.fr,false,""
2024-12-30T06:00:00.000000,France,France,FR,21.45,38.32,95.2,20.0,opendata.reseaux-energies.fr,false,""
2024-12-30T07:00:00.000000,France,France,FR,25.77,43.62,94.18,21.04,opendata.reseaux-energies.fr,false,""
2024-12-30T08:00:00.000000,France,France,FR,27.2,45.23,93.89,22.1,opendata.reseaux-energies.fr,false,""
2024-12-30T09:00:00.000000,France,France,FR,26.99,45.08,94.08,23.34,opendata.reseaux-energies.fr,false,""
2024-12-30T10:00:00.000000,France,France,FR,25.83,43.91,94.36,24.49,opendata.reseaux-energies.fr,false,""
2024-12-30T11:00:00.000000,France,France,FR,26.4,44.95,94.3,25.22,opendata.reseaux-energies.fr,false,""
2024-12-30T12:00:00.000000,France,France,FR,33.19,53.63,93.49,24.48,opendata.reseaux-energies.fr,false,""
2024-12-30T13:00:00.000000,France,France,FR,33.5,53.82,93.39,22.84,opendata.reseaux-energies.fr,false,""
2024-12-30T14:00:00.000000,France,France,FR,30.25,49.53,93.56,21.37,opendata.reseaux-energies.fr,false,""
2024-12-30T15:00:00.000000,France,France,FR,32.55,52.43,92.69,20.19,opendata.reseaux-energies.fr,false,""
2024-12-30T16:00:00.000000,France,France,FR,38.26,59.64,91.23,21.0,opendata.reseaux-energies.fr,false,""
2024-12-30T17:00:00.000000,France,France,FR,42.16,64.11,90.69,22.47,opendata.reseaux-energies.fr,false,""
2024-12-30T18:00:00.000000,France,France,FR,42.23,64.31,90.63,22.83,opendata.reseaux-energies.fr,false,""
2024-12-30T19:00:00.000000,France,France,FR,42.01,64.42,90.67,21.27,opendata.reseaux-energies.fr,false,""
2024-12-30T20:00:00.000000,France,France,FR,33.99,54.3,91.4,20.62,opendata.reseaux-energies.fr,false,""
2024-12-30T21:00:00.000000,France,France,FR,34.79,55.37,91.3,20.97,opendata.reseaux-energies.fr,false,""
2024-12-30T22:00:00.000000,France,France,FR,35.02,55.75,91.31,21.38,opendata.reseaux-energies.fr,false,""
2024-12-30T23:00:00.000000,France,France,FR,29.83,49.5,92.25,21.09,opendata.reseaux-energies.fr,false,""
2024-12-31T00:00:00.000000,France,France,FR,22.57,40.06,94.28,20.85,opendata.reseaux-energies.fr,false,""
2024-12-31T01:00:00.000000,France,France,FR,18.25,34.52,95.41,20.68,opendata.reseaux-energies.fr,false,""
2024-12-31T02:00:00.000000,France,France,FR,18.06,34.31,95.47,19.76,opendata.reseaux-energies.fr,false,""
2024-12-31T03:00:00.000000,France,France,FR,17.75,33.89,95.57,19.25,opendata.reseaux-energies.fr,false,""
2024-12-31T04:00:00.000000,France,France,FR,18.32,34.57,95.41,19.24,opendata.reseaux-energies.fr,false,""
2024-12-31T05:00:00.000000,France,France,FR,18.62,34.95,95.33,20.41,opendata.reseaux-energies.fr,false,""
2024-12-31T06:00:00.000000,France,France,FR,19.97,36.69,94.96,22.51,opendata.reseaux-energies.fr,false,""
2024-12-31T07:00:00.000000,France,France,FR,22.77,40.27,94.18,24.1,opendata.reseaux-energies.fr,false,""
2024-12-31T08:00:00.000000,France,France,FR,22.76,40.45,94.18,25.2,opendata.reseaux-energies.fr,false,""
2024-12-31T09:00:00.000000,France,France,FR,21.75,39.54,94.41,26.57,opendata.reseaux-energies.fr,false,""
2024-12-31T10:00:00.000000,France,France,FR,20.88,38.68,94.86,27.86,opendata.reseaux-energies.fr,false,""
2024-12-31T11:00:00.000000,France,France,FR,19.86,37.61,95.26,29.01,opendata.reseaux-energies.fr,false,""
2024-12-31T12:00:00.000000,France,France,FR,17.64,34.82,95.65,28.29,opendata.reseaux-energies.fr,false,""
2024-12-31T13:00:00.000000,France,France,FR,15.73,32.33,96.0,27.37,opendata.reseaux-energies.fr,false,""
2024-12-31T14:00:00.000000,France,France,FR,16.14,32.6,95.87,26.17,opendata.reseaux-energies.fr,false,""
2024-12-31T15:00:00.000000,France,France,FR,15.84,31.7,95.97,24.57,opendata.reseaux-energies.fr,false,""
2024-12-31T16:00:00.000000,France,France,FR,16.66,32.39,95.78,24.53,opendata.reseaux-energies.fr,false,""
2024-12-31T17:00:00.000000,France,France,FR,15.25,30.52,96.17,26.5,opendata.reseaux-energies.fr,false,""
2024-12-31T18:00:00.000000,France,France,FR,14.88,30.07,96.33,26.66,opendata.reseaux-energies.fr,false,""
2024-12-31T19:00:00.000000,France,France,FR,15.06,30.43,96.27,26.02,opendata.reseaux-energies.fr,false,""
2024-12-31T20:00:00.000000,France,France,FR,14.34,29.66,96.43,25.84,opendata.reseaux-energies.fr,false,""
2024-12-31T21:00:00.000000,France,France,FR,14.36,29.71,96.41,25.88,opendata.reseaux-energies.fr,false,""
2024-12-31T22:00:00.000000,France,France,FR,14.93,30.44,96.24,26.29,opendata.reseaux-energies.fr,false,""
2024-12-31T23:00:00.000000,France,France,FR,16.27,31.44,95.95,28.13,opendata.reseaux-energies.fr,false,""
